{"D":0.0554044867,"MTD":0.0164973284,"M":0.0876064901,"YTD":1.3548850186,"Y":0.3591361894,"Start (yearly)":2.8770261873}