{"D":-0.0104925678,"MTD":-0.0804192963,"M":-0.1273615217,"YTD":-0.0804192963,"Y":-0.6977910762,"Start (yearly)":2.6841407149}