{"D":-0.0363816,"MTD":-0.1875493321,"M":-0.0265851272,"YTD":1.6946287819,"Y":0.2886956675,"Start (yearly)":2.8727637382}