{"D":0.0226961606,"MTD":0.5161981715,"M":0.5739347877,"YTD":1.1651994908,"Y":-0.0573645015,"Start (yearly)":2.8906794634}