{"D":-0.0027558528,"MTD":-0.1029602888,"M":-0.1267820118,"YTD":1.0191229448,"Y":0.1622257909,"Start (yearly)":2.6170878977}