{"D":0.0921441522,"MTD":0.6681081901,"M":0.7066951291,"YTD":1.3821338606,"Y":0.1957210313,"Start (yearly)":2.9114247708}