{"D":0.0081703392,"MTD":-0.0073403938,"M":0.1470781558,"YTD":-0.0073403938,"Y":-0.7352250858,"Start (yearly)":2.7409415196}