{"D":0.0250828389,"MTD":0.3013279855,"M":0.3841271493,"YTD":0.4412633062,"Y":-0.2373654939,"Start (yearly)":2.7676972835}