{"D":0.0110815518,"MTD":0.2919856196,"M":0.3308141878,"YTD":0.4309163303,"Y":-0.3636576314,"Start (yearly)":2.7521270173}