{"D":-0.0673417336,"MTD":0.3941049277,"M":0.4067254876,"YTD":0.9908448224,"Y":-0.1088651722,"Start (yearly)":2.8490196373}