{"D":-0.0133743614,"MTD":0.1997603267,"M":0.3258290316,"YTD":0.3287738021,"Y":-0.2775589459,"Start (yearly)":2.7420798265}