{"D":0.119384703,"MTD":0.1683531382,"M":0.0594321789,"YTD":2.1931525773,"Y":0.6798211093,"Start (yearly)":2.9251091004}