{"D":-0.0414743646,"MTD":0.4457152612,"M":0.4156946508,"YTD":1.0645467104,"Y":0.0154987403,"Start (yearly)":2.8568140816}