{"D":0.0001297555,"MTD":0.0158684134,"M":0.0818572271,"YTD":0.0438798451,"Y":-0.5310245067,"Start (yearly)":2.6712686838}