{"D":0.0243714483,"MTD":-0.1152451999,"M":0.2666639385,"YTD":1.9344375525,"Y":0.637576549,"Start (yearly)":2.9438984785}