{"D":0.0340529248,"MTD":0.1265885209,"M":0.1238387164,"YTD":0.6088193071,"Y":-0.3627831838,"Start (yearly)":2.7712458321}