{"D":-0.0212289893,"MTD":-0.028413554,"M":0.1227268459,"YTD":-0.028413554,"Y":-0.7368687551,"Start (yearly)":2.7299256522}