{"D":-0.1378833718,"MTD":-0.1378833718,"M":0.2342538788,"YTD":1.859354262,"Y":0.6532219223,"Start (yearly)":2.9341531214}