{"D":-0.0086634638,"MTD":0.2313336105,"M":0.2909081586,"YTD":0.3637422465,"Y":-0.3724158469,"Start (yearly)":2.7361951394}