{"D":0.0141344918,"MTD":0.2160238695,"M":0.3068573081,"YTD":0.3467862076,"Y":-0.2704570464,"Start (yearly)":2.7494202092}