{"D":-0.1283854839,"MTD":-0.2283543919,"M":0.0868012422,"YTD":1.5592919635,"Y":0.4811119024,"Start (yearly)":2.8617708194}