{"D":-0.0439156432,"MTD":0.5710234817,"M":0.5710234817,"YTD":1.2434925106,"Y":0.104050187,"Start (yearly)":2.8801706141}