{"D":-0.006111392,"MTD":0.0249947969,"M":0.0550675848,"YTD":1.8013488989,"Y":0.5451720377,"Start (yearly)":2.8358788176}