{"D":0.0185395384,"MTD":0.3167355523,"M":0.3520504257,"YTD":0.4583276903,"Y":-0.3974743879,"Start (yearly)":2.7540509718}