{"D":-0.0021084516,"MTD":-0.0144591741,"M":-0.1610366265,"YTD":-0.0898182508,"Y":-0.5574313418,"Start (yearly)":2.6659432628}