{"D":-0.0030958979,"MTD":0.0815298356,"M":0.181576066,"YTD":0.0815298356,"Y":-0.7333830995,"Start (yearly)":2.788619222}