{"D":-0.0075466755,"MTD":0.6525264595,"M":0.6907529594,"YTD":1.3598824454,"Y":0.1655841332,"Start (yearly)":2.9056407691}