{"D":0.0607907011,"MTD":0.3668521788,"M":0.4517733403,"YTD":2.1665402638,"Y":0.9201381205,"Start (yearly)":2.9893323708}