{"D":-0.056705665,"MTD":-0.1044499526,"M":0.3544739169,"YTD":1.0746905387,"Y":0.0039518311,"Start (yearly)":2.8381307749}