{"D":0.007358629,"MTD":0.2420944508,"M":0.3146954518,"YTD":0.3756602292,"Y":-0.3570414781,"Start (yearly)":2.7445527626}