{"D":0.0019703704,"MTD":0.0054360214,"M":-0.0173335658,"YTD":1.7478940383,"Y":0.595168087,"Start (yearly)":2.8339643579}