{"D":-0.0019449448,"MTD":-0.0913076828,"M":0.3665215248,"YTD":1.1051367914,"Y":0.0093303422,"Start (yearly)":2.841242202}