{"D":-0.0065430752,"MTD":0.0727868377,"M":-0.0070653144,"YTD":1.7883474634,"Y":0.5879159018,"Start (yearly)":2.8017486223}