{"D":0.0061089222,"MTD":0.0274972498,"M":0.1005541225,"YTD":1.8081881958,"Y":0.6414740342,"Start (yearly)":2.8524866705}