{"D":-0.0083150241,"MTD":-0.0168953069,"M":-0.2281835445,"YTD":1.2128443349,"Y":0.2478005865,"Start (yearly)":2.6812211305}