{"D":0.0077094243,"MTD":-0.1363921623,"M":-0.1363921623,"YTD":1.2446572226,"Y":0.2513854703,"Start (yearly)":2.6926520454}