{"D":-0.0025109368,"MTD":0.015736616,"M":0.0781757135,"YTD":0.0437444134,"Y":-0.5793286606,"Start (yearly)":2.67272395}