{"D":0.0202660434,"MTD":-0.1429991455,"M":-0.1919614839,"YTD":1.2274845987,"Y":0.2303854678,"Start (yearly)":2.6938765015}