{"D":0.0303183015,"MTD":0.2021357308,"M":0.1911106935,"YTD":0.7167041361,"Y":-0.2473696711,"Start (yearly)":2.7959825827}