{"D":0.0039968486,"MTD":0.277825332,"M":0.3396492488,"YTD":0.4152333487,"Y":-0.3620359531,"Start (yearly)":2.7489560657}