{"D":0.0302431744,"MTD":-0.0114500602,"M":-0.1922830761,"YTD":1.2251008966,"Y":0.2867469691,"Start (yearly)":2.6593797809}