{"D":-0.0632437525,"MTD":-0.0480929108,"M":-0.1184910414,"YTD":-0.7374687133,"Y":-0.726858519,"Start (yearly)":2.7867642203}