{"D":0.0016648024,"MTD":0.0150249097,"M":0.0721106997,"YTD":0.0430130827,"Y":-0.5838322732,"Start (yearly)":2.6754514416}