{"D":-0.0218905231,"MTD":0.0513619685,"M":-0.1491777257,"YTD":1.7326607438,"Y":0.6002395432,"Start (yearly)":2.8024815805}