{"D":-0.001709909,"MTD":0.1042744127,"M":0.0061672126,"YTD":1.8701887917,"Y":0.4398719987,"Start (yearly)":2.8321648591}