{"D":-0.0223465722,"MTD":-0.0585843084,"M":-0.0000970042,"YTD":1.572924096,"Y":0.3526106013,"Start (yearly)":2.7956702087}