{"D":0.018710449,"MTD":0.0778132166,"M":0.0778132166,"YTD":0.1075327067,"Y":-0.4034077445,"Start (yearly)":2.6737084047}