{"D":0.1060918667,"MTD":0.0264523606,"M":-0.0658045582,"YTD":-0.7169094946,"Y":-0.7524962185,"Start (yearly)":2.8290553186}