{"D":0.0301051983,"MTD":-0.207508817,"M":0.0395179432,"YTD":1.6284298058,"Y":0.4422621038,"Start (yearly)":2.8716315788}