{"D":0.0006057394,"MTD":0.2927682262,"M":0.3215,"YTD":0.4317830927,"Y":-0.4045339287,"Start (yearly)":2.7508357014}