{"D":-0.0113901573,"MTD":0.1429786485,"M":0.1029320202,"YTD":0.0555811371,"Y":-0.6281982123,"Start (yearly)":2.7081215836}