{"D":-0.0128016243,"MTD":-0.0404693141,"M":-0.2150015752,"YTD":1.159782226,"Y":0.246786753,"Start (yearly)":2.6518213145}