{"D":0.0033282982,"MTD":0.0330020824,"M":0.0323217955,"YTD":0.0614859557,"Y":-0.4981225527,"Start (yearly)":2.6603030822}