{"D":0.0177939593,"MTD":0.0463663442,"M":0.0255509339,"YTD":0.0752187221,"Y":-0.5207666846,"Start (yearly)":2.6777682293}