{"D":-0.002980774,"MTD":0.0580172391,"M":0.0580172391,"YTD":0.0871908773,"Y":-0.4352026797,"Start (yearly)":2.6673890514}