{"D":0.0118998527,"MTD":-0.0694764214,"M":-0.1169772523,"YTD":-0.0694764214,"Y":-0.6601056995,"Start (yearly)":2.6877046313}