{"D":-0.0079480361,"MTD":-0.1174464693,"M":-0.1861487737,"YTD":1.2939001598,"Y":0.3160606061,"Start (yearly)":2.7085850621}