{"D":-0.0316628834,"MTD":0.0008014633,"M":-0.1814874802,"YTD":1.2526775265,"Y":0.3522804767,"Start (yearly)":2.6783785471}