{"D":-0.031092662,"MTD":0.0575068106,"M":0.2305782313,"YTD":1.4498903004,"Y":0.3416962795,"Start (yearly)":2.8877785595}