{"D":0.050827146,"MTD":0.016173729,"M":-0.0589772303,"YTD":-0.7197442906,"Y":-0.7048218848,"Start (yearly)":2.8178362125}