{"D":-0.0040137154,"MTD":0.6473388718,"M":0.6867547097,"YTD":1.3524743357,"Y":0.1747702531,"Start (yearly)":2.9026143617}