{"D":-0.0014213893,"MTD":0.1126525106,"M":0.1057126202,"YTD":0.0275738779,"Y":-0.6329070706,"Start (yearly)":2.6858205733}