{"D":0.0342580052,"MTD":0.6222639505,"M":0.6222639505,"YTD":1.3166662152,"Y":0.1357603664,"Start (yearly)":2.8926019481}