{"D":-0.0510013973,"MTD":-0.1787171865,"M":-0.4792332268,"YTD":-0.7734942452,"Y":-0.799838155,"Start (yearly)":2.7402931646}