{"D":0.0024418488,"MTD":0.0496612805,"M":0.0105570359,"YTD":0.0786045126,"Y":-0.5435978323,"Start (yearly)":2.6730613761}