{"D":0.0115150771,"MTD":-0.1929393731,"M":-0.1600326389,"YTD":1.676751808,"Y":0.2102509182,"Start (yearly)":2.8667299536}