{"D":0.0233781377,"MTD":-0.0661939225,"M":0.3904509053,"YTD":1.1633169913,"Y":0.0470965634,"Start (yearly)":2.8514403731}