{"D":-0.0576650386,"MTD":-0.0959338943,"M":-0.0482934203,"YTD":-0.7506630209,"Y":-0.7672255373,"Start (yearly)":2.7604772282}