{"D":-0.0150577334,"MTD":0.3309692093,"M":0.3666658296,"YTD":0.474091931,"Y":-0.3866990105,"Start (yearly)":2.7555526855}