{"D":0.0763170002,"MTD":0.0940733552,"M":0.2731292517,"YTD":1.5346027791,"Y":0.438929104,"Start (yearly)":2.904249934}