{"D":0.0262630015,"MTD":0.3513169801,"M":0.387559328,"YTD":0.4966277526,"Y":-0.4277618182,"Start (yearly)":2.7636104887}