{"D":0.0032320077,"MTD":0.004801444,"M":-0.1963135858,"YTD":1.2616809773,"Y":0.2846,"Start (yearly)":2.6928133177}