{"D":0.0103698774,"MTD":-0.0129743493,"M":0.0405482581,"YTD":-0.0129743493,"Y":-0.6735556868,"Start (yearly)":2.7336798849}