{"D":0.0261129024,"MTD":0.1109804377,"M":0.0122774534,"YTD":1.8876188412,"Y":0.4692190019,"Start (yearly)":2.8362505519}