{"D":0.0146675359,"MTD":-0.0900747115,"M":0.3762157383,"YTD":1.1079931742,"Y":0.0157547987,"Start (yearly)":2.8434214814}