{"D":-0.0003104683,"MTD":-0.0119314079,"M":-0.2093548387,"YTD":1.2240174436,"Y":0.2421860817,"Start (yearly)":2.6775391359}