{"D":-0.0175762911,"MTD":-0.1565223963,"M":-0.4715250813,"YTD":-0.7673730313,"Y":-0.7999040273,"Start (yearly)":2.7554042023}