{"D":0.0117613878,"MTD":-0.0489838029,"M":0.0001822505,"YTD":1.5991626344,"Y":0.3741531025,"Start (yearly)":2.7983733348}