{"D":-0.0061783339,"MTD":0.1133857344,"M":0.0663183618,"YTD":0.0282510361,"Y":-0.6323827047,"Start (yearly)":2.6891595879}