{"D":-0.0314045528,"MTD":-0.0314045528,"M":0.4649513705,"YTD":1.2439123487,"Y":0.0838700043,"Start (yearly)":2.8737705409}