{"D":0.0002851888,"MTD":0.0340854392,"M":-0.1487195998,"YTD":1.327595547,"Y":0.3158640227,"Start (yearly)":2.6928588535}