{"D":-0.0941023526,"MTD":-0.0185270457,"M":0.0632335681,"YTD":-0.0185270457,"Y":-0.7571297711,"Start (yearly)":2.7423148682}