{"D":-0.0668232477,"MTD":0.0041030317,"M":-0.1251645395,"YTD":1.7442509277,"Y":0.6349567519,"Start (yearly)":2.8458530478}