{"D":0.0336259633,"MTD":0.2727383893,"M":0.3343161889,"YTD":0.4095993933,"Y":-0.3430518619,"Start (yearly)":2.7487971702}