{"D":-0.0622261537,"MTD":-0.0736071338,"M":0.4320069685,"YTD":2.072537176,"Y":0.7784853429,"Start (yearly)":2.9492465996}