{"D":-0.044889116,"MTD":-0.0366349194,"M":-0.0083703137,"YTD":1.6329125924,"Y":0.3735851456,"Start (yearly)":2.806802247}