{"D":0.0220462247,"MTD":0.5273699784,"M":0.4796589614,"YTD":1.1811533357,"Y":0.0772190437,"Start (yearly)":2.877582925}