{"D":0.0983858091,"MTD":0.431655345,"M":0.4042046536,"YTD":2.3166675695,"Y":0.9737588889,"Start (yearly)":3.0049441196}