{"D":0.0461824627,"MTD":-0.1709096225,"M":0.1180056164,"YTD":1.7498171673,"Y":0.3815959399,"Start (yearly)":2.8894905688}