{"D":0.0345049265,"MTD":0.49559956,"M":0.427064104,"YTD":1.1357837428,"Y":0.0396005349,"Start (yearly)":2.8700074159}