{"D":-0.0128804599,"MTD":-0.074395819,"M":0.2490888149,"YTD":1.1443159349,"Y":0.2073619817,"Start (yearly)":2.8412496228}