{"D":-0.0038616562,"MTD":0.0780596075,"M":-0.1275724683,"YTD":1.8020522495,"Y":0.6169964831,"Start (yearly)":2.8144411685}