{"D":-0.0362630263,"MTD":-0.0706682196,"M":-0.1181082123,"YTD":-0.0706682196,"Y":-0.6910178186,"Start (yearly)":2.6902387617}