{"D":0.0261605106,"MTD":0.0865645771,"M":-0.0841245674,"YTD":1.8241580487,"Y":0.6498946277,"Start (yearly)":2.8131343575}