{"D":0.0356589669,"MTD":0.1667615037,"M":0.1850581799,"YTD":0.6661881416,"Y":-0.3189492524,"Start (yearly)":2.7847077975}