{"D":-0.0199693252,"MTD":-0.19511765,"M":-0.4295738185,"YTD":-0.7780174122,"Y":-0.8059923839,"Start (yearly)":2.7297350168}