{"D":0.073968772,"MTD":0.477317635,"M":0.569101905,"YTD":2.4224518541,"Y":1.0573485884,"Start (yearly)":3.0224420431}