{"D":0.0111364861,"MTD":0.1557074144,"M":0.1019911628,"YTD":0.0673366017,"Y":-0.5998663666,"Start (yearly)":2.7113492698}