{"D":0.0272780627,"MTD":0.061180378,"M":0.0596720276,"YTD":0.0904412362,"Y":-0.4942322387,"Start (yearly)":2.6701496773}