{"D":0.047055476,"MTD":0.0758466219,"M":0.030393348,"YTD":1.940328828,"Y":0.6474534086,"Start (yearly)":2.8673041159}