{"D":-0.003273643,"MTD":0.0447853121,"M":-0.0279687841,"YTD":-0.0351038761,"Y":-0.6244533704,"Start (yearly)":2.6802704567}