{"D":-0.0031361129,"MTD":-0.0356997752,"M":-0.0578007146,"YTD":-0.0356997752,"Y":-0.6814476217,"Start (yearly)":2.7109194988}