{"D":0.0099518233,"MTD":0.0894882592,"M":0.1401123439,"YTD":0.5558384572,"Y":-0.375389422,"Start (yearly)":2.758485628}