{"D":0.0209401772,"MTD":-0.054208303,"M":0.4173338514,"YTD":2.1368766489,"Y":0.8177677829,"Start (yearly)":2.9567069182}