{"D":-0.0012953876,"MTD":0.0605419592,"M":-0.0183987538,"YTD":1.7565210325,"Y":0.6075823395,"Start (yearly)":2.7939694271}