{"D":-0.0037428151,"MTD":0.1818316964,"M":-0.0303463978,"YTD":2.2299899781,"Y":0.9000940104,"Start (yearly)":2.925212694}