{"D":-0.0204011732,"MTD":0.0062486992,"M":0.0357714869,"YTD":1.7501151169,"Y":0.4695542047,"Start (yearly)":2.8265726091}