{"D":-0.0181009516,"MTD":-0.0289951865,"M":-0.2066187156,"YTD":1.185609036,"Y":0.2589007114,"Start (yearly)":2.6509161525}