{"D":0.007860262,"MTD":-0.0406106716,"M":0.021759545,"YTD":-0.7354051486,"Y":-0.7583101834,"Start (yearly)":2.7886405441}