{"D":-0.010116727,"MTD":0.0598809129,"M":-0.054781485,"YTD":1.7548028657,"Y":0.5668068616,"Start (yearly)":2.790695602}