{"D":0.0125298217,"MTD":0.0223436137,"M":0.0993493647,"YTD":0.4599528698,"Y":-0.4468981166,"Start (yearly)":2.7390955595}