{"D":0.0490264187,"MTD":0.2925481181,"M":0.3747886481,"YTD":0.4315393158,"Y":-0.2359480936,"Start (yearly)":2.7679103625}