{"D":0.0850199024,"MTD":0.1352358048,"M":0.0715630364,"YTD":0.0484303475,"Y":-0.6200998741,"Start (yearly)":2.709833522}