{"D":0.0269890128,"MTD":0.2321406735,"M":0.3103331686,"YTD":0.3646360952,"Y":-0.2406621833,"Start (yearly)":2.7519708101}