{"D":0.0112329684,"MTD":0.0704316526,"M":-0.0595231555,"YTD":1.7822259541,"Y":0.6069366875,"Start (yearly)":2.7962981456}