{"D":0.0032201937,"MTD":0.0182934866,"M":0.0764022402,"YTD":0.0463717869,"Y":-0.5774407732,"Start (yearly)":2.6753033221}