{"D":0.0119997736,"MTD":-0.0314472223,"M":-0.068438192,"YTD":-0.0314472223,"Y":-0.6693519301,"Start (yearly)":2.717532832}