{"D":0.0778799512,"MTD":0.0622946973,"M":-0.0928898795,"YTD":-0.0189333406,"Y":-0.5615378605,"Start (yearly)":2.6966419844}