{"D":-0.0178426141,"MTD":0.2694856807,"M":0.3502588248,"YTD":0.4059969122,"Y":-0.2445426788,"Start (yearly)":2.7585849987}