{"D":-0.0007795751,"MTD":0.0525868137,"M":-0.0127094165,"YTD":-0.0278989138,"Y":-0.5972627707,"Start (yearly)":2.6865288172}