{"D":-0.019135632,"MTD":0.0295753486,"M":0.0225404471,"YTD":0.0579647336,"Y":-0.5628441506,"Start (yearly)":2.6603998424}