{"D":-0.0018684284,"MTD":-0.0912497014,"M":0.4289620269,"YTD":2.0140226442,"Y":0.705045846,"Start (yearly)":2.9507153078}