{"D":-0.0148061804,"MTD":0.0471044099,"M":0.01932206,"YTD":0.0759771391,"Y":-0.554231382,"Start (yearly)":2.673536735}