{"D":-0.0055092567,"MTD":-0.0367832281,"M":-0.0735704051,"YTD":-0.0367832281,"Y":-0.6724972821,"Start (yearly)":2.7135572353}