{"D":0.0039519228,"MTD":-0.0720008062,"M":-0.2230658905,"YTD":-0.7440623931,"Y":-0.7897932418,"Start (yearly)":2.7851631979}