{"D":-0.0095331215,"MTD":-0.1396188016,"M":0.1356134999,"YTD":1.8535984182,"Y":0.4299888639,"Start (yearly)":2.9039082342}