{"D":0.0032013247,"MTD":-0.0153850321,"M":0.0857202593,"YTD":-0.0153850321,"Y":-0.7268497355,"Start (yearly)":2.74213109}