{"D":0.017303212,"MTD":0.0526287278,"M":-0.0209603467,"YTD":0.0526287278,"Y":-0.7366025631,"Start (yearly)":2.7862904765}