{"D":-0.0075100425,"MTD":-0.076464693,"M":-0.076464693,"YTD":-0.076464693,"Y":-0.6666034475,"Start (yearly)":2.6829124328}