{"D":-0.0001842247,"MTD":0.1028675543,"M":-0.1031094274,"YTD":1.8665321379,"Y":0.5827101965,"Start (yearly)":2.8300885454}