{"D":-0.0436745665,"MTD":0.0789784046,"M":-0.0599285734,"YTD":1.9488881064,"Y":0.74192,"Start (yearly)":2.8780249549}