{"D":-0.0538837811,"MTD":-0.0693051847,"M":-0.4232972728,"YTD":-0.7433189539,"Y":-0.6833582868,"Start (yearly)":2.8095717023}