{"D":0.005729443,"MTD":0.0787527029,"M":0.12887795,"YTD":0.5405075977,"Y":-0.4223585681,"Start (yearly)":2.7558068862}