{"D":-0.0198307416,"MTD":-0.0369925499,"M":-0.2200658919,"YTD":1.1676079823,"Y":0.2387146167,"Start (yearly)":2.6560510855}