{"D":0.0491651206,"MTD":0.0726072607,"M":0.1373235188,"YTD":0.5317316287,"Y":-0.4169868896,"Start (yearly)":2.7580088838}