{"D":-0.0055566219,"MTD":0.0798523932,"M":-0.0455834945,"YTD":1.8067119911,"Y":0.597339335,"Start (yearly)":2.8090319669}