{"D":0.0494895966,"MTD":0.0342839952,"M":-0.166716758,"YTD":1.3280424714,"Y":0.3052041731,"Start (yearly)":2.6943666693}