{"D":0.0042743455,"MTD":-0.0326661069,"M":-0.114612257,"YTD":-0.0326661069,"Y":-0.687523501,"Start (yearly)":2.7138504765}