{"D":-0.0274923121,"MTD":-0.0246724833,"M":0.0838337385,"YTD":0.0022210786,"Y":-0.6649407082,"Start (yearly)":2.669092281}