{"D":0.2332633838,"MTD":0.4825499791,"M":0.5390052768,"YTD":1.1171483518,"Y":-0.0789909265,"Start (yearly)":2.8824330269}