{"D":-0.0219160702,"MTD":-0.0166666667,"M":-0.2114050241,"YTD":1.2133589751,"Y":0.2691620719,"Start (yearly)":2.6657238913}