{"D":-0.0361198685,"MTD":0.1271840715,"M":0.0221011421,"YTD":2.0806359869,"Y":0.6398344796,"Start (yearly)":2.9079773611}