{"D":0.0839843884,"MTD":0.0839843884,"M":-0.0123201823,"YTD":1.8174517186,"Y":0.4826178055,"Start (yearly)":2.8274718181}