{"D":0.1640506159,"MTD":0.0405716005,"M":0.0246652447,"YTD":1.3421950757,"Y":0.35259659,"Start (yearly)":2.674037011}