{"D":0.0138628122,"MTD":0.1561473487,"M":0.0913016998,"YTD":0.0677428966,"Y":-0.6498001493,"Start (yearly)":2.714614}