{"D":-0.0256548814,"MTD":0.0256236626,"M":-0.0120541655,"YTD":0.0256236626,"Y":-0.7501751726,"Start (yearly)":2.7730632985}