{"D":0.0039530686,"MTD":0.0039530686,"M":-0.1305771476,"YTD":1.2597713914,"Y":0.2693378572,"Start (yearly)":2.6939088866}