{"D":0.0305914564,"MTD":0.1178547627,"M":0.1943660212,"YTD":1.5896963623,"Y":0.4226174592,"Start (yearly)":2.9087638367}