{"D":0.0442498342,"MTD":0.1859000406,"M":0.0753432528,"YTD":2.2411089141,"Y":0.7812155765,"Start (yearly)":2.9283249163}