{"D":0.0084928831,"MTD":-0.1414319545,"M":-0.4620702718,"YTD":-0.7632111618,"Y":-0.787631933,"Start (yearly)":2.7649608974}