{"D":0.1051928047,"MTD":0.0043442913,"M":0.5398002942,"YTD":2.3310761397,"Y":0.8197475991,"Start (yearly)":2.9899588988}