{"D":-0.0700538668,"MTD":-0.1345039553,"M":-0.4674716724,"YTD":-0.7613004537,"Y":-0.7501376461,"Start (yearly)":2.7750943509}