{"D":0.0891156463,"MTD":0.5183414893,"M":0.5143776012,"YTD":1.1682602454,"Y":-0.029607603,"Start (yearly)":2.8814929701}