{"D":0.0017531118,"MTD":0.0834258783,"M":0.183647501,"YTD":0.0834258783,"Y":-0.7235442513,"Start (yearly)":2.7877730348}