{"D":0.0054641762,"MTD":-0.0231046345,"M":0.1288616232,"YTD":-0.0231046345,"Y":-0.6803365271,"Start (yearly)":2.7307350944}