{"D":-0.0061971902,"MTD":-0.2013253024,"M":-0.1126058536,"YTD":1.648938468,"Y":0.1652945971,"Start (yearly)":2.8638410768}