{"D":0.0045695539,"MTD":0.0058364618,"M":-0.103093862,"YTD":-0.0710745145,"Y":-0.5056277338,"Start (yearly)":2.6777404936}