{"D":0.008025,"MTD":0.0628410259,"M":0.0228564181,"YTD":0.0921476746,"Y":-0.548006827,"Start (yearly)":2.6813692166}