{"D":0.0260147546,"MTD":-0.1345795334,"M":-0.4570827999,"YTD":-0.7613212978,"Y":-0.7989217966,"Start (yearly)":2.7652699707}