{"D":0.0294266165,"MTD":-0.0465806919,"M":0.2866249073,"YTD":1.2087543,"Y":0.292225691,"Start (yearly)":2.8524466999}