{"D":0.0007639218,"MTD":0.114236274,"M":0.0671329457,"YTD":0.0290365395,"Y":-0.6414170711,"Start (yearly)":2.6879568429}