{"D":0.0000813848,"MTD":-0.0661179249,"M":0.2602597075,"YTD":1.1634930524,"Y":0.0630462614,"Start (yearly)":2.8466860324}