{"D":-0.0041516899,"MTD":0.0482167996,"M":-0.0168083409,"YTD":-0.0319347761,"Y":-0.5817285565,"Start (yearly)":2.6832081482}