{"D":0.184905022,"MTD":0.199075546,"M":0.2886429942,"YTD":0.328015385,"Y":-0.3405027868,"Start (yearly)":2.7449395193}