{"D":0.0073531262,"MTD":-0.009666414,"M":-0.2075424073,"YTD":1.2291156586,"Y":0.2506910381,"Start (yearly)":2.6798736021}