{"D":-0.0694085043,"MTD":-0.0895485882,"M":0.453494133,"YTD":2.0196646713,"Y":0.7206901183,"Start (yearly)":2.9531974723}