{"D":0.0098243761,"MTD":0.0356997752,"M":-0.0207442313,"YTD":0.0356997752,"Y":-0.7481106836,"Start (yearly)":2.7757995221}