{"D":0.0076582023,"MTD":0.0543796294,"M":0.028780124,"YTD":0.0834529646,"Y":-0.5361318311,"Start (yearly)":2.6794916536}