{"D":0.0718353733,"MTD":0.1948228086,"M":0.285126825,"YTD":1.768005634,"Y":0.68871359,"Start (yearly)":2.9363701717}