{"D":0.0017685766,"MTD":0.0152885046,"M":0.143820158,"YTD":0.0432839459,"Y":-0.6412167233,"Start (yearly)":2.6831519904}