{"D":-0.0067787734,"MTD":0.001261145,"M":-0.1071736799,"YTD":-0.075299981,"Y":-0.6151539676,"Start (yearly)":2.6773133954}