{"D":0.0071177374,"MTD":0.0594529466,"M":-0.1426300432,"YTD":1.7536905117,"Y":0.6182528692,"Start (yearly)":2.8041471729}