{"D":-0.0377311961,"MTD":-0.0121361671,"M":0.5082731705,"YTD":2.2764159376,"Y":0.9179463295,"Start (yearly)":2.9792587181}