{"D":0.0187857124,"MTD":-0.0162996926,"M":-0.3847184142,"YTD":-0.7287003003,"Y":-0.6640803368,"Start (yearly)":2.8364921572}