{"D":0.0961219443,"MTD":-0.1177507936,"M":-0.3649354418,"YTD":-0.7566800143,"Y":-0.8010775395,"Start (yearly)":2.7657661025}