{"D":0.0474932657,"MTD":0.0848885398,"M":0.185245465,"YTD":0.0848885398,"Y":-0.7637657247,"Start (yearly)":2.7916353314}