{"D":-0.0066333542,"MTD":0.5082697925,"M":0.5043321983,"YTD":1.1538774073,"Y":-0.0051108817,"Start (yearly)":2.8769460548}