{"D":0.0391340775,"MTD":0.0134960593,"M":0.1211255285,"YTD":0.0414420759,"Y":-0.6639288024,"Start (yearly)":2.6839208929}