{"D":0.0105580059,"MTD":-0.2159777146,"M":-0.2159777146,"YTD":1.6003412877,"Y":0.1755701145,"Start (yearly)":2.8464712484}