{"D":0.0236296911,"MTD":0.0867740076,"M":0.2646352939,"YTD":1.5176926271,"Y":0.3747519893,"Start (yearly)":2.8980641587}