{"D":-0.0510474232,"MTD":-0.06990981,"M":-0.06990981,"YTD":-0.7434857066,"Y":-0.7434857066,"Start (yearly)":2.7666490735}