{"D":-0.0344384542,"MTD":-0.0344384542,"M":-0.3960637862,"YTD":-0.7337028814,"Y":-0.6471287859,"Start (yearly)":2.8296656357}