{"D":-0.008726674,"MTD":-0.0215878003,"M":-0.0155078902,"YTD":-0.0215878003,"Y":-0.6767756524,"Start (yearly)":2.728255336}