{"D":0.0841275149,"MTD":-0.0198770595,"M":-0.0780368738,"YTD":-0.7296869205,"Y":-0.7298019998,"Start (yearly)":2.7949607177}