{"D":-0.0025168656,"MTD":0.0133379023,"M":0.061374931,"YTD":0.041279558,"Y":-0.587376232,"Start (yearly)":2.6792924306}