{"D":-0.0524901334,"MTD":0.2330211059,"M":0.309294414,"YTD":0.3656112029,"Y":-0.3640424166,"Start (yearly)":2.7429599987}