{"D":-0.0576053802,"MTD":0.254298222,"M":0.3130648506,"YTD":0.3891763049,"Y":-0.447464595,"Start (yearly)":2.7287052761}