{"D":0.002899544,"MTD":0.002899544,"M":0.106918422,"YTD":0.0305533736,"Y":-0.6518829571,"Start (yearly)":2.6855316079}