{"D":-0.0076432476,"MTD":-0.1994564225,"M":-0.2420962292,"YTD":1.6551369214,"Y":0.2348227031,"Start (yearly)":2.8616740363}