{"D":-0.0610507533,"MTD":0.0012784809,"M":-0.0410243754,"YTD":1.7365313253,"Y":0.5601884024,"Start (yearly)":2.8337687264}