{"D":0.0044953109,"MTD":0.1403390427,"M":0.0763800454,"YTD":0.0531433679,"Y":-0.6522981095,"Start (yearly)":2.7102201752}