{"D":0.0300145687,"MTD":0.0300145687,"M":-0.0172987642,"YTD":1.8150681221,"Y":0.3667833052,"Start (yearly)":2.8772044359}