{"D":0.00954375,"MTD":-0.0281167268,"M":-0.207423945,"YTD":1.1875863377,"Y":0.253604967,"Start (yearly)":2.6582741906}