{"D":-0.0299770467,"MTD":-0.2234543547,"M":-0.2234543547,"YTD":1.575543758,"Y":0.1613721443,"Start (yearly)":2.843962912}