{"D":-0.041559135,"MTD":-0.157106072,"M":-0.2196242537,"YTD":1.1908184024,"Y":0.253317186,"Start (yearly)":2.688650417}