{"D":0.0005971389,"MTD":0.0158947729,"M":0.1469214058,"YTD":0.0439069314,"Y":-0.6118268745,"Start (yearly)":2.6818851282}