{"D":0.0080947912,"MTD":0.0080947912,"M":-0.1002329782,"YTD":-0.0689888675,"Y":-0.6228957004,"Start (yearly)":2.6848487902}