{"D":-0.0622858757,"MTD":-0.1131177671,"M":0.2491028295,"YTD":1.9414935399,"Y":0.7328220612,"Start (yearly)":2.9235941195}