{"D":0.0096923485,"MTD":0.0096923485,"M":0.286504906,"YTD":0.4418862916,"Y":-0.4233979422,"Start (yearly)":2.7353371149}