{"D":-0.0707116675,"MTD":-0.1030746089,"M":-0.2305639575,"YTD":1.0188656247,"Y":0.1656214813,"Start (yearly)":2.6184118256}