{"D":-0.0306306306,"MTD":0.1203073674,"M":0.0729473891,"YTD":0.0346434085,"Y":-0.6246084889,"Start (yearly)":2.6933471949}