{"D":-0.0083655439,"MTD":0.0534080244,"M":-0.0119391489,"YTD":-0.0271404968,"Y":-0.5870104432,"Start (yearly)":2.6884002598}