{"D":0.0464973265,"MTD":-0.1800441085,"M":-0.1800441085,"YTD":1.7195211138,"Y":0.2990719674,"Start (yearly)":2.8640087418}