{"D":-0.0471470175,"MTD":0.009910689,"M":-0.0687057225,"YTD":1.6249221268,"Y":0.4345698933,"Start (yearly)":2.7663343176}