{"D":0.1054229374,"MTD":-0.0216422393,"M":0.4753448276,"YTD":2.2448874563,"Y":0.8403337567,"Start (yearly)":2.9867233571}