{"D":-0.0007762468,"MTD":0.2592628824,"M":0.2592628824,"YTD":0.3946748287,"Y":-0.4493913632,"Start (yearly)":2.7242676395}