{"D":-0.0163586086,"MTD":-0.1486622663,"M":-0.4803715037,"YTD":-0.7652052462,"Y":-0.7994517668,"Start (yearly)":2.7660518446}