{"D":-0.0108361259,"MTD":0.0706980109,"M":0.0254622599,"YTD":1.9262574826,"Y":0.7265629994,"Start (yearly)":2.8636914613}