{"D":0.011778382,"MTD":0.0437458499,"M":-0.0282173604,"YTD":1.8525962242,"Y":0.3977146042,"Start (yearly)":2.8812925794}