{"D":0.005167483,"MTD":0.0059730878,"M":-0.1932488241,"YTD":1.2643181993,"Y":0.3500268661,"Start (yearly)":2.6761736484}