{"D":0.0347246675,"MTD":0.0347246675,"M":-0.0376127374,"YTD":0.0347246675,"Y":-0.7158695334,"Start (yearly)":2.7802507623}