{"D":0.0089523926,"MTD":-0.0360988671,"M":0.0547381754,"YTD":1.2330371895,"Y":0.2409796223,"Start (yearly)":2.8555793131}