{"D":-0.1385682365,"MTD":0.3026575781,"M":0.2691514689,"YTD":2.0178228013,"Y":0.816292263,"Start (yearly)":2.9645832936}