{"D":-0.0218149604,"MTD":-0.0429318237,"M":-0.0794841735,"YTD":-0.0429318237,"Y":-0.6933280973,"Start (yearly)":2.713897417}