{"D":-0.0104317928,"MTD":0.175171703,"M":-0.0567121435,"YTD":2.2117879683,"Y":0.8141982864,"Start (yearly)":2.9211466869}