{"D":0.0261831192,"MTD":0.555896969,"M":0.629260348,"YTD":1.2218911671,"Y":-0.016990294,"Start (yearly)":2.9004416053}