{"D":-0.0220451439,"MTD":-0.1585860289,"M":0.0081164384,"YTD":1.7906904304,"Y":0.3904716158,"Start (yearly)":2.8894386076}