{"D":-0.0179576166,"MTD":0.0822388419,"M":-0.093709638,"YTD":1.8129147593,"Y":0.5989714849,"Start (yearly)":2.8206489171}