{"D":0.0047380428,"MTD":0.2602411406,"M":0.3149097961,"YTD":0.3957582816,"Y":-0.4235031101,"Start (yearly)":2.729182644}