{"D":-0.0181075959,"MTD":-0.0123768184,"M":-0.1193346758,"YTD":-0.0878951218,"Y":-0.5627463074,"Start (yearly)":2.6683708464}