{"D":0.0120138042,"MTD":0.0280728576,"M":0.0932892303,"YTD":0.0564208131,"Y":-0.5283010972,"Start (yearly)":2.6748225704}