{"D":0.0294813463,"MTD":0.0312974599,"M":0.0574451253,"YTD":1.8185743113,"Y":0.5942355834,"Start (yearly)":2.8431215913}