{"D":0.0477155911,"MTD":-0.0756537512,"M":-0.334632961,"YTD":-0.7450698573,"Y":-0.8066077347,"Start (yearly)":2.7850284917}