{"D":-0.0194755616,"MTD":-0.010944645,"M":-0.2256844346,"YTD":1.2262385222,"Y":0.271531119,"Start (yearly)":2.6850590063}