{"D":-0.1097667985,"MTD":-0.1013197037,"M":-0.1712773947,"YTD":1.3358162464,"Y":0.3107368677,"Start (yearly)":2.7173499206}