{"D":0.0014316593,"MTD":0.0462810887,"M":-0.0054641762,"YTD":-0.0337224735,"Y":-0.6444599477,"Start (yearly)":2.6793546731}