{"D":0.0833669718,"MTD":0.1507196162,"M":0.3780147651,"YTD":0.3853005594,"Y":0.7288039694,"Start (yearly)":2.4714555971}