{"D":0.0807607131,"MTD":0.1246089049,"M":0.1364174736,"YTD":1.5313524202,"Y":0.4581155508,"Start (yearly)":2.700638057}