{"D":-0.0578980954,"MTD":-0.0329772762,"M":-0.156039752,"YTD":-0.7332998957,"Y":-0.7544478948,"Start (yearly)":2.8004117622}