{"D":0.0792857143,"MTD":0.28965614,"M":0.3697811887,"YTD":1.9877028089,"Y":0.7887340273,"Start (yearly)":2.9651521417}