{"D":0.0221580745,"MTD":0.0265986269,"M":0.5739193038,"YTD":2.4048863729,"Y":0.8849605594,"Start (yearly)":2.9980212685}