{"D":-0.0781985954,"MTD":-0.0874033847,"M":-0.1145346847,"YTD":0.5197820159,"Y":0.1414375509,"Start (yearly)":4.5496452119}