{"BTC-USD":{"current":0.0915350399,"target":0.0786111111,"change":-0.0129239288},"ETH-USD+":{"current":0.1347799422,"target":0.0982236131,"change":-0.0365563291},"XLM-USD+":{"current":0.1123488431,"target":0.128270119,"change":0.0159212759},"cash":{"current":0.6613361749,"target":0.694895156,"change":0.0335589811}}