{"D":0.0243237096,"MTD":0.1294268528,"M":0.0779795959,"YTD":-0.0078067021,"Y":-0.5144202672,"Start (yearly)":4.9409091114}