{"BTC-USD":{"current":0.3054829032,"target":0.309315904,"change":0.0038330008},"ETH-USD+":{"current":0.3374445872,"target":0.321333223,"change":-0.0161113642},"XLM-USD+":{"current":0.3570725096,"target":0.369350873,"change":0.0122783634},"cash":{"current":0.0,"target":0.0,"change":0.0}}