{"BTC-USD":{"current":0.1413244674,"target":0.139788348,"change":-0.0015361194},"ETH-USD+":{"current":0.0393946342,"target":0.056903057,"change":0.0175084228},"XRP-USD+":{"current":0.0674308586,"target":0.0863319429,"change":0.0189010843},"cash":{"current":0.7518500398,"target":0.716976652,"change":-0.0348733878}}