{"BTC-USD":{"current":0.152092835,"target":0.117319672,"change":-0.034773163},"ETH-USD+":{"current":0.0770984304,"target":0.0495159444,"change":-0.027582486},"XLM-USD+":{"current":0.0876649558,"target":0.0379871685,"change":-0.0496777873},"cash":{"current":0.6831437789,"target":0.795177215,"change":0.1120334361}}