{"D":0.0016349398,"MTD":0.0016349398,"M":-0.1226490638,"YTD":0.793888016,"Y":0.1975366623,"Start (yearly)":4.8131930886}