{"D":-0.0057979411,"MTD":-0.1213118194,"M":-0.1213118194,"YTD":-0.1213118194,"Y":-0.5767652895,"Start (yearly)":5.1101083749}