{"BTC-USD":{"current":0.3213679911,"target":0.312814249,"change":-0.0085537421},"ETH-USD+":{"current":0.4502693238,"target":0.45479011,"change":0.0045207862},"XLM-USD+":{"current":0.228362685,"target":0.232395641,"change":0.004032956},"cash":{"current":0.0,"target":0.0,"change":0.0}}