{"BTC-USD":{"current":0.3977448725,"target":0.364467773,"change":-0.0332770995},"ETH-USD+":{"current":0.3868467006,"target":0.387588872,"change":0.0007421714},"XLM-USD+":{"current":0.2154084269,"target":0.213063562,"change":-0.0023448649},"cash":{"current":0.0,"target":0.0348797936,"change":0.0348797936}}