{"D":-0.0154341326,"MTD":-0.0154341326,"M":-0.2168408571,"YTD":-0.3397742858,"Y":0.3635803693,"Start (yearly)":5.4022456568}