{"D":-0.0100867122,"MTD":-0.0672082619,"M":-0.2629207051,"YTD":-0.3744927466,"Y":-0.2133578762,"Start (yearly)":5.3228508954}