{"BTC-USD":{"current":0.2433401232,"target":0.248290198,"change":0.0049500748},"ETH-USD+":{"current":0.1147208495,"target":0.110726649,"change":-0.0039942005},"XRP-USD+":{"current":0.0703510664,"target":0.0657627128,"change":-0.0045883536},"cash":{"current":0.5715879609,"target":0.57522044,"change":0.0036324791}}