{"BTC-USD":{"current":0.1764492668,"target":0.177754829,"change":0.0013055622},"ETH-USD+":{"current":0.2450839975,"target":0.241197817,"change":-0.0038861805},"XLM-USD+":{"current":0.3664244741,"target":0.246335967,"change":-0.1200885071},"cash":{"current":0.2120422617,"target":0.334711387,"change":0.1226691253}}