{"BTC-USD":{"current":0.547091187,"target":0.510758222,"change":-0.036332965},"ETH-USD+":{"current":0.3599968772,"target":0.349953315,"change":-0.0100435622},"XRP-USD+":{"current":0.0929119357,"target":0.139288463,"change":0.0463765273},"cash":{"current":0.0,"target":0.0,"change":0.0}}