{"index":{"0":"current","1":"target","2":"change"},"BTC-USD":{"0":0.1543753224,"1":0.1639356405,"2":0.0095603181},"ETH-USD+":{"0":0.1042879847,"1":0.1333275584,"2":0.0290395737},"XRP-USD+":{"0":0.2738687358,"1":0.2793794462,"2":0.0055107104},"cash":{"0":0.4674679572,"1":0.4233573549,"2":-0.0441106023}}