{"BTC-USD":{"current":0.3072535756,"target":0.311860986,"change":0.0046074104},"ETH-USD+":{"current":0.4218401596,"target":0.412109085,"change":-0.0097310746},"XLM-USD+":{"current":0.2116702971,"target":0.212974017,"change":0.0013037199},"cash":{"current":0.0592359677,"target":0.0630559124,"change":0.0038199447}}