{"D":0.0738341477,"MTD":0.1089940499,"M":0.1516153937,"YTD":1.0546872979,"Y":0.3042625109,"Start (yearly)":5.2157416934}