{"D":0.0045800648,"MTD":0.0321819355,"M":0.0137923928,"YTD":-0.3078441188,"Y":-0.2421317164,"Start (yearly)":5.3495910994}