{"D":-0.0481825702,"MTD":0.4576847331,"M":0.3898212885,"YTD":0.6176456481,"Y":-0.0628934612,"Start (yearly)":4.9723141009}