{"BTC-USD":{"current":0.1280246203,"target":0.121898124,"change":-0.0061264963},"ETH-USD+":{"current":0.1880703852,"target":0.190915207,"change":0.0028448218},"XRP-USD+":{"current":0.2337264112,"target":0.221466479,"change":-0.0122599322},"cash":{"current":0.4501785834,"target":0.46572019,"change":0.0155416066}}