{"BTC-USD":{"current":0.0679910184,"target":0.0762069419,"change":0.0082159235},"ETH-USD+":{"current":0.1039096305,"target":0.147115082,"change":0.0432054515},"XRP-USD+":{"current":0.250448107,"target":0.310836589,"change":0.060388482},"cash":{"current":0.5776512441,"target":0.465841387,"change":-0.1118098571}}