{"D":0.0160989988,"MTD":0.2458964458,"M":0.3093341167,"YTD":0.1933802062,"Y":-0.324939767,"Start (yearly)":4.9051517406}