{"BTC-USD":{"current":0.3975753631,"target":0.398635086,"change":0.0010597229},"ETH-USD+":{"current":0.383559952,"target":0.386391008,"change":0.002831056},"XLM-USD+":{"current":0.2188646849,"target":0.214973906,"change":-0.0038907789},"cash":{"current":0.0,"target":0.0,"change":0.0}}