{"D":-0.0019039189,"MTD":-0.0222999116,"M":0.0181796111,"YTD":-0.0898643926,"Y":-0.5110551308,"Start (yearly)":4.8094096963}