{"D":-0.0011662122,"MTD":0.0020181686,"M":-0.0588304233,"YTD":0.6997323864,"Y":0.2918612746,"Start (yearly)":4.8150799281}