{"BTC-USD":{"current":0.5529682582,"target":0.471847683,"change":-0.0811205752},"ETH-USD+":{"current":0.3482090926,"target":0.405563816,"change":0.0573547234},"XLM-USD+":{"current":0.0988226492,"target":0.122588501,"change":0.0237658518},"cash":{"current":0.0,"target":0.0,"change":0.0}}