{"BTC-USD":{"current":0.162220228,"target":0.1798882,"change":0.017667972},"ETH-USD+":{"current":0.1578577191,"target":0.193121904,"change":0.0352641849},"XRP-USD+":{"current":0.0899497741,"target":0.24202048,"change":0.1520707059},"cash":{"current":0.5899722788,"target":0.384969415,"change":-0.2050028638}}