{"D":-0.0364432345,"MTD":-0.0364432345,"M":0.4729556919,"YTD":0.7852285566,"Y":-0.0233797457,"Start (yearly)":5.1804421187}