{"index":{"0":"current","1":"target","2":"change"},"BTC-USD":{"0":0.2071378308,"1":0.2027769802,"2":-0.0043608506},"ETH-USD+":{"0":0.2187910525,"1":0.2023637497,"2":-0.0164273028},"XRP-USD+":{"0":0.4014377856,"1":0.3699207644,"2":-0.0315170212},"cash":{"0":0.1726333311,"1":0.2249385057,"2":0.0523051746}}