{"index":{"0":"current","1":"target","2":"change"},"BTC-USD":{"0":0.1505419108,"1":0.2468601463,"2":0.0963182355},"ETH-USD+":{"0":0.0893622135,"1":0.1686596277,"2":0.0792974142},"XRP-USD+":{"0":0.1098072875,"1":0.1209832215,"2":0.011175934},"cash":{"0":0.6502885883,"1":0.4634970045,"2":-0.1867915838}}