{"year":{"0":2010,"1":2011,"2":2012,"3":2013,"4":2014,"5":2015,"6":2016,"7":2017,"8":2018},"Jan":{"0":null,"1":0.4409208582,"2":0.2831745452,"3":0.5107327898,"4":-0.0008897775,"5":0.0016092781,"6":0.643176016,"7":0.0475936497,"8":0.051258334},"Feb":{"0":null,"1":0.686654577,"2":-0.0710797396,"3":0.635472856,"4":0.5329522496,"5":0.05179461,"6":0.6241645656,"7":0.3314597271,"8":-0.0488573568},"Mar":{"0":null,"1":-0.0457436666,"2":-0.0227191177,"3":1.7112042306,"4":-0.1543158476,"5":-0.031687892,"6":0.2398106981,"7":1.9624804477,"8":-0.1190351086},"Apr":{"0":null,"1":2.5213155467,"2":-0.0101090592,"3":1.0631108756,"4":-0.0430109309,"5":-0.0576735583,"6":-0.1586900171,"7":0.7401098181,"8":0.1856125258},"May":{"0":null,"1":1.0156722175,"2":0.0322778815,"3":0.0025513065,"4":0.3263305231,"5":-0.0150835598,"6":0.2003416412,"7":2.1911856071,"8":-0.1671051787},"Jun":{"0":null,"1":0.5231973811,"2":0.2694497151,"3":-0.0606939165,"4":0.0243347448,"5":0.0707923361,"6":0.049151158,"7":0.0578042812,"8":-0.1362892027},"Jul":{"0":null,"1":-0.0035660886,"2":0.4275037362,"3":0.1327923793,"4":-0.070739986,"5":0.0886965548,"6":-0.0474387165,"7":-0.0507338549,"8":-0.002426731},"Aug":{"0":-0.0902636337,"1":-0.1281301013,"2":0.118655255,"3":0.3468591965,"4":-0.1629367436,"5":-0.1746047083,"6":-0.0776649442,"7":0.5098324035,"8":-0.1002558966},"Sep":{"0":-0.0588349344,"1":-0.2105581686,"2":0.0487870715,"3":-0.0131873174,"4":-0.1302079435,"5":0.0018037386,"6":0.0130766064,"7":-0.2586741832,"8":0.0341272957},"Oct":{"0":2.0429728183,"1":0.0026915386,"2":-0.0628606272,"3":0.4671632034,"4":-0.0697365112,"5":0.3571377063,"6":-0.0139572605,"7":0.2210404197,"8":-0.1578721576},"Nov":{"0":0.0253948269,"1":-0.1905012509,"2":0.128632994,"3":3.165658265,"4":-0.0143912222,"5":0.0582808773,"6":-0.0559857712,"7":0.4137680171,"8":null},"Dec":{"0":0.0158080372,"1":0.3618425571,"2":0.0747812251,"3":-0.1528439414,"4":-0.0943284051,"5":0.1113010386,"6":0.1624406415,"7":2.0881744644,"8":null},"Year":{"0":1.7138272197,"1":18.0082930502,"2":1.8768743366,"3":100.4523856932,"4":-0.0538867636,"5":0.4566617973,"6":2.3762723389,"7":136.4821472799,"8":-0.4127394393}}