{"index":{"0":"current","1":"target","2":"change"},"BTC-USD":{"0":0.1354726196,"1":0.1197289725,"2":-0.015743647},"ETH-USD+":{"0":0.1272352728,"1":0.1378627023,"2":0.0106274295},"XRP-USD+":{"0":0.169901889,"1":0.1703819085,"2":0.0004800194},"cash":{"0":0.5673902186,"1":0.5720264167,"2":0.0046361982}}