{"BTC-USD":{"current":0.3034649606,"target":0.311309753,"change":0.0078447924},"ETH-USD+":{"current":0.3128932249,"target":0.320101298,"change":0.0072080731},"XLM-USD+":{"current":0.3836418146,"target":0.368588949,"change":-0.0150528656},"cash":{"current":0.0,"target":0.0,"change":0.0}}