{"D":0.002925082,"MTD":0.0596495822,"M":0.06127503,"YTD":-0.0691055282,"Y":-0.5370480432,"Start (yearly)":4.870425585}