{"D":0.0070135809,"MTD":0.1926561066,"M":0.2320432494,"YTD":0.1423840201,"Y":-0.392994391,"Start (yearly)":4.8529105351}