{"D":0.0024524205,"MTD":0.0024524205,"M":-0.1161921128,"YTD":0.8299261648,"Y":0.1316652456,"Start (yearly)":4.9988191198}