{"BTC-USD":{"current":0.073890666,"target":0.0629489379,"change":-0.0109417281},"ETH-USD+":{"current":0.0713415043,"target":0.0503406078,"change":-0.0210008965},"XRP-USD+":{"current":0.0516359466,"target":0.0483763079,"change":-0.0032596387},"cash":{"current":0.8031318831,"target":0.838334146,"change":0.0352022629}}