{"D":0.0110398675,"MTD":0.0261626308,"M":-0.0875722197,"YTD":0.8732079539,"Y":0.2344396205,"Start (yearly)":4.9948085643}