{"index":{"0":"current","1":"target","2":"change"},"BTC-USD":{"0":0.065003828,"1":0.0625167301,"2":-0.0024870978},"ETH-USD+":{"0":0.0399233894,"1":0.041172796,"2":0.0012494066},"XRP-USD+":{"0":0.2813581464,"1":0.2294910226,"2":-0.0518671238},"cash":{"0":0.6137146363,"1":0.6668194513,"2":0.053104815}}