{"BTC-USD":{"current":0.2803050269,"target":0.319496894,"change":0.0391918671},"ETH-USD+":{"current":0.3260963133,"target":0.32004024,"change":-0.0060560733},"XRP-USD+":{"current":0.1289457731,"target":0.128978537,"change":0.0000327639},"cash":{"current":0.2646528866,"target":0.231484329,"change":-0.0331685576}}