{"BTC-USD":{"current":0.5008075156,"target":0.512577651,"change":0.0117701354},"ETH-USD+":{"current":0.3265256468,"target":0.317898143,"change":-0.0086275038},"XLM-USD+":{"current":0.1726668376,"target":0.169524207,"change":-0.0031426306},"cash":{"current":0.0,"target":0.0,"change":0.0}}