{"BTC-USD":{"current":0.1550716028,"target":0.112326291,"change":-0.0427453118},"ETH-USD+":{"current":0.22483221,"target":0.166456289,"change":-0.058375921},"XLM-USD+":{"current":0.1834374783,"target":0.0981558337,"change":-0.0852816446},"cash":{"current":0.4366587088,"target":0.623061586,"change":0.1864028772}}