{"D":-0.0022418739,"MTD":0.1952271564,"M":0.2221318794,"YTD":0.2300444973,"Y":-0.4237661065,"Start (yearly)":5.0664451705}