{"D":0.0048265107,"MTD":0.0060528096,"M":-0.0762164839,"YTD":0.706576384,"Y":0.2974882177,"Start (yearly)":4.8299187483}