{"D":0.0065603057,"MTD":-0.0995898532,"M":-0.0995898532,"YTD":0.5273737898,"Y":0.123332966,"Start (yearly)":4.6969137455}