{"D":-0.0087552558,"MTD":-0.0087552558,"M":-0.0905417082,"YTD":0.5145556457,"Y":0.0382086162,"Start (yearly)":4.5278028611}