{"D":0.0493913758,"MTD":-0.0355168837,"M":0.2346489431,"YTD":1.1543932728,"Y":0.3600687266,"Start (yearly)":5.189702222}