{"BTC-USD":{"current":0.0552940992,"target":0.0575007112,"change":0.002206612},"ETH-USD+":{"current":0.0395633133,"target":0.051111597,"change":0.0115482837},"XLM-USD+":{"current":0.0612755828,"target":0.0653161715,"change":0.0040405887},"cash":{"current":0.8438670047,"target":0.82607152,"change":-0.0177954847}}