{"index":{"0":"current","1":"target","2":"change"},"BTC-USD":{"0":0.1917023703,"1":0.1942370303,"2":0.0025346601},"ETH-USD+":{"0":0.2026490916,"1":0.2036744593,"2":0.0010253677},"XRP-USD+":{"0":0.5303967627,"1":0.4930447726,"2":-0.0373519901},"cash":{"0":0.0752517754,"1":0.1090437378,"2":0.0337919624}}