{"D":0.0060663421,"MTD":-0.0041433779,"M":-0.0971517916,"YTD":0.5216022867,"Y":0.1259894745,"Start (yearly)":4.5277792428}