{"BTC-USD":{"current":0.5326417135,"target":0.538224192,"change":0.0055824785},"ETH-USD+":{"current":0.3751062666,"target":0.360870462,"change":-0.0142358046},"XRP-USD+":{"current":0.0922520199,"target":0.100905346,"change":0.0086533261},"cash":{"current":0.0,"target":0.0,"change":0.0}}