{"D":-0.0033094298,"MTD":0.2153501367,"M":0.2345292368,"YTD":0.1641214658,"Y":-0.4448797092,"Start (yearly)":4.8590502529}