{"D":-0.0009820961,"MTD":-0.0538661267,"M":-0.2620816138,"YTD":-0.3655458381,"Y":-0.0535532403,"Start (yearly)":5.3449965371}