{"index":{"0":"current","1":"target","2":"change"},"BTC-USD":{"0":0.1398761092,"1":0.1805624952,"2":0.040686386},"ETH-USD+":{"0":0.1352824921,"1":0.170198709,"2":0.0349162169},"XRP-USD+":{"0":0.3505901929,"1":0.6284121991,"2":0.2778220062},"cash":{"0":0.3742512058,"1":0.0208265968,"2":-0.3534246091}}