{"BTC-USD":{"current":0.0721036311,"target":0.188333333,"change":0.1162297019},"ETH-USD+":{"current":0.0595321703,"target":0.164722222,"change":0.1051900517},"XLM-USD+":{"current":0.165994487,"target":0.186697378,"change":0.020702891},"cash":{"current":0.7023697117,"target":0.460247067,"change":-0.2421226447}}