{"BTC-USD":{"current":0.183692971,"target":0.173783427,"change":-0.009909544},"ETH-USD+":{"current":0.3019298555,"target":0.264478904,"change":-0.0374509515},"XRP-USD+":{"current":0.124976054,"target":0.114098808,"change":-0.010877246},"cash":{"current":0.3894011194,"target":0.447638861,"change":0.0582377416}}