{"BTC-USD":{"current":0.3668820924,"target":0.353713648,"change":-0.0131684444},"ETH-USD+":{"current":0.4084625333,"target":0.368333333,"change":-0.0401292003},"XRP-USD+":{"current":0.1945296275,"target":0.198743583,"change":0.0042139555},"cash":{"current":0.0301257468,"target":0.0792094361,"change":0.0490836893}}