{"BTC-USD":{"current":0.050430107,"target":0.0705569116,"change":0.0201268046},"ETH-USD+":{"current":0.0359413127,"target":0.0712866722,"change":0.0353453595},"XLM-USD+":{"current":0.0346678203,"target":0.0409441997,"change":0.0062763794},"cash":{"current":0.87896076,"target":0.817212217,"change":-0.061748543}}