{"BTC-USD":{"current":0.2757685866,"target":0.287937114,"change":0.0121685274},"ETH-USD+":{"current":0.2945800489,"target":0.322995029,"change":0.0284149801},"XLM-USD+":{"current":0.1955311788,"target":0.210277778,"change":0.0147465992},"cash":{"current":0.2341201857,"target":0.178790079,"change":-0.0553301067}}