{"BTC-USD":{"current":0.1191558938,"target":0.136682539,"change":0.0175266452},"ETH-USD+":{"current":0.0842597563,"target":0.0887954972,"change":0.0045357409},"XLM-USD+":{"current":0.0613711827,"target":0.0677528763,"change":0.0063816936},"cash":{"current":0.7352131671,"target":0.706769088,"change":-0.0284440791}}