{"D":0.007282842,"MTD":-0.1227497897,"M":0.1116796769,"YTD":0.9295722754,"Y":0.3002947113,"Start (yearly)":4.9238220587}