{"BTC-USD":{"current":0.3115448997,"target":0.312072575,"change":0.0005276753},"ETH-USD+":{"current":0.4557230776,"target":0.453833576,"change":-0.0018895016},"XLM-USD+":{"current":0.2327320227,"target":0.234093849,"change":0.0013618263},"cash":{"current":0.0,"target":0.0,"change":0.0}}