{"BTC-USD":{"current":0.3859727374,"target":0.391040632,"change":0.0050678946},"ETH-USD+":{"current":0.3992719142,"target":0.405845379,"change":0.0065734648},"XRP-USD+":{"current":0.2147553484,"target":0.203113988,"change":-0.0116413604},"cash":{"current":0.0,"target":0.0,"change":0.0}}