{"D":0.0097960959,"MTD":-0.0495050741,"M":-0.1782540624,"YTD":-0.3626214233,"Y":-0.4204686427,"Start (yearly)":5.318011191}