{"BTC-USD":{"current":0.357086094,"target":0.399361589,"change":0.042275495},"ETH-USD+":{"current":0.3599257685,"target":0.350416741,"change":-0.0095090275},"XLM-USD+":{"current":0.2829881375,"target":0.250221671,"change":-0.0327664665},"cash":{"current":0.0,"target":0.0,"change":0.0}}