{"BTC-USD":{"current":0.321419398,"target":0.326388889,"change":0.004969491},"ETH-USD+":{"current":0.288057581,"target":0.333628148,"change":0.045570567},"XLM-USD+":{"current":0.1992567762,"target":0.209581255,"change":0.0103244788},"cash":{"current":0.1912662448,"target":0.130401708,"change":-0.0608645368}}