{"D":0.0172183003,"MTD":0.0269246579,"M":-0.0643814666,"YTD":0.5690721666,"Y":0.1958467777,"Start (yearly)":4.5265523706}