{"D":-0.0011259409,"MTD":0.0008697777,"M":-0.0789163266,"YTD":0.6667866863,"Y":0.3710508097,"Start (yearly)":4.6434532027}