{"D":-0.0023670995,"MTD":-0.0023670995,"M":0.1526109224,"YTD":0.1071094341,"Y":-0.4827100524,"Start (yearly)":4.7872482051}