{"BTC-USD":{"current":0.3208513437,"target":0.303005733,"change":-0.0178456107},"ETH-USD+":{"current":0.3356106242,"target":0.312644271,"change":-0.0229663532},"XLM-USD+":{"current":0.343538032,"target":0.384349997,"change":0.040811965},"cash":{"current":0.0,"target":0.0,"change":0.0}}