{"D":-0.0674383335,"MTD":0.4751613932,"M":0.4086174095,"YTD":0.7091515867,"Y":-0.1280805613,"Start (yearly)":5.2093744907}