{"D":0.0278342506,"MTD":0.0317197603,"M":-0.0826310152,"YTD":0.8833522126,"Y":0.2281294076,"Start (yearly)":5.004895074}