{"BTC-USD":{"current":0.3085917602,"target":0.239746628,"change":-0.0688451322},"ETH-USD+":{"current":0.5144789088,"target":0.365887307,"change":-0.1485916018},"XRP-USD+":{"current":0.176929331,"target":0.136529166,"change":-0.040400165},"cash":{"current":0.0,"target":0.257836898,"change":0.257836898}}