{"D":-0.0087079565,"MTD":0.0044270336,"M":0.0044270336,"YTD":-0.0649844271,"Y":-0.4735791472,"Start (yearly)":4.7824168085}