{"BTC-USD":{"current":0.3969183243,"target":0.386556956,"change":-0.0103613683},"ETH-USD+":{"current":0.38782061,"target":0.390893149,"change":0.003072539},"XRP-USD+":{"current":0.2152610657,"target":0.222549895,"change":0.0072888293},"cash":{"current":0.0,"target":0.0,"change":0.0}}