{"BTC-USD":{"current":0.0761114265,"target":0.0703260665,"change":-0.00578536},"ETH-USD+":{"current":0.1459355142,"target":0.104512551,"change":-0.0414229632},"XRP-USD+":{"current":0.3032556924,"target":0.289449088,"change":-0.0138066044},"cash":{"current":0.4746973669,"target":0.535712294,"change":0.0610149271}}