{"BTC-USD":{"current":0.0476663894,"target":0.0783846181,"change":0.0307182287},"ETH-USD+":{"current":0.0308363229,"target":0.0516666667,"change":0.0208303438},"XLM-USD+":{"current":0.0211593895,"target":0.0616911816,"change":0.0405317921},"cash":{"current":0.9003378983,"target":0.808257534,"change":-0.0920803643}}