{"BTC-USD":{"current":0.3962442661,"target":0.401140636,"change":0.0048963699},"ETH-USD+":{"current":0.3919077762,"target":0.390125379,"change":-0.0017823972},"XRP-USD+":{"current":0.2118479576,"target":0.208733985,"change":-0.0031139726},"cash":{"current":0.0,"target":0.0,"change":0.0}}