{"D":-0.0285454197,"MTD":-0.1907465149,"M":-0.0020921202,"YTD":0.7800087937,"Y":0.1975052391,"Start (yearly)":4.8581958974}