{"index":{"0":"current","1":"target","2":"change"},"BTC-USD":{"0":0.181920193,"1":0.1673009884,"2":-0.0146192046},"ETH-USD+":{"0":0.1374834724,"1":0.129661387,"2":-0.0078220854},"XRP-USD+":{"0":0.2730888186,"1":0.2758247988,"2":0.0027359802},"cash":{"0":0.407507516,"1":0.4272128258,"2":0.0197053098}}