{"BTC-USD":{"current":0.4024332224,"target":0.412351049,"change":0.0099178266},"ETH-USD+":{"current":0.3906738607,"target":0.39648538,"change":0.0058115193},"XRP-USD+":{"current":0.2068929169,"target":0.191163571,"change":-0.0157293459},"cash":{"current":0.0,"target":0.0,"change":0.0}}