{"D":-0.0063820494,"MTD":0.0999418427,"M":0.047073191,"YTD":0.0267368119,"Y":-0.4498824858,"Start (yearly)":5.055920862}