{"BTC-USD":{"current":0.289004522,"target":0.344032428,"change":0.055027906},"ETH-USD+":{"current":0.3294467896,"target":0.420210884,"change":0.0907640944},"XRP-USD+":{"current":0.1744326865,"target":0.204180149,"change":0.0297474625},"cash":{"current":0.2071160019,"target":0.0315765386,"change":-0.1755394633}}