{"D":0.0004225075,"MTD":-0.0701421019,"M":-0.0622819036,"YTD":0.6653382122,"Y":0.2284550448,"Start (yearly)":4.6782248362}