{"D":0.0006012819,"MTD":0.002493895,"M":-0.1216232163,"YTD":0.7954263704,"Y":0.2038899291,"Start (yearly)":4.8106453465}