{"BTC-USD":{"current":0.0895122883,"target":0.0905555556,"change":0.0010432673},"ETH-USD+":{"current":0.1336031709,"target":0.135464588,"change":0.0018614171},"XLM-USD+":{"current":0.1395922993,"target":0.129136632,"change":-0.0104556673},"cash":{"current":0.6372922415,"target":0.644843225,"change":0.0075509835}}