{"BTC-USD":{"current":0.1488213335,"target":0.180561346,"change":0.0317400125},"ETH-USD+":{"current":0.2261487977,"target":0.303375594,"change":0.0772267963},"XRP-USD+":{"current":0.1007957906,"target":0.118900928,"change":0.0181051374},"cash":{"current":0.5242340782,"target":0.397162132,"change":-0.1270719462}}