{"D":-0.0037043745,"MTD":-0.0943024031,"M":-0.1018116739,"YTD":-0.0943024031,"Y":-0.5706312937,"Start (yearly)":4.9658034796}