{"BTC-USD":{"current":0.393127813,"target":0.375165045,"change":-0.017962768},"ETH-USD+":{"current":0.385305373,"target":0.398018352,"change":0.012712979},"XLM-USD+":{"current":0.221566814,"target":0.226816603,"change":0.005249789},"cash":{"current":0.0,"target":0.0,"change":0.0}}