{"D":0.0038917611,"MTD":0.0044175919,"M":-0.0305591925,"YTD":0.1637383739,"Y":-0.5089234718,"Start (yearly)":4.9945325874}