{"BTC-USD":{"current":0.451633542,"target":0.486260636,"change":0.034627094},"ETH-USD+":{"current":0.3527980941,"target":0.343109378,"change":-0.0096887161},"XLM-USD+":{"current":0.1955683638,"target":0.170629987,"change":-0.0249383768},"cash":{"current":0.0,"target":0.0,"change":0.0}}