{"BTC-USD":{"current":0.1189415129,"target":0.142777778,"change":0.0238362651},"ETH-USD+":{"current":0.1596805558,"target":0.183986825,"change":0.0243062692},"XRP-USD+":{"current":0.0833673932,"target":0.0997134874,"change":0.0163460942},"cash":{"current":0.6380105381,"target":0.57352191,"change":-0.0644886281}}