{"BTC-USD":{"current":0.0959891817,"target":0.11192939,"change":0.0159402083},"ETH-USD+":{"current":0.0737087179,"target":0.0943871193,"change":0.0206784014},"XRP-USD+":{"current":0.0383891162,"target":0.0579171331,"change":0.0195280169},"cash":{"current":0.7919129842,"target":0.735766357,"change":-0.0561466272}}