{"D":-0.002142732,"MTD":0.0225256027,"M":-0.0373749239,"YTD":-0.1017186749,"Y":-0.5548677494,"Start (yearly)":4.8958354345}