{"BTC-USD":{"current":0.3885741473,"target":0.355913189,"change":-0.0326609583},"ETH-USD+":{"current":0.3777972886,"target":0.364588066,"change":-0.0132092226},"XLM-USD+":{"current":0.2117384508,"target":0.193879718,"change":-0.0178587328},"cash":{"current":0.0218901133,"target":0.0856190265,"change":0.0637289132}}