{"D":0.0068628829,"MTD":-0.1723769537,"M":-0.0053063434,"YTD":0.8486850555,"Y":0.1429152101,"Start (yearly)":5.0516395739}