{"year":{"0":2010,"1":2011,"2":2012,"3":2013,"4":2014,"5":2015,"6":2016,"7":2017,"8":2018},"Jan":{"0":null,"1":0.4409208594,"2":0.283174545,"3":0.5107327905,"4":-0.0008897776,"5":0.0016092781,"6":0.643176015,"7":0.0475936497,"8":0.0512583344},"Feb":{"0":null,"1":0.6866545783,"2":-0.0710797394,"3":0.6354728564,"4":0.532952249,"5":0.0517946099,"6":0.624164565,"7":0.3314597273,"8":-0.0488573562},"Mar":{"0":null,"1":-0.0457436667,"2":-0.0227191176,"3":1.7112042327,"4":-0.1543158475,"5":-0.0316878918,"6":0.2398106979,"7":1.9624804479,"8":-0.1190351086},"Apr":{"0":null,"1":2.521315549,"2":-0.0101090591,"3":1.0631108767,"4":-0.0430109309,"5":-0.0576735584,"6":-0.1586900171,"7":0.7401098161,"8":0.1856125257},"May":{"0":null,"1":1.0156722182,"2":0.0322778814,"3":0.0025513065,"4":0.3263305234,"5":-0.0150835597,"6":0.2003416415,"7":2.1911856112,"8":-0.1671051788},"Jun":{"0":null,"1":0.5231973816,"2":0.2694497154,"3":-0.0606939166,"4":0.0243347449,"5":0.0707923362,"6":0.0491511586,"7":0.0578042808,"8":-0.1362892029},"Jul":{"0":null,"1":-0.0035660886,"2":0.4275037369,"3":0.1327923789,"4":-0.0707399861,"5":0.0886965548,"6":-0.0474387164,"7":-0.0507338547,"8":-0.0024267311},"Aug":{"0":-0.0902636339,"1":-0.1281301014,"2":0.1186552549,"3":0.3468591968,"4":-0.1629367437,"5":-0.1746047085,"6":-0.077664944,"7":0.5098324035,"8":-0.1002558964},"Sep":{"0":-0.0588349346,"1":-0.2105581687,"2":0.0487870715,"3":-0.0131873174,"4":-0.1302079436,"5":0.0018037386,"6":0.0130766064,"7":-0.2586741834,"8":null},"Oct":{"0":2.0429728204,"1":0.0026915385,"2":-0.0628606271,"3":0.4671632035,"4":-0.0697365113,"5":0.3571377068,"6":-0.0139572605,"7":0.2210404208,"8":null},"Nov":{"0":0.0253948271,"1":-0.1905012507,"2":0.1286329941,"3":3.1656582747,"4":-0.0143912222,"5":0.058280877,"6":-0.0559857712,"7":0.4137680166,"8":null},"Dec":{"0":0.0158080373,"1":0.3618425571,"2":0.0747812251,"3":-0.1528439434,"4":-0.0943284051,"5":0.1113010385,"6":0.1624406415,"7":2.088174468,"8":null},"Year":{"0":1.713827221,"1":18.008293105,"2":1.8768743395,"3":100.4523859033,"4":-0.053886764,"5":0.4566617969,"6":2.3762723383,"7":136.4821474874,"8":-0.3256601763}}