{"BTC-USD":{"current":0.1857631699,"target":0.190185482,"change":0.0044223121},"ETH-USD+":{"current":0.089347776,"target":0.0932382601,"change":0.0038904841},"XLM-USD+":{"current":0.0601157325,"target":0.0621490097,"change":0.0020332772},"cash":{"current":0.6647733216,"target":0.654427248,"change":-0.0103460736}}