{"D":-0.0085463018,"MTD":-0.0555132411,"M":-0.2394754888,"YTD":-0.5468634962,"Y":-0.232548896,"Start (yearly)":5.1214303273}