{"D":-0.0082631923,"MTD":-0.0098312353,"M":0.026370858,"YTD":-0.0757304785,"Y":-0.5104030162,"Start (yearly)":5.0203317099}