{"D":0.0060887341,"MTD":-0.0811800245,"M":-0.0458988951,"YTD":-0.0811800245,"Y":-0.5470632471,"Start (yearly)":5.1745173327}