{"index":{"0":"current","1":"target","2":"change"},"BTC-USD":{"0":0.3119004423,"1":0.3214527717,"2":0.0095523294},"ETH-USD+":{"0":0.1039549773,"1":0.1123444636,"2":0.0083894863},"XRP-USD+":{"0":0.2482750453,"1":0.2561672589,"2":0.0078922136},"cash":{"0":0.3358695352,"1":0.3100355058,"2":-0.0258340293}}