{"BTC-USD":{"current":0.0579765974,"target":0.0880366528,"change":0.0300600554},"ETH-USD+":{"current":0.0529990632,"target":0.133152217,"change":0.0801531538},"XLM-USD+":{"current":0.0880426507,"target":0.144128983,"change":0.0560863323},"cash":{"current":0.8009816887,"target":0.634682148,"change":-0.1662995407}}