{"D":0.0280114279,"MTD":0.2040101739,"M":0.2727483635,"YTD":1.2307282994,"Y":0.4320883255,"Start (yearly)":5.259166349}