{"D":0.0442708737,"MTD":-0.0023481677,"M":0.0598011667,"YTD":-0.0712914245,"Y":-0.5435280277,"Start (yearly)":4.8523664865}