{"BTC-USD":{"current":0.1145739782,"target":0.127580007,"change":0.0130060288},"ETH-USD+":{"current":0.1591241776,"target":0.183709596,"change":0.0245854184},"XLM-USD+":{"current":0.0577683507,"target":0.0716761089,"change":0.0139077582},"cash":{"current":0.6685334935,"target":0.617034288,"change":-0.0514992055}}