{"D":0.1852338124,"MTD":0.3236003845,"M":0.2917941886,"YTD":0.5335499612,"Y":-0.2432093563,"Start (yearly)":5.1474122963}