{"D":0.0353174976,"MTD":0.5990994555,"M":0.5990994555,"YTD":0.8527487124,"Y":0.0227798068,"Start (yearly)":5.2168598839}