{"D":0.0814131256,"MTD":0.1066749499,"M":0.047601192,"YTD":-0.0275778017,"Y":-0.5064311256,"Start (yearly)":5.1187706218}