{"D":0.0152611416,"MTD":0.0498824721,"M":0.0886123914,"YTD":-0.0199909301,"Y":-0.4798976054,"Start (yearly)":5.0474780826}