{"D":0.0288049354,"MTD":-0.0155778625,"M":-0.0101317701,"YTD":0.5045502434,"Y":0.2119865062,"Start (yearly)":4.6150459361}