{"D":0.0498736262,"MTD":0.1936273536,"M":0.2314472223,"YTD":0.1433143277,"Y":-0.3453328737,"Start (yearly)":4.8925922281}