{"BTC-USD":{"current":0.4509873072,"target":0.452539112,"change":0.0015518048},"ETH-USD+":{"current":0.3880198339,"target":0.389011012,"change":0.0009911781},"XRP-USD+":{"current":0.1609928589,"target":0.158449876,"change":-0.0025429829},"cash":{"current":0.0,"target":0.0,"change":0.0}}