{"D":-0.0660951799,"MTD":0.1129529534,"M":0.1692996769,"YTD":0.0660404639,"Y":-0.4967110626,"Start (yearly)":4.7813357366}