{"BTC-USD":{"current":0.4449019686,"target":0.397798164,"change":-0.0471038046},"ETH-USD+":{"current":0.4074133462,"target":0.397531749,"change":-0.0098815972},"XRP-USD+":{"current":0.1476846852,"target":0.204670087,"change":0.0569854018},"cash":{"current":0.0,"target":0.0,"change":0.0}}