{"index":{"0":"current","1":"target","2":"change"},"BTC-USD":{"0":0.167795463,"1":0.1526126027,"2":-0.0151828604},"ETH-USD+":{"0":0.1446004714,"1":0.1024340983,"2":-0.042166373},"XRP-USD+":{"0":0.2793734148,"1":0.2767192183,"2":-0.0026541965},"cash":{"0":0.4082306508,"1":0.4682340807,"2":0.0600034299}}