{"D":0.0448625633,"MTD":0.2643111445,"M":0.3364919791,"YTD":1.342450845,"Y":0.4988114148,"Start (yearly)":5.2899538934}