{"BTC-USD":{"current":0.365539907,"target":0.392663404,"change":0.027123497},"ETH-USD+":{"current":0.3901169343,"target":0.376180013,"change":-0.0139369213},"XRP-USD+":{"current":0.2443431586,"target":0.231156582,"change":-0.0131865766},"cash":{"current":0.0,"target":0.0,"change":0.0}}