{"BTC-USD":{"current":0.4459299365,"target":0.414187052,"change":-0.0317428845},"ETH-USD+":{"current":0.3546512676,"target":0.379858674,"change":0.0252074064},"XRP-USD+":{"current":0.1994187958,"target":0.205954274,"change":0.0065354782},"cash":{"current":0.0,"target":0.0,"change":0.0}}