{"index":{"0":"current","1":"target","2":"change"},"BTC-USD":{"0":0.157088673,"1":0.1503646768,"2":-0.0067239962},"ETH-USD+":{"0":0.1084695265,"1":0.0895794088,"2":-0.0188901177},"XRP-USD+":{"0":0.1880185317,"1":0.2312288041,"2":0.0432102725},"cash":{"0":0.5464232689,"1":0.5288271103,"2":-0.0175961586}}