{"D":-0.004988623,"MTD":0.0619394951,"M":0.0241021014,"YTD":-0.0668863171,"Y":-0.5178932,"Start (yearly)":5.0580350527}