{"BTC-USD":{"current":0.3490895866,"target":0.364788584,"change":0.0156989974},"ETH-USD+":{"current":0.4096620141,"target":0.412492748,"change":0.0028307339},"XRP-USD+":{"current":0.2056074224,"target":0.192683012,"change":-0.0129244104},"cash":{"current":0.0356409769,"target":0.0300356562,"change":-0.0056053207}}