{"D":0.0038185587,"MTD":-0.0124514344,"M":-0.1295769121,"YTD":0.5093285473,"Y":0.2018349557,"Start (yearly)":4.6284476006}