{"index":{"0":"current","1":"target","2":"change"},"BTC-USD":{"0":0.195082911,"1":0.1749687109,"2":-0.0201142001},"ETH-USD+":{"0":0.1946880316,"1":0.1932415519,"2":-0.0014464796},"XRP-USD+":{"0":0.5586198351,"1":0.6317897372,"2":0.0731699021},"cash":{"0":0.0516092223,"1":0.0,"2":-0.0516092223}}