{"D":0.0088174078,"MTD":-0.0844982514,"M":-0.1117159204,"YTD":0.5246200454,"Y":0.1205148705,"Start (yearly)":4.5487307874}