{"D":0.0158373091,"MTD":-0.0449704641,"M":-0.1660011497,"YTD":-0.5418053871,"Y":-0.3746448739,"Start (yearly)":5.1150737786}