{"BTC-USD":{"current":0.2671977969,"target":0.322057781,"change":0.0548599841},"ETH-USD+":{"current":0.2438990853,"target":0.278014903,"change":0.0341158177},"XRP-USD+":{"current":0.175477182,"target":0.176672484,"change":0.001195302},"cash":{"current":0.3134259358,"target":0.223254832,"change":-0.0901711038}}