{"BTC-USD":{"current":0.202868726,"target":0.200256469,"change":-0.002612257},"ETH-USD+":{"current":0.2822696408,"target":0.276430378,"change":-0.0058392628},"XLM-USD+":{"current":0.0795459824,"target":0.0702777778,"change":-0.0092682046},"cash":{"current":0.4353156508,"target":0.453035374,"change":0.0177197232}}