{"BTC-USD":{"current":0.4017699372,"target":0.436620734,"change":0.0348507968},"ETH-USD+":{"current":0.4080321623,"target":0.385409787,"change":-0.0226223753},"XRP-USD+":{"current":0.1901979005,"target":0.177969479,"change":-0.0122284215},"cash":{"current":0.0,"target":0.0,"change":0.0}}