{"BTC-USD":{"current":0.0820912861,"target":0.127460295,"change":0.0453690089},"ETH-USD+":{"current":0.1530304656,"target":0.189755867,"change":0.0367254014},"XLM-USD+":{"current":0.1543151955,"target":0.175615324,"change":0.0213001285},"cash":{"current":0.6105630528,"target":0.507168514,"change":-0.1033945388}}