{"D":0.02211113,"MTD":0.4899157898,"M":0.410062961,"YTD":0.6534136214,"Y":-0.0666094338,"Start (yearly)":4.9837907824}