{"BTC-USD":{"current":0.366363049,"target":0.367057826,"change":0.000694777},"ETH-USD+":{"current":0.370946543,"target":0.375879374,"change":0.004932831},"XLM-USD+":{"current":0.262690408,"target":0.257062801,"change":-0.005627607},"cash":{"current":0.0,"target":0.0,"change":0.0}}