{"D":0.0018189496,"MTD":-0.0577035892,"M":-0.2771802483,"YTD":-0.3681191463,"Y":-0.2043283006,"Start (yearly)":5.3342931657}