{"D":-0.0687956057,"MTD":0.045136972,"M":-0.0093688866,"YTD":-0.4985745337,"Y":-0.3290407825,"Start (yearly)":5.1517931209}