{"D":0.0443683426,"MTD":0.0341009117,"M":0.0757737371,"YTD":-0.0347221717,"Y":-0.4889719086,"Start (yearly)":5.0403326353}