{"BTC-USD":{"current":0.0682788152,"target":0.0633546109,"change":-0.0049242043},"ETH-USD+":{"current":0.0586859481,"target":0.0544444444,"change":-0.0042415037},"XLM-USD+":{"current":0.0492473593,"target":0.0221956787,"change":-0.0270516806},"cash":{"current":0.8237878773,"target":0.860005266,"change":0.0362173887}}