{"BTC-USD":{"current":0.1779072701,"target":0.162173628,"change":-0.0157336421},"ETH-USD+":{"current":0.2622899685,"target":0.242726709,"change":-0.0195632595},"XRP-USD+":{"current":0.1149679348,"target":0.107069031,"change":-0.0078989038},"cash":{"current":0.4448348267,"target":0.488030633,"change":0.0431958063}}