{"BTC-USD":{"current":0.1264999609,"target":0.109161119,"change":-0.0173388419},"ETH-USD+":{"current":0.1525573922,"target":0.152890755,"change":0.0003333628},"XLM-USD+":{"current":0.0421391782,"target":0.0429253973,"change":0.0007862191},"cash":{"current":0.6788034687,"target":0.695022728,"change":0.0162192593}}