{"D":0.0089951847,"MTD":0.0138575383,"M":-0.0194443148,"YTD":0.6884157003,"Y":0.3801143931,"Start (yearly)":4.6368062243}