{"BTC-USD":{"current":0.2369826798,"target":0.28124815,"change":0.0442654702},"ETH-USD+":{"current":0.5107552541,"target":0.52861798,"change":0.0178627259},"XLM-USD+":{"current":0.1509106409,"target":0.19013387,"change":0.0392232291},"cash":{"current":0.1013514253,"target":0.0,"change":-0.1013514253}}