{"BTC-USD":{"current":0.1148164385,"target":0.142975431,"change":0.0281589925},"ETH-USD+":{"current":0.0847513424,"target":0.0811337446,"change":-0.0036175978},"XRP-USD+":{"current":0.0261563478,"target":0.0224478444,"change":-0.0037085034},"cash":{"current":0.7742758713,"target":0.75344298,"change":-0.0208328913}}