{"BTC-USD":{"current":0.053303038,"target":0.0553013465,"change":0.0019983085},"ETH-USD+":{"current":0.0553042672,"target":0.0394720695,"change":-0.0158321977},"XRP-USD+":{"current":0.0726064605,"target":0.0545906227,"change":-0.0180158378},"cash":{"current":0.8187862342,"target":0.850635961,"change":0.0318497268}}