{"BTC-USD":{"current":0.1340986392,"target":0.103550758,"change":-0.0305478812},"ETH-USD+":{"current":0.0878568688,"target":0.071671084,"change":-0.0161857848},"XLM-USD+":{"current":0.0659244585,"target":0.0571252646,"change":-0.0087991939},"cash":{"current":0.7121200336,"target":0.767652894,"change":0.0555328604}}