{"D":0.0539223238,"MTD":0.1960640285,"M":0.3182878274,"YTD":0.2309057478,"Y":-0.2932520825,"Start (yearly)":5.1256479848}