{"D":-0.0079464667,"MTD":-0.0307180547,"M":-0.0476017536,"YTD":0.7693751409,"Y":0.2811326566,"Start (yearly)":4.9156631158}