{"BTC-USD":{"current":0.1089259079,"target":0.0561518975,"change":-0.0527740104},"ETH-USD+":{"current":0.157318856,"target":0.0495240225,"change":-0.1077948335},"XLM-USD+":{"current":0.1246369671,"target":0.0304675411,"change":-0.094169426},"cash":{"current":0.609118269,"target":0.863856539,"change":0.25473827}}