{"BTC-USD":{"current":0.0725161725,"target":0.101225271,"change":0.0287090985},"ETH-USD+":{"current":0.1044554529,"target":0.106729927,"change":0.0022744741},"XRP-USD+":{"current":0.2857714473,"target":0.295222111,"change":0.0094506637},"cash":{"current":0.5372569273,"target":0.496822691,"change":-0.0404342363}}