{"BTC-USD":{"current":0.3268826415,"target":0.33620414,"change":0.0093214985},"ETH-USD+":{"current":0.3258489578,"target":0.32236121,"change":-0.0034877478},"XLM-USD+":{"current":0.3472684006,"target":0.34143465,"change":-0.0058337506},"cash":{"current":0.0,"target":0.0,"change":0.0}}