{"BTC-USD":{"current":0.3146030212,"target":0.33352082,"change":0.0189177988},"ETH-USD+":{"current":0.4764448288,"target":0.468522939,"change":-0.0079218898},"XRP-USD+":{"current":0.20895215,"target":0.197956242,"change":-0.010995908},"cash":{"current":0.0,"target":0.0,"change":0.0}}