{"D":-0.0072636959,"MTD":-0.0133224992,"M":-0.1242470769,"YTD":0.5079972477,"Y":0.1381621387,"Start (yearly)":4.6801964688}