{"BTC-USD":{"current":0.3614942289,"target":0.34792521,"change":-0.0135690189},"ETH-USD+":{"current":0.3313864209,"target":0.339041449,"change":0.0076550281},"XLM-USD+":{"current":0.3071193502,"target":0.31303334,"change":0.0059139898},"cash":{"current":0.0,"target":0.0,"change":0.0}}