{"index":{"0":"current","1":"target","2":"change"},"BTC-USD":{"0":0.186892767,"1":0.1319395781,"2":-0.0549531889},"ETH-USD+":{"0":0.0856807544,"1":0.0307703265,"2":-0.0549104279},"XRP-USD+":{"0":0.2357930218,"1":0.178104772,"2":-0.0576882498},"cash":{"0":0.4916334568,"1":0.6591853234,"2":0.1675518666}}