{"D":-0.0122626242,"MTD":-0.047435772,"M":0.1508344635,"YTD":0.7648621469,"Y":0.0819443184,"Start (yearly)":5.1379951575}