{"BTC-USD":{"current":0.2241427178,"target":0.191011057,"change":-0.0331316608},"ETH-USD+":{"current":0.3569717558,"target":0.287801726,"change":-0.0691700298},"XRP-USD+":{"current":0.1545490927,"target":0.108830016,"change":-0.0457190767},"cash":{"current":0.2643364336,"target":0.412357201,"change":0.1480207674}}