{"BTC-USD":{"current":0.4321042893,"target":0.431443834,"change":-0.0006604553},"ETH-USD+":{"current":0.2060208771,"target":0.20738538,"change":0.0013645029},"XLM-USD+":{"current":0.3618748336,"target":0.361170785,"change":-0.0007040486},"cash":{"current":0.0,"target":0.0,"change":0.0}}