{"D":0.0012254465,"MTD":-0.1884036948,"M":-0.173212911,"YTD":0.7851619878,"Y":0.1389146331,"Start (yearly)":4.8349537536}