{"BTC-USD":{"current":0.1388892185,"target":0.0668931992,"change":-0.0719960193},"ETH-USD+":{"current":0.0799527181,"target":0.0416957936,"change":-0.0382569245},"XRP-USD+":{"current":0.0227895559,"target":0.0229335846,"change":0.0001440287},"cash":{"current":0.7583685075,"target":0.868477423,"change":0.1101089155}}