{"D":0.0224117422,"MTD":0.2193856078,"M":0.2478918978,"YTD":0.1679868362,"Y":-0.4032754814,"Start (yearly)":4.8645153079}