{"index":{"0":"current","1":"target","2":"change"},"BTC-USD":{"0":0.2025111046,"1":0.2042462212,"2":0.0017351166},"ETH-USD+":{"0":0.2035355831,"1":0.2084178938,"2":0.0048823108},"XRP-USD+":{"0":0.3699426581,"1":0.3880588864,"2":0.0181162282},"cash":{"0":0.2240106542,"1":0.1992769986,"2":-0.0247336556}}