{"index":{"0":"current","1":"target","2":"change"},"BTC-USD":{"0":0.1178976221,"1":0.1708872032,"2":0.0529895811},"ETH-USD+":{"0":0.1367380592,"1":0.1679311589,"2":0.0311930998},"XRP-USD+":{"0":0.1856861295,"1":0.3008269935,"2":0.115140864},"cash":{"0":0.5596781893,"1":0.3603546444,"2":-0.1993235449}}