{"D":0.0033773998,"MTD":0.0486668174,"M":0.0294819545,"YTD":-0.4968810194,"Y":-0.3588970819,"Start (yearly)":5.150625096}