{"BTC-USD":{"current":0.070177338,"target":0.165660776,"change":0.095483438},"ETH-USD+":{"current":0.0707811907,"target":0.144670744,"change":0.0738895533},"XLM-USD+":{"current":0.0406402751,"target":0.128160349,"change":0.0875200739},"cash":{"current":0.8184011962,"target":0.561508131,"change":-0.2568930652}}