{"BTC-USD":{"current":0.2820909057,"target":0.288207151,"change":0.0061162453},"ETH-USD+":{"current":0.5290703825,"target":0.516882693,"change":-0.0121876895},"XLM-USD+":{"current":0.1888387118,"target":0.194910156,"change":0.0060714442},"cash":{"current":0.0,"target":0.0,"change":0.0}}