{"index":{"0":"current","1":"target","2":"change"},"BTC-USD":{"0":0.1674492015,"1":0.1714286284,"2":0.0039794269},"ETH-USD+":{"0":0.1306287839,"1":0.1397115735,"2":0.0090827896},"XRP-USD+":{"0":0.2753796693,"1":0.2768507542,"2":0.0014710849},"cash":{"0":0.4265423452,"1":0.4120090438,"2":-0.0145333014}}