{"D":-0.004128314,"MTD":-0.1076653828,"M":-0.1324884251,"YTD":0.5136751966,"Y":0.1369426819,"Start (yearly)":4.7031455514}