{"index":{"0":"current","1":"target","2":"change"},"BTC-USD":{"0":0.2454516604,"1":0.124669187,"2":-0.1207824734},"ETH-USD+":{"0":0.1696470501,"1":0.077405238,"2":-0.0922418121},"XRP-USD+":{"0":0.1205678729,"1":0.0833745818,"2":-0.0371932911},"cash":{"0":0.4643334166,"1":0.714550993,"2":0.2502175764}}