{"BTC-USD":{"current":0.0671126205,"target":0.0962145558,"change":0.0291019353},"ETH-USD+":{"current":0.0424709963,"target":0.0698947203,"change":0.027423724},"XRP-USD+":{"current":0.0232585044,"target":0.0420777641,"change":0.0188192597},"cash":{"current":0.8671578788,"target":0.79181296,"change":-0.0753449188}}