{"BTC-USD":{"current":0.1802246469,"target":0.183267341,"change":0.0030426941},"ETH-USD+":{"current":0.3072462812,"target":0.303962146,"change":-0.0032841352},"XRP-USD+":{"current":0.1194389997,"target":0.125338082,"change":0.0058990823},"cash":{"current":0.3930900722,"target":0.387432432,"change":-0.0056576402}}