{"BTC-USD":{"current":0.4085927607,"target":0.418078913,"change":0.0094861523},"ETH-USD+":{"current":0.395742368,"target":0.407093794,"change":0.011351426},"XRP-USD+":{"current":0.1956648713,"target":0.174827293,"change":-0.0208375783},"cash":{"current":0.0,"target":0.0,"change":0.0}}