{"BTC-USD":{"current":0.1652984808,"target":0.165647385,"change":0.0003489042},"ETH-USD+":{"current":0.0963690657,"target":0.151033809,"change":0.0546647433},"XRP-USD+":{"current":0.0712934389,"target":0.0831781369,"change":0.011884698},"cash":{"current":0.6670390146,"target":0.600140669,"change":-0.0668983456}}