{"D":-0.0062228291,"MTD":0.0688168242,"M":0.160629692,"YTD":0.0688168242,"Y":-0.5738018376,"Start (yearly)":5.1435158154}