{"D":0.0024688046,"MTD":-0.0474972516,"M":-0.0537436299,"YTD":0.7058942312,"Y":0.2859867282,"Start (yearly)":4.7171381998}