{"BTC-USD":{"current":0.1951894503,"target":0.183857376,"change":-0.0113320743},"ETH-USD+":{"current":0.1023823653,"target":0.0677616701,"change":-0.0346206952},"XLM-USD+":{"current":0.0827068199,"target":0.0704916788,"change":-0.0122151411},"cash":{"current":0.6197213645,"target":0.677889276,"change":0.0581679115}}