{"BTC-USD":{"current":0.1682089471,"target":0.103219991,"change":-0.0649889561},"ETH-USD+":{"current":0.0506082673,"target":0.039419857,"change":-0.0111884103},"XLM-USD+":{"current":0.0674702843,"target":0.0501370727,"change":-0.0173332116},"cash":{"current":0.7137125013,"target":0.80722308,"change":0.0935105787}}