{"BTC-USD":{"current":0.1391224976,"target":0.113573835,"change":-0.0255486626},"ETH-USD+":{"current":0.1724670936,"target":0.133080393,"change":-0.0393867006},"XLM-USD+":{"current":0.0399121427,"target":0.0421060477,"change":0.002193905},"cash":{"current":0.6484982662,"target":0.711239725,"change":0.0627414588}}