{"D":-0.0005308728,"MTD":0.0048190058,"M":-0.0561945395,"YTD":0.6733634867,"Y":0.3633139768,"Start (yearly)":4.6400397586}