{"D":-0.0066104548,"MTD":0.1586989118,"M":0.2736960278,"YTD":0.1930445387,"Y":-0.3189740743,"Start (yearly)":5.1091269665}