{"D":-0.0501746633,"MTD":0.5449734341,"M":0.5449734341,"YTD":0.790037218,"Y":-0.0142693738,"Start (yearly)":5.1962486158}