{"BTC-USD":{"current":0.0968273524,"target":0.0934970959,"change":-0.0033302565},"ETH-USD+":{"current":0.064980689,"target":0.0718704049,"change":0.0068897159},"XRP-USD+":{"current":0.0377073994,"target":0.0380851719,"change":0.0003777725},"cash":{"current":0.8004845592,"target":0.796547327,"change":-0.0039372322}}