{"BTC-USD":{"current":0.1872737394,"target":0.209692351,"change":0.0224186116},"ETH-USD+":{"current":0.2878121207,"target":0.395726477,"change":0.1079143563},"XRP-USD+":{"current":0.10407495,"target":0.121246044,"change":0.017171094},"cash":{"current":0.4208391899,"target":0.273335128,"change":-0.1475040619}}