{"D":0.0051930783,"MTD":0.1790091089,"M":0.2224641783,"YTD":0.2133540131,"Y":-0.3967356201,"Start (yearly)":5.0740925904}