{"D":0.0653596814,"MTD":0.0842597491,"M":0.224212535,"YTD":0.3348922959,"Y":0.4250461025,"Start (yearly)":4.0282997575}