{"BTC-USD":{"current":0.1387396992,"target":0.137737499,"change":-0.0010022002},"ETH-USD+":{"current":0.1770021886,"target":0.175772783,"change":-0.0012294056},"XRP-USD+":{"current":0.1087804137,"target":0.100603727,"change":-0.0081766867},"cash":{"current":0.5754776985,"target":0.58588599,"change":0.0104082915}}