{"index":{"0":"current","1":"target","2":"change"},"BTC-USD":{"0":0.1829933988,"1":0.1813386763,"2":-0.0016547225},"ETH-USD+":{"0":0.1424670533,"1":0.1364241049,"2":-0.0060429484},"XRP-USD+":{"0":0.2728143772,"1":0.2768135569,"2":0.0039991797},"cash":{"0":0.4017251706,"1":0.4054236619,"2":0.0036984912}}