{"D":-0.0192949236,"MTD":-0.0718518033,"M":0.337147265,"YTD":0.6737564217,"Y":-0.0474125073,"Start (yearly)":4.9329093167}