{"index":{"0":"current","1":"target","2":"change"},"BTC-USD":{"0":0.1121421835,"1":0.1169575437,"2":0.0048153602},"ETH-USD+":{"0":0.0914960713,"1":0.0793471655,"2":-0.0121489058},"XRP-USD+":{"0":0.2374401908,"1":0.2268593809,"2":-0.0105808099},"cash":{"0":0.5589215544,"1":0.5768359099,"2":0.0179143555}}