{"index":{"0":"current","1":"target","2":"change"},"BTC-USD":{"0":0.1641045414,"1":0.1680743463,"2":0.003969805},"ETH-USD+":{"0":0.1542715978,"1":0.1819220866,"2":0.0276504889},"XRP-USD+":{"0":0.0938237049,"1":0.1054232646,"2":0.0115995597},"cash":{"0":0.587800156,"1":0.5445803024,"2":-0.0432198535}}