{"BTC-USD":{"current":0.1124634177,"target":0.122110503,"change":0.0096470853},"ETH-USD+":{"current":0.0944260832,"target":0.103180133,"change":0.0087540498},"XLM-USD+":{"current":0.0716940428,"target":0.0798065871,"change":0.0081125443},"cash":{"current":0.7214164563,"target":0.694902778,"change":-0.0265136783}}