{"D":0.0075503374,"MTD":0.0095837439,"M":-0.0258609672,"YTD":0.7125659395,"Y":0.3105860883,"Start (yearly)":4.8106777726}