{"D":-0.0746916755,"MTD":-0.0746916755,"M":0.1155789321,"YTD":1.06688743,"Y":0.3181924508,"Start (yearly)":5.1851879808}