{"D":-0.0054018831,"MTD":0.0080283802,"M":-0.09115991,"YTD":0.5406290522,"Y":0.1563455364,"Start (yearly)":4.6728868768}