{"D":-0.0042274177,"MTD":-0.1807364376,"M":-0.1125388972,"YTD":0.8020266483,"Y":0.1924526058,"Start (yearly)":4.8473144064}