{"BTC-USD":{"current":0.3382483618,"target":0.336620191,"change":-0.0016281708},"ETH-USD+":{"current":0.3491873907,"target":0.336283476,"change":-0.0129039147},"XLM-USD+":{"current":0.3125642475,"target":0.327096333,"change":0.0145320855},"cash":{"current":0.0,"target":0.0,"change":0.0}}