{"BTC-USD":{"current":0.3442528649,"target":0.294070775,"change":-0.0501820899},"ETH-USD+":{"current":0.4775605099,"target":0.396987187,"change":-0.0805733229},"XRP-USD+":{"current":0.1781866252,"target":0.131026824,"change":-0.0471598012},"cash":{"current":0.0,"target":0.177915213,"change":0.177915213}}