{"D":0.0510125147,"MTD":-0.0354519366,"M":0.2431044179,"YTD":1.1215899175,"Y":0.3920395905,"Start (yearly)":4.9998292996}