{"BTC-USD":{"current":0.2991947762,"target":0.236126479,"change":-0.0630682972},"ETH-USD+":{"current":0.5022230925,"target":0.373888889,"change":-0.1283342035},"XLM-USD+":{"current":0.1985821313,"target":0.154444444,"change":-0.0441376873},"cash":{"current":0.0,"target":0.235540188,"change":0.235540188}}