{"BTC-USD":{"current":0.1017899525,"target":0.0919444444,"change":-0.0098455081},"ETH-USD+":{"current":0.1527625698,"target":0.155555556,"change":0.0027929862},"XLM-USD+":{"current":0.1649266671,"target":0.181934227,"change":0.0170075599},"cash":{"current":0.5805208106,"target":0.570565773,"change":-0.0099550376}}