{"BTC-USD":{"current":0.1943112158,"target":0.218244996,"change":0.0239337802},"ETH-USD+":{"current":0.0569818722,"target":0.0727763275,"change":0.0157944553},"XLM-USD+":{"current":0.0520697755,"target":0.0710924081,"change":0.0190226326},"cash":{"current":0.6966371366,"target":0.637886268,"change":-0.0587508686}}