{"BTC-USD":{"current":0.3654444221,"target":0.369282254,"change":0.0038378319},"ETH-USD+":{"current":0.3854585721,"target":0.388527781,"change":0.0030692089},"XLM-USD+":{"current":0.2144567949,"target":0.213035195,"change":-0.0014215999},"cash":{"current":0.034640211,"target":0.0291547699,"change":-0.0054854411}}