{"D":0.021888456,"MTD":0.204815798,"M":0.2003350642,"YTD":0.239912459,"Y":-0.3995691714,"Start (yearly)":5.0857090712}