{"BTC-USD":{"current":0.0864891921,"target":0.0682904864,"change":-0.0181987057},"ETH-USD+":{"current":0.1522631489,"target":0.103429472,"change":-0.0488336769},"XRP-USD+":{"current":0.2517538565,"target":0.241426884,"change":-0.0103269725},"cash":{"current":0.5094938026,"target":0.586853158,"change":0.0773593554}}