{"BTC-USD":{"current":0.141870372,"target":0.208844197,"change":0.066973825},"ETH-USD+":{"current":0.1859879152,"target":0.266088746,"change":0.0801008308},"XRP-USD+":{"current":0.0968645765,"target":0.113333333,"change":0.0164687565},"cash":{"current":0.5752771363,"target":0.411733723,"change":-0.1635434133}}