{"D":-0.0295535773,"MTD":0.1622577208,"M":0.1884202974,"YTD":0.1961146517,"Y":-0.4131523904,"Start (yearly)":5.0403060938}