{"BTC-USD":{"current":0.1015885165,"target":0.0818199872,"change":-0.0197685293},"ETH-USD+":{"current":0.0808231984,"target":0.0785538981,"change":-0.0022693003},"XRP-USD+":{"current":0.0584079727,"target":0.0454079392,"change":-0.0130000335},"cash":{"current":0.7591803124,"target":0.794218176,"change":0.0350378636}}