{"BTC-USD":{"current":0.2433242755,"target":0.202069006,"change":-0.0412552695},"ETH-USD+":{"current":0.2945374881,"target":0.278691396,"change":-0.0158460921},"XRP-USD+":{"current":0.1246909635,"target":0.106621967,"change":-0.0180689965},"cash":{"current":0.3374472729,"target":0.412617631,"change":0.0751703581}}