{"D":0.0183474521,"MTD":0.5127357997,"M":0.4653160928,"YTD":0.752686048,"Y":-0.0335324458,"Start (yearly)":5.2024684431}