{"BTC-USD":{"current":0.2688582485,"target":0.274166667,"change":0.0053084185},"ETH-USD+":{"current":0.2015214805,"target":0.205277778,"change":0.0037562975},"XLM-USD+":{"current":0.2392191821,"target":0.250229482,"change":0.0110102999},"cash":{"current":0.2904010889,"target":0.270326073,"change":-0.0200750159}}