{"D":0.0007766836,"MTD":-0.0697030571,"M":0.1347083016,"YTD":1.0462522183,"Y":0.349864184,"Start (yearly)":4.9953255547}