{"D":-0.0058699173,"MTD":0.0934852751,"M":0.017500706,"YTD":0.0207099517,"Y":-0.4567890501,"Start (yearly)":5.0483674564}