{"BTC-USD":{"current":0.4707310979,"target":0.284417231,"change":-0.1863138669},"ETH-USD+":{"current":0.4251565845,"target":0.36078854,"change":-0.0643680445},"XLM-USD+":{"current":0.1041123175,"target":0.0876579669,"change":-0.0164543506},"cash":{"current":0.0,"target":0.267136262,"change":0.267136262}}