{"D":-0.0772966795,"MTD":-0.0323916455,"M":-0.0526030578,"YTD":-0.535770446,"Y":-0.4276256773,"Start (yearly)":5.0886945629}