{"BTC-USD":{"current":0.0574877956,"target":0.0875291108,"change":0.0300413152},"ETH-USD+":{"current":0.0523304396,"target":0.131979631,"change":0.0796491914},"XRP-USD+":{"current":0.0693867723,"target":0.16373008,"change":0.0943433077},"cash":{"current":0.8207949925,"target":0.616761178,"change":-0.2040338145}}