{"BTC-USD":{"current":0.3057231261,"target":0.31265757,"change":0.0069344439},"ETH-USD+":{"current":0.399929663,"target":0.41463409,"change":0.014704427},"XRP-USD+":{"current":0.198406351,"target":0.191944444,"change":-0.006461907},"cash":{"current":0.0959408598,"target":0.0807638956,"change":-0.0151769642}}