{"BTC-USD":{"current":0.2147948389,"target":0.218055556,"change":0.0032607171},"ETH-USD+":{"current":0.3617901776,"target":0.370555556,"change":0.0087653784},"XLM-USD+":{"current":0.1693912259,"target":0.17214637,"change":0.0027551441},"cash":{"current":0.2540237576,"target":0.239242519,"change":-0.0147812386}}