{"D":0.0047084039,"MTD":-0.0069407812,"M":-0.1161737306,"YTD":0.5177508027,"Y":0.1268927572,"Start (yearly)":4.6871138487}