{"D":-0.000381305,"MTD":-0.0010585737,"M":-0.0827463387,"YTD":0.6945132808,"Y":0.3022719201,"Start (yearly)":4.819254615}