{"D":-0.0025965601,"MTD":0.0218635278,"M":-0.0412808492,"YTD":-0.1021005959,"Y":-0.5366719155,"Start (yearly)":5.0796832662}