{"BTC-USD":{"current":0.2880724958,"target":0.307803258,"change":0.0197307622},"ETH-USD+":{"current":0.3023714627,"target":0.323905893,"change":0.0215344303},"XLM-USD+":{"current":0.4095560415,"target":0.368290849,"change":-0.0412651925},"cash":{"current":0.0,"target":0.0,"change":0.0}}