{"D":-0.0161355645,"MTD":-0.0867406181,"M":-0.051673006,"YTD":-0.0867406181,"Y":-0.5548695326,"Start (yearly)":5.1737292055}