{"D":0.0055244766,"MTD":0.0233600127,"M":-0.0286954047,"YTD":-0.1007856524,"Y":-0.5426096187,"Start (yearly)":5.0737182854}