{"BTC-USD":{"current":0.2711230922,"target":0.267913892,"change":-0.0032092002},"ETH-USD+":{"current":0.1168508001,"target":0.0928602624,"change":-0.0239905377},"XLM-USD+":{"current":0.0314834666,"target":0.0325899887,"change":0.0011065221},"cash":{"current":0.5805426411,"target":0.606635856,"change":0.0260932149}}