{"D":0.0849939122,"MTD":0.1074955264,"M":0.0570472776,"YTD":-0.0270732133,"Y":-0.5252642514,"Start (yearly)":4.9340959353}