{"D":0.0253500335,"MTD":0.0818965486,"M":-0.0008277301,"YTD":0.2006198622,"Y":-0.4367921725,"Start (yearly)":4.8185221058}