{"D":0.0199968481,"MTD":0.1035310694,"M":0.0427052176,"YTD":0.2246284752,"Y":-0.4026700636,"Start (yearly)":4.8284284118}