{"BTC-USD":{"current":0.1528327263,"target":0.17,"change":0.0171672737},"ETH-USD+":{"current":0.2150011785,"target":0.249966676,"change":0.0349654975},"XLM-USD+":{"current":0.0569599553,"target":0.0669888319,"change":0.0100288766},"cash":{"current":0.5752061399,"target":0.513044492,"change":-0.0621616479}}