{"BTC-USD":{"current":0.2359460681,"target":0.24529045,"change":0.0093443819},"ETH-USD+":{"current":0.1082206249,"target":0.115082971,"change":0.0068623461},"XRP-USD+":{"current":0.0702814343,"target":0.0712297685,"change":0.0009483342},"cash":{"current":0.5855518727,"target":0.568396811,"change":-0.0171550617}}