{"index":{"0":"current","1":"target","2":"change"},"BTC-USD":{"0":0.1564957193,"1":0.1503646768,"2":-0.0061310424},"ETH-USD+":{"0":0.1098969742,"1":0.0895794088,"2":-0.0203175654},"XRP-USD+":{"0":0.1891705615,"1":0.2312288041,"2":0.0420582426},"cash":{"0":0.544436745,"1":0.5288271103,"2":-0.0156096347}}