{"D":-0.0155240696,"MTD":-0.0637694408,"M":-0.0643559113,"YTD":0.709041508,"Y":0.1886487455,"Start (yearly)":4.8680385083}