{"BTC-USD":{"current":0.1780764038,"target":0.148770668,"change":-0.0293057358},"ETH-USD+":{"current":0.2647064582,"target":0.225908018,"change":-0.0387984402},"XLM-USD+":{"current":0.1036318079,"target":0.0691833333,"change":-0.0344484746},"cash":{"current":0.4535853301,"target":0.556137981,"change":0.1025526509}}