{"D":0.0009551379,"MTD":0.0009551379,"M":-0.1561732254,"YTD":-0.120472551,"Y":-0.5632509146,"Start (yearly)":5.1072464686}