{"D":0.1364733485,"MTD":0.1109714156,"M":0.0638527892,"YTD":-0.2550098266,"Y":-0.1370137212,"Start (yearly)":5.4129152168}