{"BTC-USD":{"current":0.1575421334,"target":0.101090282,"change":-0.0564518514},"ETH-USD+":{"current":0.2276984277,"target":0.166090809,"change":-0.0616076187},"XRP-USD+":{"current":0.1917561221,"target":0.1251858,"change":-0.0665703221},"cash":{"current":0.4230033168,"target":0.607633109,"change":0.1846297922}}