{"BTC-USD":{"current":0.0387322881,"target":0.0695254995,"change":0.0307932114},"ETH-USD+":{"current":0.035463479,"target":0.0591754805,"change":0.0237120015},"XLM-USD+":{"current":0.0211402906,"target":0.0500512472,"change":0.0289109566},"cash":{"current":0.9046639423,"target":0.821247773,"change":-0.0834161693}}