{"D":0.0190177666,"MTD":-0.0037062395,"M":0.0342725595,"YTD":-0.0725556461,"Y":-0.5018445889,"Start (yearly)":4.8188298834}