{"BTC-USD":{"current":0.1311633864,"target":0.112525002,"change":-0.0186383844},"ETH-USD+":{"current":0.1522315193,"target":0.152836045,"change":0.0006045257},"XRP-USD+":{"current":0.0616549013,"target":0.0629681251,"change":0.0013132238},"cash":{"current":0.654950193,"target":0.671670828,"change":0.016720635}}