{"BTC-USD":{"current":0.1959101265,"target":0.18863459,"change":-0.0072755365},"ETH-USD+":{"current":0.0736729444,"target":0.0584104241,"change":-0.0152625203},"XRP-USD+":{"current":0.0603734069,"target":0.0491542535,"change":-0.0112191534},"cash":{"current":0.6700435222,"target":0.703800732,"change":0.0337572098}}