{"D":0.0036775594,"MTD":-0.0118133332,"M":-0.2139607429,"YTD":-0.3373462666,"Y":0.2774081375,"Start (yearly)":5.4011663959}