{"D":0.0228373102,"MTD":0.4864198367,"M":0.3972730748,"YTD":0.7221958453,"Y":-0.0588122635,"Start (yearly)":5.1936703365}