{"BTC-USD":{"current":0.2081043704,"target":0.20941317,"change":0.0013087996},"ETH-USD+":{"current":0.2659989551,"target":0.269551191,"change":0.0035522359},"XRP-USD+":{"current":0.113127681,"target":0.114722222,"change":0.001594541},"cash":{"current":0.4127689935,"target":0.406313417,"change":-0.0064555765}}