{"index":{"0":"current","1":"target","2":"change"},"BTC-USD":{"0":0.1813595041,"1":0.1774849073,"2":-0.0038745968},"ETH-USD+":{"0":0.197935899,"1":0.1897039775,"2":-0.0082319216},"XRP-USD+":{"0":0.6207045969,"1":0.530101703,"2":-0.0906028939},"cash":{"0":0.0,"1":0.1027094123,"2":0.1027094123}}