{"D":-0.0094180564,"MTD":-0.0107909652,"M":-0.1935004919,"YTD":-0.130793713,"Y":-0.5492782488,"Start (yearly)":5.0811863247}