{"D":0.0083869781,"MTD":0.1159566085,"M":0.0563874002,"YTD":-0.0194221181,"Y":-0.5037884092,"Start (yearly)":5.1211881948}