{"D":0.0948902207,"MTD":0.5938131218,"M":0.6108785658,"YTD":0.7687122612,"Y":-0.0931182347,"Start (yearly)":5.056536041}