{"BTC-USD":{"current":0.4737453681,"target":0.447057286,"change":-0.0266880821},"ETH-USD+":{"current":0.3769765345,"target":0.410474476,"change":0.0334979415},"XLM-USD+":{"current":0.1492780973,"target":0.142468238,"change":-0.0068098593},"cash":{"current":0.0,"target":0.0,"change":0.0}}