{"BTC-USD":{"current":0.2157624343,"target":0.180060343,"change":-0.0357020913},"ETH-USD+":{"current":0.0767464983,"target":0.115055944,"change":0.0383094457},"XLM-USD+":{"current":0.0718657577,"target":0.0832545801,"change":0.0113888224},"cash":{"current":0.6356253097,"target":0.621629133,"change":-0.0139961767}}