{"BTC-USD":{"current":0.1990081297,"target":0.235140762,"change":0.0361326323},"ETH-USD+":{"current":0.4085306264,"target":0.524366478,"change":0.1158358516},"XLM-USD+":{"current":0.1440607546,"target":0.163404097,"change":0.0193433424},"cash":{"current":0.2484004893,"target":0.0770886624,"change":-0.1713118269}}