{"BTC-USD":{"current":0.4489602161,"target":0.444017431,"change":-0.0049427851},"ETH-USD+":{"current":0.3783970527,"target":0.391052032,"change":0.0126549793},"XRP-USD+":{"current":0.1726427312,"target":0.164930537,"change":-0.0077121942},"cash":{"current":0.0,"target":0.0,"change":0.0}}