{"D":-0.003592303,"MTD":0.0211666164,"M":-0.0419346961,"YTD":-0.1027129637,"Y":-0.5380127648,"Start (yearly)":5.0862166912}