{"D":0.1104665579,"MTD":0.5738962347,"M":0.5595140957,"YTD":0.8235477551,"Y":-0.0890839239,"Start (yearly)":5.2622401689}