{"BTC-USD":{"current":0.2390330814,"target":0.238797085,"change":-0.0002359964},"ETH-USD+":{"current":0.5186413528,"target":0.499788971,"change":-0.0188523818},"XLM-USD+":{"current":0.1628317042,"target":0.161284479,"change":-0.0015472252},"cash":{"current":0.0794938616,"target":0.100129465,"change":0.0206356034}}