{"BTC-USD":{"current":0.4286930565,"target":0.410800126,"change":-0.0178929305},"ETH-USD+":{"current":0.405116648,"target":0.394454068,"change":-0.01066258},"XRP-USD+":{"current":0.1661902955,"target":0.194745805,"change":0.0285555095},"cash":{"current":0.0,"target":0.0,"change":0.0}}