{"BTC-USD":{"current":0.3906803556,"target":0.392277308,"change":0.0015969524},"ETH-USD+":{"current":0.4067361118,"target":0.403471021,"change":-0.0032650908},"XRP-USD+":{"current":0.2025835326,"target":0.204251671,"change":0.0016681384},"cash":{"current":0.0,"target":0.0,"change":0.0}}