{"BTC-USD":{"current":0.0768955851,"target":0.067371604,"change":-0.0095239811},"ETH-USD+":{"current":0.0951449892,"target":0.0761696678,"change":-0.0189753214},"XRP-USD+":{"current":0.1333946995,"target":0.0847647765,"change":-0.048629923},"cash":{"current":0.6945647262,"target":0.771693952,"change":0.0771292258}}