{"D":-0.0636126947,"MTD":0.1666416156,"M":0.2269936812,"YTD":0.1174660755,"Y":-0.3828874243,"Start (yearly)":4.8575876524}