{"BTC-USD":{"current":0.1942926371,"target":0.220707672,"change":0.0264150349},"ETH-USD+":{"current":0.0588157671,"target":0.0778354442,"change":0.0190196771},"XRP-USD+":{"current":0.0488059662,"target":0.0596069341,"change":0.0108009679},"cash":{"current":0.6980856297,"target":0.641849949,"change":-0.0562356807}}