{"BTC-USD":{"current":0.0972808306,"target":0.110914434,"change":0.0136336034},"ETH-USD+":{"current":0.0688915567,"target":0.0806109188,"change":0.0117193621},"XRP-USD+":{"current":0.0415934297,"target":0.0367135681,"change":-0.0048798616},"cash":{"current":0.792234183,"target":0.771761079,"change":-0.020473104}}