{"BTC-USD":{"current":0.2453724827,"target":0.272805141,"change":0.0274326583},"ETH-USD+":{"current":0.3273153128,"target":0.329062866,"change":0.0017475532},"XRP-USD+":{"current":0.1293706271,"target":0.13066826,"change":0.0012976329},"cash":{"current":0.2979415774,"target":0.267463733,"change":-0.0304778444}}