{"index":{"0":"current","1":"target","2":"change"},"BTC-USD":{"0":0.1790513471,"1":0.1848376031,"2":0.005786256},"ETH-USD+":{"0":0.1957988612,"1":0.2052803618,"2":0.0094815006},"XRP-USD+":{"0":0.6251497917,"1":0.6098820351,"2":-0.0152677566},"cash":{"0":0.0,"1":0.0,"2":0.0}}