{"D":-0.0072385517,"MTD":0.0828666751,"M":0.1606553265,"YTD":0.0828666751,"Y":-0.5197281349,"Start (yearly)":5.3474432631}