{"index":{"0":"current","1":"target","2":"change"},"BTC-USD":{"0":0.1801836032,"1":0.1822881284,"2":0.0021045251},"ETH-USD+":{"0":0.14423285,"1":0.1429026685,"2":-0.0013301815},"XRP-USD+":{"0":0.270994621,"1":0.2754584434,"2":0.0044638224},"cash":{"0":0.4045889257,"1":0.3993507597,"2":-0.005238166}}