{"BTC-USD":{"current":0.3894462473,"target":0.379627704,"change":-0.0098185433},"ETH-USD+":{"current":0.4059557335,"target":0.416820669,"change":0.0108649355},"XRP-USD+":{"current":0.2045980192,"target":0.203551628,"change":-0.0010463912},"cash":{"current":0.0,"target":0.0,"change":0.0}}