{"D":0.0355558667,"MTD":0.6250066501,"M":0.6250066501,"YTD":0.8033288516,"Y":0.0315965984,"Start (yearly)":5.0160109059}