{"D":0.0077790401,"MTD":-0.1161875268,"M":-0.1489735301,"YTD":-0.1161875268,"Y":-0.5675600545,"Start (yearly)":5.1178244966}