{"D":0.0331952676,"MTD":0.1843495751,"M":0.223462397,"YTD":0.1344276202,"Y":-0.376794642,"Start (yearly)":4.8514702515}