{"D":-0.0107986962,"MTD":-0.013262661,"M":-0.1919542062,"YTD":-0.133158405,"Y":-0.5675654641,"Start (yearly)":4.8947162871}