{"D":0.1355804691,"MTD":0.1223496994,"M":0.0638170518,"YTD":-0.461530176,"Y":-0.2702260787,"Start (yearly)":5.2076721278}