{"BTC-USD":{"current":0.103509811,"target":0.118735893,"change":0.015226082},"ETH-USD+":{"current":0.086199515,"target":0.0836434769,"change":-0.0025560381},"XLM-USD+":{"current":0.0613996704,"target":0.0635333662,"change":0.0021336958},"cash":{"current":0.7488910036,"target":0.734087264,"change":-0.0148037396}}