{"D":-0.0046019858,"MTD":-0.0598597558,"M":-0.1757984504,"YTD":-0.548948824,"Y":-0.4033289878,"Start (yearly)":5.1144623445}