{"BTC-USD":{"current":0.3903276092,"target":0.388643624,"change":-0.0016839852},"ETH-USD+":{"current":0.3720004703,"target":0.368612347,"change":-0.0033881233},"XRP-USD+":{"current":0.2376719205,"target":0.242744029,"change":0.0050721085},"cash":{"current":0.0,"target":0.0,"change":0.0}}