{"BTC-USD":{"current":0.0820990441,"target":0.0948609968,"change":0.0127619527},"ETH-USD+":{"current":0.0779627664,"target":0.0817664173,"change":0.0038036509},"XRP-USD+":{"current":0.0464838415,"target":0.0700683075,"change":0.023584466},"cash":{"current":0.7934543479,"target":0.753304278,"change":-0.0401500699}}