{"D":0.0013007424,"MTD":-0.070744468,"M":-0.0625477528,"YTD":0.6963089489,"Y":0.2031544339,"Start (yearly)":4.8569960875}