{"BTC-USD":{"current":0.1664110575,"target":0.166604646,"change":0.0001935885},"ETH-USD+":{"current":0.0642731523,"target":0.0535788716,"change":-0.0106942807},"XRP-USD+":{"current":0.1022438331,"target":0.0934157039,"change":-0.0088281292},"cash":{"current":0.6670719571,"target":0.686400779,"change":0.0193288219}}