{"D":0.0171196091,"MTD":0.0136680666,"M":-0.0913492775,"YTD":0.5492485166,"Y":0.1493674755,"Start (yearly)":4.6792444277}