{"BTC-USD":{"current":0.1072319396,"target":0.139539195,"change":0.0323072554},"ETH-USD+":{"current":0.041115377,"target":0.056660999,"change":0.015545622},"XLM-USD+":{"current":0.0704890134,"target":0.0705657051,"change":0.0000766917},"cash":{"current":0.78116367,"target":0.733234101,"change":-0.047929569}}