{"D":0.0003731746,"MTD":-0.0909348855,"M":-0.1604932364,"YTD":-0.0909348855,"Y":-0.5707695489,"Start (yearly)":4.9718309653}