{"BTC-USD":{"current":0.2129235143,"target":0.204548365,"change":-0.0083751493},"ETH-USD+":{"current":0.2837347275,"target":0.277806848,"change":-0.0059278795},"XRP-USD+":{"current":0.1185803438,"target":0.121782218,"change":0.0032018742},"cash":{"current":0.3847614144,"target":0.395862568,"change":0.0111011536}}