{"D":0.0036435819,"MTD":0.016033726,"M":-0.0594007756,"YTD":0.7235071019,"Y":0.2113201743,"Start (yearly)":4.8547811413}