{"BTC-USD":{"current":0.2630113041,"target":0.273446779,"change":0.0104354749},"ETH-USD+":{"current":0.1249220208,"target":0.121131853,"change":-0.0037901678},"XLM-USD+":{"current":0.0340188881,"target":0.0321383236,"change":-0.0018805645},"cash":{"current":0.578047787,"target":0.573283044,"change":-0.004764743}}