{"BTC-USD":{"current":0.2956747645,"target":0.355732321,"change":0.0600575565},"ETH-USD+":{"current":0.3442824743,"target":0.339319401,"change":-0.0049630733},"XLM-USD+":{"current":0.0562333357,"target":0.0470632874,"change":-0.0091700483},"cash":{"current":0.3038094255,"target":0.257884991,"change":-0.0459244345}}