{"index":{"0":"current","1":"target","2":"change"},"BTC-USD":{"0":0.1637596416,"1":0.185727732,"2":0.0219680904},"ETH-USD+":{"0":0.133433964,"1":0.1445260797,"2":0.0110921157},"XRP-USD+":{"0":0.2802434717,"1":0.2829799714,"2":0.0027364997},"cash":{"0":0.4225629227,"1":0.3867662169,"2":-0.0357967058}}