{"D":-0.0103661191,"MTD":0.0104040432,"M":-0.143783284,"YTD":0.8095931285,"Y":0.277189805,"Start (yearly)":4.7940746772}