{"BTC-USD":{"current":0.5407289023,"target":0.563211142,"change":0.0224822397},"ETH-USD+":{"current":0.3579977122,"target":0.358595583,"change":0.0005978708},"XRP-USD+":{"current":0.1012733855,"target":0.0781932749,"change":-0.0230801106},"cash":{"current":0.0,"target":0.0,"change":0.0}}