{"BTC-USD":{"current":0.1544293817,"target":0.137536316,"change":-0.0168930657},"ETH-USD+":{"current":0.0853716025,"target":0.0725259771,"change":-0.0128456254},"XLM-USD+":{"current":0.1058409226,"target":0.0880959403,"change":-0.0177449823},"cash":{"current":0.6543580931,"target":0.701841766,"change":0.0474836729}}