{"D":-0.0028196493,"MTD":0.0204486139,"M":-0.0393302407,"YTD":-0.1035432945,"Y":-0.5571661163,"Start (yearly)":4.9011247057}