{"D":0.012466261,"MTD":0.012466261,"M":-0.0627033775,"YTD":0.717455579,"Y":0.2174793182,"Start (yearly)":4.8556291054}