{"D":0.0079571923,"MTD":-0.0668534119,"M":0.020202347,"YTD":-0.0668534119,"Y":-0.5392099924,"Start (yearly)":5.2075849408}