{"BTC-USD":{"current":0.2953500283,"target":0.306818689,"change":0.0114686607},"ETH-USD+":{"current":0.3951795518,"target":0.396768608,"change":0.0015890562},"XRP-USD+":{"current":0.1294997144,"target":0.199722222,"change":0.0702225076},"cash":{"current":0.1799707055,"target":0.0966904801,"change":-0.0832802254}}