{"D":0.0226603719,"MTD":0.1030536806,"M":0.1030536806,"YTD":0.0296415459,"Y":-0.4207570469,"Start (yearly)":5.0236229075}