{"D":0.0065083371,"MTD":0.0041258317,"M":-0.006364725,"YTD":0.1143148754,"Y":-0.5086077661,"Start (yearly)":4.7883552838}