{"D":-0.0396794407,"MTD":-0.0856952648,"M":0.2292006905,"YTD":1.0110762558,"Y":0.3332296588,"Start (yearly)":4.9771850191}