{"BTC-USD":{"current":0.2462645528,"target":0.242009217,"change":-0.0042553358},"ETH-USD+":{"current":0.1068498997,"target":0.0870640415,"change":-0.0197858582},"XRP-USD+":{"current":0.0641815867,"target":0.0554239024,"change":-0.0087576843},"cash":{"current":0.5827039607,"target":0.615502839,"change":0.0327988783}}