{"BTC-USD":{"current":0.2819664171,"target":0.288207151,"change":0.0062407339},"ETH-USD+":{"current":0.5282385745,"target":0.516882693,"change":-0.0113558815},"XLM-USD+":{"current":0.1897950084,"target":0.194910156,"change":0.0051151476},"cash":{"current":0.0,"target":0.0,"change":0.0}}