{"D":-0.0246781601,"MTD":-0.0435941694,"M":-0.1131667945,"YTD":0.4617312739,"Y":0.1671007583,"Start (yearly)":4.6032824937}