{"BTC-USD":{"current":0.5077769084,"target":0.511582815,"change":0.0038059066},"ETH-USD+":{"current":0.3215465921,"target":0.318073316,"change":-0.0034732761},"XLM-USD+":{"current":0.1706764995,"target":0.170343869,"change":-0.0003326305},"cash":{"current":0.0,"target":0.0,"change":0.0}}