{"BTC-USD":{"current":0.1018143958,"target":0.107943142,"change":0.0061287462},"ETH-USD+":{"current":0.0698552004,"target":0.0750671265,"change":0.0052119261},"XLM-USD+":{"current":0.0568994196,"target":0.0565638133,"change":-0.0003356063},"cash":{"current":0.7714309842,"target":0.760425918,"change":-0.0110050662}}