{"BTC-USD":{"current":0.1828921806,"target":0.184722222,"change":0.0018300414},"ETH-USD+":{"current":0.314408147,"target":0.294044409,"change":-0.020363738},"XLM-USD+":{"current":0.1123326021,"target":0.123312321,"change":0.0109797189},"cash":{"current":0.3903670704,"target":0.397921048,"change":0.0075539776}}