{"BTC-USD":{"current":0.3842617328,"target":0.376970198,"change":-0.0072915348},"ETH-USD+":{"current":0.3970840329,"target":0.407539249,"change":0.0104552161},"XLM-USD+":{"current":0.2186542343,"target":0.215490552,"change":-0.0031636823},"cash":{"current":0.0,"target":0.0,"change":0.0}}