{"index":{"0":"current","1":"target","2":"change"},"BTC-USD":{"0":0.1658716885,"1":0.2037062443,"2":0.0378345557},"ETH-USD+":{"0":0.1598341563,"1":0.1846915229,"2":0.0248573666},"XRP-USD+":{"0":0.3376024043,"1":0.6116022328,"2":0.2739998285},"cash":{"0":0.3366917509,"1":0.0,"2":-0.3366917509}}