{"BTC-USD":{"current":0.4320601181,"target":0.431872546,"change":-0.0001875721},"ETH-USD+":{"current":0.342902158,"target":0.349136285,"change":0.006234127},"XRP-USD+":{"current":0.2250377239,"target":0.21899117,"change":-0.0060465539},"cash":{"current":0.0,"target":0.0,"change":0.0}}