{"BTC-USD":{"current":0.5301087894,"target":0.541784092,"change":0.0116753026},"ETH-USD+":{"current":0.3516008163,"target":0.339946263,"change":-0.0116545533},"XRP-USD+":{"current":0.1182903942,"target":0.118269645,"change":-0.0000207492},"cash":{"current":0.0,"target":0.0,"change":0.0}}