{"D":0.0104862406,"MTD":-0.1826857635,"M":-0.0543474169,"YTD":0.7977389717,"Y":0.1904232533,"Start (yearly)":4.8615000903}