{"BTC-USD":{"current":0.4272628853,"target":0.42627837,"change":-0.0009845153},"ETH-USD+":{"current":0.4309793479,"target":0.427147804,"change":-0.0038315439},"XLM-USD+":{"current":0.1417577668,"target":0.146573826,"change":0.0048160592},"cash":{"current":0.0,"target":0.0,"change":0.0}}