{"BTC-USD":{"current":0.1799947939,"target":0.151268296,"change":-0.0287264979},"ETH-USD+":{"current":0.2255017524,"target":0.224769573,"change":-0.0007321794},"XLM-USD+":{"current":0.3312388125,"target":0.359694588,"change":0.0284557755},"cash":{"current":0.2632646412,"target":0.264267543,"change":0.0010029018}}