{"D":0.1061174151,"MTD":0.0702884519,"M":0.0307516949,"YTD":-0.4865076058,"Y":-0.3660542433,"Start (yearly)":5.1582505103}