{"D":0.0050426278,"MTD":0.0057954807,"M":-0.0662139977,"YTD":0.6749896477,"Y":0.3764554303,"Start (yearly)":4.6435589882}