{"BTC-USD":{"current":0.3479607862,"target":0.352836306,"change":0.0048755198},"ETH-USD+":{"current":0.3697939699,"target":0.3720696,"change":0.0022756301},"XRP-USD+":{"current":0.1998512917,"target":0.211399149,"change":0.0115478573},"cash":{"current":0.0823939522,"target":0.0636949453,"change":-0.0186990069}}