{"BTC-USD":{"current":0.3986956543,"target":0.390265818,"change":-0.0084298363},"ETH-USD+":{"current":0.3955469896,"target":0.403624065,"change":0.0080770754},"XRP-USD+":{"current":0.2057573561,"target":0.206110117,"change":0.0003527609},"cash":{"current":0.0,"target":0.0,"change":0.0}}