{"BTC-USD":{"current":0.2085658104,"target":0.213163387,"change":0.0045975766},"ETH-USD+":{"current":0.2705950184,"target":0.285134955,"change":0.0145399366},"XRP-USD+":{"current":0.1140274748,"target":0.118985654,"change":0.0049581792},"cash":{"current":0.4068116965,"target":0.382716004,"change":-0.0240956925}}