{"BTC-USD":{"current":0.1559000653,"target":0.132409085,"change":-0.0234909803},"ETH-USD+":{"current":0.2075064762,"target":0.154166667,"change":-0.0533398092},"XRP-USD+":{"current":0.0964637349,"target":0.0630452674,"change":-0.0334184675},"cash":{"current":0.5401297236,"target":0.650378981,"change":0.1102492574}}