{"D":-0.0044137195,"MTD":0.1026073518,"M":0.0523817674,"YTD":-0.0313674392,"Y":-0.5293698989,"Start (yearly)":4.9276746345}