{"BTC-USD":{"current":0.2545378802,"target":0.31663139,"change":0.0620935098},"ETH-USD+":{"current":0.4368084812,"target":0.475559958,"change":0.0387514768},"XRP-USD+":{"current":0.1620819456,"target":0.207808651,"change":0.0457267054},"cash":{"current":0.146571693,"target":0.0,"change":-0.146571693}}