{"D":0.0101211245,"MTD":0.0243484969,"M":-0.0911754667,"YTD":0.8345670861,"Y":0.2569664022,"Start (yearly)":4.809025984}