{"BTC-USD":{"current":0.2201272556,"target":0.129449768,"change":-0.0906774876},"ETH-USD+":{"current":0.1891844501,"target":0.0914304612,"change":-0.0977539889},"XLM-USD+":{"current":0.0582970836,"target":0.0109908198,"change":-0.0473062638},"cash":{"current":0.5323912106,"target":0.76812895,"change":0.2357377394}}