{"index":{"0":"current","1":"target","2":"change"},"BTC-USD":{"0":0.1723701331,"1":0.187199992,"2":0.0148298589},"ETH-USD+":{"0":0.1286372418,"1":0.1425944858,"2":0.013957244},"XRP-USD+":{"0":0.2484244753,"1":0.3223642426,"2":0.0739397673},"cash":{"0":0.4505681498,"1":0.3478412796,"2":-0.1027268702}}