{"BTC-USD":{"current":0.5706453757,"target":0.518854879,"change":-0.0517904967},"ETH-USD+":{"current":0.323440135,"target":0.367167207,"change":0.043727072},"XLM-USD+":{"current":0.1059144893,"target":0.113977914,"change":0.0080634247},"cash":{"current":0.0,"target":0.0,"change":0.0}}