{"BTC-USD":{"current":0.4194606549,"target":0.389835175,"change":-0.0296254799},"ETH-USD+":{"current":0.3756759206,"target":0.390558593,"change":0.0148826724},"XRP-USD+":{"current":0.2048634245,"target":0.219606233,"change":0.0147428085},"cash":{"current":0.0,"target":0.0,"change":0.0}}