{"BTC-USD":{"current":0.2163240943,"target":0.257222222,"change":0.0408981277},"ETH-USD+":{"current":0.3175973903,"target":0.438423005,"change":0.1208256147},"XRP-USD+":{"current":0.1220861656,"target":0.155919733,"change":0.0338335674},"cash":{"current":0.3439923499,"target":0.14843504,"change":-0.1955573099}}