{"BTC-USD":{"current":0.3268813883,"target":0.28349823,"change":-0.0433831583},"ETH-USD+":{"current":0.3906560818,"target":0.292110843,"change":-0.0985452388},"XRP-USD+":{"current":0.2017020207,"target":0.156944444,"change":-0.0447575767},"cash":{"current":0.0807605091,"target":0.267446482,"change":0.1866859729}}