{"BTC-USD":{"current":0.3099317773,"target":0.318387794,"change":0.0084560167},"ETH-USD+":{"current":0.323439654,"target":0.331998261,"change":0.008558607},"XLM-USD+":{"current":0.3666285687,"target":0.349613945,"change":-0.0170146237},"cash":{"current":0.0,"target":0.0,"change":0.0}}