{"index":{"0":"current","1":"target","2":"change"},"BTC-USD":{"0":0.1097852577,"1":0.1636145574,"2":0.0538292997},"ETH-USD+":{"0":0.0329745602,"1":0.1055225372,"2":0.072547977},"XRP-USD+":{"0":0.0295491476,"1":0.0695891725,"2":0.0400400249},"cash":{"0":0.8276910345,"1":0.6612737329,"2":-0.1664173016}}