{"D":-0.0287343688,"MTD":0.2233654198,"M":0.362607703,"YTD":0.2590024372,"Y":-0.2816596954,"Start (yearly)":5.1275585382}