{"D":-0.0033320578,"MTD":-0.0498771575,"M":-0.2388792788,"YTD":-0.5441594719,"Y":-0.0013230917,"Start (yearly)":5.1330108886}