{"BTC-USD":{"current":0.0632440239,"target":0.0498286887,"change":-0.0134153352},"ETH-USD+":{"current":0.0541736002,"target":0.0349883227,"change":-0.0191852775},"XLM-USD+":{"current":0.0217016054,"target":0.0341186634,"change":0.012417058},"cash":{"current":0.8608807706,"target":0.881064325,"change":0.0201835544}}