{"D":0.0002180715,"MTD":0.5314751415,"M":0.4599280162,"YTD":0.6995335422,"Y":-0.072987053,"Start (yearly)":5.0091043706}