{"BTC-USD":{"current":0.2608956045,"target":0.265163134,"change":0.0042675295},"ETH-USD+":{"current":0.1214330065,"target":0.125337066,"change":0.0039040595},"XLM-USD+":{"current":0.0355966907,"target":0.0345841708,"change":-0.0010125199},"cash":{"current":0.5820746983,"target":0.574915629,"change":-0.0071590693}}