{"BTC-USD":{"current":0.4071913522,"target":0.425694745,"change":0.0185033928},"ETH-USD+":{"current":0.351814765,"target":0.347417769,"change":-0.004396996},"XLM-USD+":{"current":0.2409938828,"target":0.226887485,"change":-0.0141063978},"cash":{"current":0.0,"target":0.0,"change":0.0}}