{"BTC-USD":{"current":0.4083902627,"target":0.424505454,"change":0.0161151913},"ETH-USD+":{"current":0.3399804784,"target":0.333508092,"change":-0.0064723864},"XLM-USD+":{"current":0.2516292589,"target":0.241986454,"change":-0.0096428049},"cash":{"current":0.0,"target":0.0,"change":0.0}}