{"D":0.0098307498,"MTD":-0.1111431217,"M":0.1112016858,"YTD":0.9854648015,"Y":0.2922246243,"Start (yearly)":5.1200544425}