{"BTC-USD":{"current":0.1678410376,"target":0.178255978,"change":0.0104149404},"ETH-USD+":{"current":0.2437511832,"target":0.233779893,"change":-0.0099712902},"XRP-USD+":{"current":0.2785315825,"target":0.235428165,"change":-0.0431034175},"cash":{"current":0.3098761967,"target":0.352535963,"change":0.0426597663}}