{"D":0.0131765578,"MTD":-0.0258936159,"M":-0.0359685376,"YTD":0.7445854766,"Y":0.2519971448,"Start (yearly)":4.7403121567}