{"D":-0.078826454,"MTD":-0.0491813063,"M":-0.0673144943,"YTD":-0.3624043125,"Y":-0.3012224611,"Start (yearly)":5.2843567637}