{"BTC-USD":{"current":0.4034485023,"target":0.40322737,"change":-0.0002211323},"ETH-USD+":{"current":0.3477360168,"target":0.353993752,"change":0.0062577352},"XLM-USD+":{"current":0.2488154809,"target":0.242778878,"change":-0.0060366029},"cash":{"current":0.0,"target":0.0,"change":0.0}}