{"BTC-USD":{"current":0.125578404,"target":0.121117235,"change":-0.004461169},"ETH-USD+":{"current":0.1893011155,"target":0.192421654,"change":0.0031205385},"XLM-USD+":{"current":0.1744816971,"target":0.159517437,"change":-0.0149642601},"cash":{"current":0.5106387834,"target":0.526943673,"change":0.0163048896}}