{"BTC-USD":{"current":0.4613242587,"target":0.45757295,"change":-0.0037513087},"ETH-USD+":{"current":0.3672760781,"target":0.370626533,"change":0.0033504549},"XLM-USD+":{"current":0.1713996631,"target":0.171800517,"change":0.0004008539},"cash":{"current":0.0,"target":0.0,"change":0.0}}