{"BTC-USD":{"current":0.2572577121,"target":0.229099692,"change":-0.0281580201},"ETH-USD+":{"current":0.0939108978,"target":0.0936546424,"change":-0.0002562554},"XLM-USD+":{"current":0.0343677512,"target":0.0797477828,"change":0.0453800316},"cash":{"current":0.614463639,"target":0.597497882,"change":-0.016965757}}