{"BTC-USD":{"current":0.4095987622,"target":0.404787813,"change":-0.0048109492},"ETH-USD+":{"current":0.3891209878,"target":0.380440696,"change":-0.0086802918},"XRP-USD+":{"current":0.20128025,"target":0.214771491,"change":0.013491241},"cash":{"current":0.0,"target":0.0,"change":0.0}}