{"D":-0.0038246449,"MTD":-0.0391409905,"M":0.2383499849,"YTD":1.1134755894,"Y":0.3948090936,"Start (yearly)":4.9939891106}