{"BTC-USD":{"current":0.119309767,"target":0.10472544,"change":-0.014584327},"ETH-USD+":{"current":0.1870674914,"target":0.168055556,"change":-0.0190119354},"XLM-USD+":{"current":0.1592625982,"target":0.158333333,"change":-0.0009292652},"cash":{"current":0.5343601434,"target":0.568885671,"change":0.0345255276}}