{"BTC-USD":{"current":0.0673972385,"target":0.101588688,"change":0.0341914495},"ETH-USD+":{"current":0.0920862701,"target":0.1075,"change":0.0154137299},"XLM-USD+":{"current":0.1873197115,"target":0.190770168,"change":0.0034504565},"cash":{"current":0.6531967799,"target":0.600141145,"change":-0.0530556349}}