{"BTC-USD":{"current":0.0809195847,"target":0.0635703124,"change":-0.0173492723},"ETH-USD+":{"current":0.1540571504,"target":0.102545144,"change":-0.0515120064},"XLM-USD+":{"current":0.1790323663,"target":0.163611111,"change":-0.0154212553},"cash":{"current":0.5859908986,"target":0.670273433,"change":0.0842825344}}