{"D":-0.0481879827,"MTD":-0.1650227076,"M":0.0296284599,"YTD":0.83659008,"Y":0.2388925537,"Start (yearly)":4.8817927159}