{"BTC-USD":{"current":0.3374445016,"target":0.335594219,"change":-0.0018502826},"ETH-USD+":{"current":0.4675832536,"target":0.482222222,"change":0.0146389684},"XRP-USD+":{"current":0.1949722448,"target":0.179444444,"change":-0.0155278008},"cash":{"current":0.0,"target":0.0027391145,"change":0.0027391145}}