{"D":0.0031621778,"MTD":0.0207389313,"M":-0.0253946948,"YTD":-0.1032882528,"Y":-0.5618096578,"Start (yearly)":4.8879609101}