{"BTC-USD":{"current":0.1872186231,"target":0.153737909,"change":-0.0334807141},"ETH-USD+":{"current":0.0762898486,"target":0.0437371008,"change":-0.0325527478},"XLM-USD+":{"current":0.0474973477,"target":0.0393149267,"change":-0.008182421},"cash":{"current":0.6889941806,"target":0.763210063,"change":0.0742158824}}