{"BTC-USD":{"current":0.2207381056,"target":0.265176178,"change":0.0444380724},"ETH-USD+":{"current":0.2989441602,"target":0.346781822,"change":0.0478376618},"XLM-USD+":{"current":0.0536250173,"target":0.0648954352,"change":0.0112704179},"cash":{"current":0.426692717,"target":0.323146565,"change":-0.103546152}}