{"BTC-USD":{"current":0.1703447003,"target":0.168333333,"change":-0.0020113673},"ETH-USD+":{"current":0.24907993,"target":0.231238639,"change":-0.017841291},"XLM-USD+":{"current":0.0667506875,"target":0.0562879004,"change":-0.0104627871},"cash":{"current":0.5138246822,"target":0.544140127,"change":0.0303154448}}