{"BTC-USD":{"current":0.1096075736,"target":0.134444444,"change":0.0248368704},"ETH-USD+":{"current":0.1537184777,"target":0.161111111,"change":0.0073926333},"XLM-USD+":{"current":0.0430988243,"target":0.0466823903,"change":0.003583566},"cash":{"current":0.6935751243,"target":0.657762054,"change":-0.0358130703}}