{"BTC-USD":{"current":0.3875173232,"target":0.388467899,"change":0.0009505758},"ETH-USD+":{"current":0.3836486193,"target":0.377053065,"change":-0.0065955543},"XLM-USD+":{"current":0.2288340575,"target":0.213127437,"change":-0.0157066205},"cash":{"current":0.0,"target":0.0213516003,"change":0.0213516003}}