{"BTC-USD":{"current":0.419559762,"target":0.424829367,"change":0.005269605},"ETH-USD+":{"current":0.409458487,"target":0.411221477,"change":0.00176299},"XRP-USD+":{"current":0.170981751,"target":0.163949156,"change":-0.007032595},"cash":{"current":0.0,"target":0.0,"change":0.0}}