{"D":0.0037842915,"MTD":-0.0822352691,"M":0.2153104647,"YTD":1.0186867546,"Y":0.3376770836,"Start (yearly)":4.9764393401}