{"BTC-USD":{"current":0.0548419778,"target":0.0570338404,"change":0.0021918626},"ETH-USD+":{"current":0.0391732296,"target":0.0504721848,"change":0.0112989552},"XRP-USD+":{"current":0.0532372776,"target":0.0650171538,"change":0.0117798762},"cash":{"current":0.852747515,"target":0.827476821,"change":-0.025270694}}