{"BTC-USD":{"current":0.518319627,"target":0.55285967,"change":0.034540043},"ETH-USD+":{"current":0.384245385,"target":0.355549315,"change":-0.02869607},"XRP-USD+":{"current":0.097434988,"target":0.0915910153,"change":-0.0058439727},"cash":{"current":0.0,"target":0.0,"change":0.0}}