{"D":-0.0056770368,"MTD":-0.0495810484,"M":-0.0501764067,"YTD":0.7349417004,"Y":0.2191944416,"Start (yearly)":4.8808670808}