{"BTC-USD":{"current":0.0563319636,"target":0.0661110468,"change":0.0097790832},"ETH-USD+":{"current":0.0480492925,"target":0.055573562,"change":0.0075242695},"XLM-USD+":{"current":0.1360059603,"target":0.161063672,"change":0.0250577117},"cash":{"current":0.7596127836,"target":0.717251719,"change":-0.0423610646}}