{"D":0.0874324229,"MTD":0.6449979559,"M":0.6972120073,"YTD":0.9059276358,"Y":0.0546388991,"Start (yearly)":5.2508725194}