{"BTC-USD":{"current":0.2516593917,"target":0.309868291,"change":0.0582088993},"ETH-USD+":{"current":0.4376643161,"target":0.473530774,"change":0.0358664579},"XLM-USD+":{"current":0.1584950768,"target":0.216600935,"change":0.0581058582},"cash":{"current":0.1521812153,"target":0.0,"change":-0.1521812153}}