{"D":-0.0087052362,"MTD":0.0465609499,"M":-0.0148989748,"YTD":0.212566514,"Y":-0.4476046225,"Start (yearly)":5.0058424613}