{"D":-0.0040198614,"MTD":-0.0035865578,"M":-0.1840303807,"YTD":-0.1246580185,"Y":-0.5724135942,"Start (yearly)":4.9081606068}