{"BTC-USD":{"current":0.3152731917,"target":0.231618234,"change":-0.0836549577},"ETH-USD+":{"current":0.4028882125,"target":0.325985534,"change":-0.0769026785},"XLM-USD+":{"current":0.0886260965,"target":0.0746456724,"change":-0.0139804241},"cash":{"current":0.1932124993,"target":0.36775056,"change":0.1745380607}}