{"BTC-USD":{"current":0.4055743489,"target":0.400050355,"change":-0.0055239939},"ETH-USD+":{"current":0.3874936822,"target":0.381201437,"change":-0.0062922452},"XLM-USD+":{"current":0.206931969,"target":0.218748208,"change":0.011816239},"cash":{"current":0.0,"target":0.0,"change":0.0}}