{"BTC-USD":{"current":0.1615715449,"target":0.185849729,"change":0.0242781841},"ETH-USD+":{"current":0.0467014943,"target":0.0888019619,"change":0.0421004676},"XRP-USD+":{"current":0.0289874615,"target":0.102181532,"change":0.0731940705},"cash":{"current":0.7627394994,"target":0.623166777,"change":-0.1395727224}}