{"BTC-USD":{"current":0.2348895279,"target":0.292782328,"change":0.0578928001},"ETH-USD+":{"current":0.4992895762,"target":0.540453176,"change":0.0411635998},"XRP-USD+":{"current":0.1282036889,"target":0.166764496,"change":0.0385608071},"cash":{"current":0.1376172071,"target":0.0,"change":-0.1376172071}}