{"BTC-USD":{"current":0.1706716623,"target":0.154792709,"change":-0.0158789533},"ETH-USD+":{"current":0.240207813,"target":0.230426975,"change":-0.009780838},"XLM-USD+":{"current":0.2231842088,"target":0.187333664,"change":-0.0358505448},"cash":{"current":0.3659363159,"target":0.427446652,"change":0.0615103361}}