{"BTC-USD":{"current":0.1489934316,"target":0.114598477,"change":-0.0343949546},"ETH-USD+":{"current":0.0784809014,"target":0.0531785438,"change":-0.0253023576},"XRP-USD+":{"current":0.0798135808,"target":0.0758445404,"change":-0.0039690404},"cash":{"current":0.6927120862,"target":0.756378438,"change":0.0636663518}}