{"D":0.0000647301,"MTD":-0.0850822539,"M":-0.1640375572,"YTD":-0.0850822539,"Y":-0.5607957234,"Start (yearly)":5.1642144704}