{"BTC-USD":{"current":0.1646300039,"target":0.160732985,"change":-0.0038970189},"ETH-USD+":{"current":0.0537755253,"target":0.0558489341,"change":0.0020734088},"XRP-USD+":{"current":0.0932410291,"target":0.0930526672,"change":-0.0001883619},"cash":{"current":0.6883534418,"target":0.690365414,"change":0.0020119722}}