{"D":-0.0001700624,"MTD":0.2151434514,"M":0.2491879726,"YTD":0.1639234926,"Y":-0.4343259565,"Start (yearly)":4.8492303729}