{"D":-0.0004339445,"MTD":-0.0428572649,"M":-0.028898464,"YTD":0.4628575285,"Y":0.1737038811,"Start (yearly)":4.600895252}