{"D":-0.0019992539,"MTD":-0.0015811081,"M":0.0724530544,"YTD":-0.0680294265,"Y":-0.5101166238,"Start (yearly)":5.0295531609}