{"D":-0.0012483317,"MTD":0.1535441803,"M":0.2118910886,"YTD":0.1871472831,"Y":-0.3574122186,"Start (yearly)":5.0760830217}