{"D":0.0050592752,"MTD":-0.0062637568,"M":-0.1929192876,"YTD":-0.5232350664,"Y":0.3197695615,"Start (yearly)":5.191589388}