{"BTC-USD":{"current":0.3866867784,"target":0.384631006,"change":-0.0020557724},"ETH-USD+":{"current":0.3713227655,"target":0.369276474,"change":-0.0020462915},"XRP-USD+":{"current":0.2419904561,"target":0.24609252,"change":0.0041020639},"cash":{"current":0.0,"target":0.0,"change":0.0}}