{"D":0.0019727778,"MTD":-0.0709881903,"M":0.0082351492,"YTD":-0.0709881903,"Y":-0.5598902226,"Start (yearly)":5.0112797837}