{"BTC-USD":{"current":0.4595256364,"target":0.480404406,"change":0.0208787696},"ETH-USD+":{"current":0.3713278781,"target":0.369087488,"change":-0.0022403901},"XLM-USD+":{"current":0.1691464855,"target":0.150508107,"change":-0.0186383785},"cash":{"current":0.0,"target":0.0,"change":0.0}}