{"BTC-USD":{"current":0.4313037427,"target":0.444697277,"change":0.0133935343},"ETH-USD+":{"current":0.3469267466,"target":0.353086554,"change":0.0061598074},"XLM-USD+":{"current":0.2217695107,"target":0.202216169,"change":-0.0195533417},"cash":{"current":0.0,"target":0.0,"change":0.0}}