{"D":-0.0498858129,"MTD":-0.1197961852,"M":0.1481768966,"YTD":0.9661362083,"Y":0.2768741044,"Start (yearly)":5.1167674515}