{"D":0.043799113,"MTD":0.0854541469,"M":0.1250423844,"YTD":0.0854541469,"Y":-0.504243569,"Start (yearly)":5.1764876171}