{"D":0.0708132283,"MTD":0.4173288006,"M":0.3832703053,"YTD":0.6421455847,"Y":-0.1875255502,"Start (yearly)":5.1917999102}