{"D":0.0183801785,"MTD":0.0215673396,"M":0.1072333078,"YTD":0.8927075731,"Y":0.1543685846,"Start (yearly)":5.1656794391}