{"D":0.0745951744,"MTD":0.205629413,"M":0.1722587974,"YTD":1.2337283426,"Y":0.4310565382,"Start (yearly)":5.249569828}