{"D":0.0027364905,"MTD":0.0027364905,"M":0.0620872396,"YTD":-0.0665581443,"Y":-0.5393096803,"Start (yearly)":4.8689860633}