{"BTC-USD":{"current":0.1129022914,"target":0.135,"change":0.0220977086},"ETH-USD+":{"current":0.1535506935,"target":0.157777778,"change":0.0042270845},"XRP-USD+":{"current":0.063767085,"target":0.0766229944,"change":0.0128559094},"cash":{"current":0.6697799301,"target":0.630599228,"change":-0.0391807021}}