{"BTC-USD":{"current":0.4260991336,"target":0.416738558,"change":-0.0093605756},"ETH-USD+":{"current":0.3798855393,"target":0.375390488,"change":-0.0044950513},"XRP-USD+":{"current":0.1940153271,"target":0.207870954,"change":0.0138556269},"cash":{"current":0.0,"target":0.0,"change":0.0}}