{"BTC-USD":{"current":0.2391022712,"target":0.178333333,"change":-0.0607689382},"ETH-USD+":{"current":0.369918824,"target":0.278272088,"change":-0.091646736},"XLM-USD+":{"current":0.1529301839,"target":0.102500474,"change":-0.0504297099},"cash":{"current":0.2380487209,"target":0.440894105,"change":0.2028453841}}