{"BTC-USD":{"current":0.2183362646,"target":0.183608463,"change":-0.0347278016},"ETH-USD+":{"current":0.0781542274,"target":0.117376623,"change":0.0392223956},"XRP-USD+":{"current":0.0579512982,"target":0.107072136,"change":0.0491208378},"cash":{"current":0.6455582097,"target":0.591942778,"change":-0.0536154317}}