{"D":0.0013860218,"MTD":-0.0327251885,"M":-0.0220758812,"YTD":0.4779311925,"Y":0.2392260289,"Start (yearly)":4.4495192873}