{"BTC-USD":{"current":0.1571747514,"target":0.192409741,"change":0.0352349896},"ETH-USD+":{"current":0.0803412907,"target":0.122194948,"change":0.0418536573},"XLM-USD+":{"current":0.0578294936,"target":0.060264005,"change":0.0024345114},"cash":{"current":0.7046544643,"target":0.625131306,"change":-0.0795231583}}