{"BTC-USD":{"current":0.2277244046,"target":0.152300188,"change":-0.0754242166},"ETH-USD+":{"current":0.3189107469,"target":0.251096769,"change":-0.0678139779},"XLM-USD+":{"current":0.0737495544,"target":0.0491598153,"change":-0.0245897391},"cash":{"current":0.3796152941,"target":0.547443228,"change":0.1678279339}}