{"index":{"0":"current","1":"target","2":"change"},"BTC-USD":{"0":0.1180595506,"1":0.107877158,"2":-0.0101823926},"ETH-USD+":{"0":0.0297401015,"1":0.0309527679,"2":0.0012126664},"XRP-USD+":{"0":0.0274450134,"1":0.0291261554,"2":0.0016811419},"cash":{"0":0.8247553344,"1":0.8320439187,"2":0.0072885842}}