{"D":-0.0141673388,"MTD":-0.0926205255,"M":-0.0484402293,"YTD":-0.0926205255,"Y":-0.5723955995,"Start (yearly)":4.9808363539}