{"D":0.0026368849,"MTD":-0.047371793,"M":-0.246474755,"YTD":-0.5429574729,"Y":-0.1610162815,"Start (yearly)":5.1313082925}