{"D":0.0718817955,"MTD":0.2197270025,"M":0.1886903061,"YTD":1.1995688946,"Y":0.4641467311,"Start (yearly)":5.0572369546}