{"D":0.0323101675,"MTD":0.1729180536,"M":0.2161486233,"YTD":0.2070855234,"Y":-0.3723580816,"Start (yearly)":5.0739255101}