{"D":-0.017972731,"MTD":-0.024123911,"M":-0.2327954966,"YTD":-0.5318038343,"Y":0.3180809365,"Start (yearly)":5.1745260186}