{"BTC-USD":{"current":0.3111074324,"target":0.316529929,"change":0.0054224966},"ETH-USD+":{"current":0.4182321877,"target":0.4127384,"change":-0.0054937877},"XRP-USD+":{"current":0.1907449599,"target":0.1825,"change":-0.0082449599},"cash":{"current":0.0799154199,"target":0.0882316717,"change":0.0083162518}}