{"D":0.0019763079,"MTD":-0.1814009153,"M":-0.1843754447,"YTD":0.8285279766,"Y":0.007864503,"Start (yearly)":5.0211978541}