{"D":0.0246014362,"MTD":0.0727629568,"M":0.1188968241,"YTD":0.0727629568,"Y":-0.5643779277,"Start (yearly)":5.1606477484}