{"D":-0.0225880251,"MTD":0.2261565529,"M":0.2885891219,"YTD":0.1744723767,"Y":-0.3308303212,"Start (yearly)":4.8976360705}