{"BTC-USD":{"current":0.4002888327,"target":0.390848286,"change":-0.0094405467},"ETH-USD+":{"current":0.3502657715,"target":0.353619821,"change":0.0033540495},"XLM-USD+":{"current":0.2494453958,"target":0.255531893,"change":0.0060864972},"cash":{"current":0.0,"target":0.0,"change":0.0}}