{"D":-0.0028545631,"MTD":-0.1772583651,"M":-0.0333760383,"YTD":0.8096769085,"Y":0.1928331305,"Start (yearly)":4.8595043178}