{"D":-0.008551546,"MTD":-0.1937193183,"M":-0.1937193183,"YTD":0.7734699077,"Y":0.1467868571,"Start (yearly)":4.8151315993}