{"D":0.0407511399,"MTD":0.1070068149,"M":0.0626367713,"YTD":0.0333315851,"Y":-0.4449097551,"Start (yearly)":5.0638491789}