{"D":-0.0168120479,"MTD":0.0117378661,"M":-0.1023638959,"YTD":0.811981952,"Y":0.2378191176,"Start (yearly)":4.8041680441}