{"D":-0.0488590895,"MTD":-0.0953097479,"M":0.4056346196,"YTD":0.6314540333,"Y":-0.0864207237,"Start (yearly)":4.9353494651}