{"D":-0.0040599117,"MTD":-0.0387461001,"M":-0.1444771202,"YTD":-0.5388191234,"Y":-0.4090635326,"Start (yearly)":5.1125909934}