{"D":-0.0237004944,"MTD":-0.0039433702,"M":-0.0452457547,"YTD":-0.0727763897,"Y":-0.5032405917,"Start (yearly)":4.7992886819}