{"D":-0.0078480368,"MTD":-0.1748190839,"M":-0.1029482621,"YTD":0.84323,"Y":0.0874915867,"Start (yearly)":5.0364272071}