{"BTC-USD":{"current":0.1777533148,"target":0.15604807,"change":-0.0217052448},"ETH-USD+":{"current":0.2533419991,"target":0.248864271,"change":-0.0044777281},"XLM-USD+":{"current":0.1118990589,"target":0.0733781358,"change":-0.0385209231},"cash":{"current":0.4570056272,"target":0.521709523,"change":0.0647038958}}