{"D":0.0019587619,"MTD":-0.0469090316,"M":-0.0564675968,"YTD":0.7398193318,"Y":0.2576490726,"Start (yearly)":4.8983957666}