{"D":0.001365083,"MTD":0.0817656817,"M":0.0288530272,"YTD":0.8350088065,"Y":0.3987553426,"Start (yearly)":4.8453844562}