{"BTC-USD":{"current":0.2579279624,"target":0.255098832,"change":-0.0028291304},"ETH-USD+":{"current":0.1394332949,"target":0.120951312,"change":-0.0184819829},"XLM-USD+":{"current":0.0884752905,"target":0.0358346452,"change":-0.0526406453},"cash":{"current":0.5141634522,"target":0.588115211,"change":0.0739517588}}