{"D":0.0881545408,"MTD":0.4556830371,"M":0.4466827788,"YTD":0.6154242934,"Y":-0.1695768292,"Start (yearly)":4.9979476824}