{"BTC-USD":{"current":0.3492141649,"target":0.370884565,"change":0.0216704001},"ETH-USD+":{"current":0.3395502286,"target":0.323739691,"change":-0.0158105376},"XLM-USD+":{"current":0.3112356064,"target":0.305375745,"change":-0.0058598614},"cash":{"current":0.0,"target":0.0,"change":0.0}}