{"D":-0.0227083203,"MTD":-0.0342533925,"M":-0.2468642132,"YTD":-0.3523940198,"Y":0.1379012307,"Start (yearly)":5.3797751063}