{"BTC-USD":{"current":0.2932403383,"target":0.303380352,"change":0.0101400137},"ETH-USD+":{"current":0.539532233,"target":0.528364704,"change":-0.011167529},"XRP-USD+":{"current":0.1672274286,"target":0.168254944,"change":0.0010275154},"cash":{"current":0.0,"target":0.0,"change":0.0}}