{"D":0.0129532203,"MTD":0.1198093594,"M":0.0775552747,"YTD":-0.0162556003,"Y":-0.5094465439,"Start (yearly)":4.928270173}