{"index":{"0":"current","1":"target","2":"change"},"BTC-USD":{"0":0.1633654322,"1":0.203829262,"2":0.0404638298},"ETH-USD+":{"0":0.0468733232,"1":0.0490687669,"2":0.0021954437},"XRP-USD+":{"0":0.2138337659,"1":0.2195083041,"2":0.0056745382},"cash":{"0":0.5759274787,"1":0.527593667,"2":-0.0483338117}}