{"BTC-USD":{"current":0.3898478929,"target":0.420270779,"change":0.0304228861},"ETH-USD+":{"current":0.3935557636,"target":0.372733041,"change":-0.0208227226},"XLM-USD+":{"current":0.2165963435,"target":0.20699618,"change":-0.0096001635},"cash":{"current":0.0,"target":0.0,"change":0.0}}