{"D":0.0008331695,"MTD":-0.1897500626,"M":-0.1897500626,"YTD":0.8098782498,"Y":0.0584648151,"Start (yearly)":4.9980179657}