{"D":-0.0049294664,"MTD":0.0101343312,"M":-0.0630552559,"YTD":0.6822153012,"Y":0.2290512966,"Start (yearly)":4.6697151431}