{"D":0.0267989734,"MTD":0.0777517882,"M":0.1071013038,"YTD":0.0777517882,"Y":-0.5140701801,"Start (yearly)":5.3590827706}