{"D":0.0176263324,"MTD":0.136035908,"M":0.0864166558,"YTD":-0.0017786749,"Y":-0.4805582537,"Start (yearly)":5.1232904532}