{"index":{"0":"current","1":"target","2":"change"},"BTC-USD":{"0":0.2655859275,"1":0.2379470387,"2":-0.0276388888},"ETH-USD+":{"0":0.1213229998,"1":0.0539295968,"2":-0.067393403},"XRP-USD+":{"0":0.2685441277,"1":0.2252549826,"2":-0.0432891451},"cash":{"0":0.3445469449,"1":0.4828683819,"2":0.138321437}}