{"index":{"0":"current","1":"target","2":"change"},"BTC-USD":{"0":0.1730122407,"1":0.1797186259,"2":0.0067063852},"ETH-USD+":{"0":0.1376485649,"1":0.1448761776,"2":0.0072276127},"XRP-USD+":{"0":0.246665572,"1":0.2732595449,"2":0.0265939729},"cash":{"0":0.4426736225,"1":0.4021456516,"2":-0.0405279708}}