{"BTC-USD":{"current":0.3968113384,"target":0.40621349,"change":0.0094021516},"ETH-USD+":{"current":0.3925602133,"target":0.397031677,"change":0.0044714637},"XRP-USD+":{"current":0.1632745349,"target":0.196754833,"change":0.0334802981},"cash":{"current":0.0473539135,"target":0.0,"change":-0.0473539135}}