{"D":0.0096791894,"MTD":0.0059370765,"M":-0.0375213466,"YTD":-0.0635787365,"Y":-0.4964726048,"Start (yearly)":4.8155848717}