{"BTC-USD":{"current":0.4123839761,"target":0.393251592,"change":-0.0191323841},"ETH-USD+":{"current":0.4335575074,"target":0.412613974,"change":-0.0209435334},"XLM-USD+":{"current":0.1540585165,"target":0.194134434,"change":0.0400759175},"cash":{"current":0.0,"target":0.0,"change":0.0}}