{"BTC-USD":{"current":0.2943684225,"target":0.303662402,"change":0.0092939795},"ETH-USD+":{"current":0.372009557,"target":0.469121499,"change":0.097111942},"XRP-USD+":{"current":0.1806733088,"target":0.227216099,"change":0.0465427902},"cash":{"current":0.1529487117,"target":0.0,"change":-0.1529487117}}