{"BTC-USD":{"current":0.136336539,"target":0.139444444,"change":0.003107905},"ETH-USD+":{"current":0.1759696454,"target":0.176246401,"change":0.0002767556},"XRP-USD+":{"current":0.1077698755,"target":0.110855585,"change":0.0030857095},"cash":{"current":0.5799239401,"target":0.573453569,"change":-0.0064703711}}