{"D":-0.0082502465,"MTD":0.6310523886,"M":0.6964255817,"YTD":0.8897700218,"Y":0.0559591116,"Start (yearly)":5.2377990341}