{"D":-0.0176586136,"MTD":-0.0506588435,"M":-0.0604776251,"YTD":0.7002319469,"Y":0.2627050999,"Start (yearly)":4.7180493928}