{"D":-0.0101778569,"MTD":-0.0012874325,"M":-0.0953951162,"YTD":0.5259659802,"Y":0.2658487148,"Start (yearly)":4.4904248166}