{"BTC-USD":{"current":0.4320349547,"target":0.423639596,"change":-0.0083953587},"ETH-USD+":{"current":0.4243624834,"target":0.428055991,"change":0.0036935076},"XLM-USD+":{"current":0.1436025619,"target":0.148304414,"change":0.0047018521},"cash":{"current":0.0,"target":0.0,"change":0.0}}