{"BTC-USD":{"current":0.1014463622,"target":0.0921616552,"change":-0.009284707},"ETH-USD+":{"current":0.1633617238,"target":0.167670603,"change":0.0043088792},"XRP-USD+":{"current":0.2211509149,"target":0.280444651,"change":0.0592937361},"cash":{"current":0.5140409991,"target":0.459723092,"change":-0.0543179071}}