{"index":{"0":"current","1":"target","2":"change"},"BTC-USD":{"0":0.1321765646,"1":0.16317859,"2":0.0310020254},"ETH-USD+":{"0":0.0308203951,"1":0.0478094081,"2":0.016989013},"XRP-USD+":{"0":0.1771997821,"1":0.2124110375,"2":0.0352112554},"cash":{"0":0.6598032582,"1":0.5766009643,"2":-0.0832022939}}