{"BTC-USD":{"current":0.237327352,"target":0.28124815,"change":0.043920798},"ETH-USD+":{"current":0.5109024825,"target":0.52861798,"change":0.0177154975},"XLM-USD+":{"current":0.1502435676,"target":0.19013387,"change":0.0398903024},"cash":{"current":0.1015265978,"target":0.0,"change":-0.1015265978}}