{"BTC-USD":{"current":0.0643069279,"target":0.0769447095,"change":0.0126377816},"ETH-USD+":{"current":0.1040043564,"target":0.147810859,"change":0.0438065026},"XLM-USD+":{"current":0.1679141961,"target":0.189669701,"change":0.0217555049},"cash":{"current":0.6637745196,"target":0.58557473,"change":-0.0781997896}}