{"BTC-USD":{"current":0.3724492671,"target":0.371276684,"change":-0.0011725831},"ETH-USD+":{"current":0.3900197813,"target":0.389032965,"change":-0.0009868163},"XRP-USD+":{"current":0.2375309516,"target":0.239690351,"change":0.0021593994},"cash":{"current":0.0,"target":0.0,"change":0.0}}