{"BTC-USD":{"current":0.1487867847,"target":0.183333333,"change":0.0345465483},"ETH-USD+":{"current":0.2238610719,"target":0.310615763,"change":0.0867546911},"XLM-USD+":{"current":0.068500559,"target":0.111425872,"change":0.042925313},"cash":{"current":0.5588515844,"target":0.394625031,"change":-0.1642265534}}