{"D":-0.0011568412,"MTD":0.008678985,"M":-0.0885389792,"YTD":0.6797916576,"Y":0.3519754103,"Start (yearly)":4.6658713249}