{"BTC-USD":{"current":0.128647346,"target":0.137222222,"change":0.008574876},"ETH-USD+":{"current":0.1649897341,"target":0.16487273,"change":-0.0001170041},"XLM-USD+":{"current":0.0378880362,"target":0.0448727005,"change":0.0069846643},"cash":{"current":0.6684748837,"target":0.653032348,"change":-0.0154425357}}