{"D":-0.0054134277,"MTD":-0.0634385437,"M":0.0107542728,"YTD":-0.0634385437,"Y":-0.5734660218,"Start (yearly)":5.2285856295}