{"BTC-USD":{"current":0.1444207736,"target":0.166667124,"change":0.0222463504},"ETH-USD+":{"current":0.0606646419,"target":0.0658616324,"change":0.0051969905},"XRP-USD+":{"current":0.0930653604,"target":0.0998056257,"change":0.0067402653},"cash":{"current":0.7018492241,"target":0.667665618,"change":-0.0341836061}}