{"D":0.0096942769,"MTD":0.0600603235,"M":0.1020271812,"YTD":-0.0104904508,"Y":-0.4747551627,"Start (yearly)":5.0507796172}