{"index":{"0":"current","1":"target","2":"change"},"BTC-USD":{"0":0.1187339157,"1":0.1735401645,"2":0.0548062488},"ETH-USD+":{"0":0.0816663683,"1":0.1384233698,"2":0.0567570015},"XRP-USD+":{"0":0.2341207731,"1":0.2432189982,"2":0.0090982251},"cash":{"0":0.5654789429,"1":0.4448174675,"2":-0.1206614754}}