{"BTC-USD":{"current":0.0694230128,"target":0.0707807523,"change":0.0013577395},"ETH-USD+":{"current":0.0876764191,"target":0.102345582,"change":0.0146691629},"XLM-USD+":{"current":0.1148184929,"target":0.131563306,"change":0.0167448131},"cash":{"current":0.7280820752,"target":0.69531036,"change":-0.0327717152}}