{"BTC-USD":{"current":0.3122594024,"target":0.313931999,"change":0.0016725966},"ETH-USD+":{"current":0.4121835966,"target":0.40093227,"change":-0.0112513266},"XLM-USD+":{"current":0.2126906432,"target":0.222222222,"change":0.0095315788},"cash":{"current":0.0628663578,"target":0.0629135089,"change":0.0000471511}}