{"BTC-USD":{"current":0.4219010618,"target":0.26673136,"change":-0.1551697018},"ETH-USD+":{"current":0.3801927521,"target":0.338141436,"change":-0.0420513161},"XRP-USD+":{"current":0.1979061861,"target":0.156274617,"change":-0.0416315691},"cash":{"current":0.0,"target":0.238852587,"change":0.238852587}}