{"BTC-USD":{"current":0.1012114167,"target":0.105469248,"change":0.0042578313},"ETH-USD+":{"current":0.1060017572,"target":0.108930868,"change":0.0029291108},"XRP-USD+":{"current":0.296666161,"target":0.305390569,"change":0.008724408},"cash":{"current":0.4961206651,"target":0.480209314,"change":-0.0159113511}}