{"D":-0.0007304928,"MTD":-0.0529360188,"M":-0.2757685429,"YTD":-0.3649221306,"Y":-0.034886316,"Start (yearly)":5.3572340657}