{"D":-0.0305349949,"MTD":-0.0305349949,"M":0.5062763974,"YTD":0.7482642143,"Y":-0.009404635,"Start (yearly)":4.9850732741}