{"D":-0.042246862,"MTD":-0.0797342684,"M":0.2021482218,"YTD":1.0241878779,"Y":0.3648421761,"Start (yearly)":4.9619713341}