{"BTC-USD":{"current":0.1561550273,"target":0.1501907282,"change":-0.0059642991},"ETH-USD+":{"current":0.1118425661,"target":0.1061994527,"change":-0.0056431134},"XRP-USD+":{"current":0.1897690788,"target":0.2509535001,"change":0.0611844213},"cash":{"current":0.5422333277,"target":0.492656319,"change":-0.0495770087}}