{"D":-0.0315960271,"MTD":0.036471589,"M":0.036471589,"YTD":-0.5027319254,"Y":-0.5027319254,"Start (yearly)":5.1240731988}