{"BTC-USD":{"current":0.5572435221,"target":0.556911562,"change":-0.0003319601},"ETH-USD+":{"current":0.3523325534,"target":0.35743947,"change":0.0051069166},"XRP-USD+":{"current":0.0904239245,"target":0.0856489675,"change":-0.004774957},"cash":{"current":0.0,"target":0.0,"change":0.0}}