{"BTC-USD":{"current":0.2297330103,"target":0.223333333,"change":-0.0063996773},"ETH-USD+":{"current":0.3952099677,"target":0.356747005,"change":-0.0384629627},"XLM-USD+":{"current":0.172493275,"target":0.171892437,"change":-0.000600838},"cash":{"current":0.2025637469,"target":0.248027224,"change":0.0454634771}}