{"BTC-USD":{"current":0.3750861417,"target":0.369840973,"change":-0.0052451687},"ETH-USD+":{"current":0.3876704694,"target":0.371652664,"change":-0.0160178054},"XRP-USD+":{"current":0.2372433889,"target":0.258506363,"change":0.0212629741},"cash":{"current":0.0,"target":0.0,"change":0.0}}