{
    "Dec": {
        "5": 0.1113010385,
        "8": null,
        "6": 0.1624406415,
        "4": -0.0943284051,
        "2": 0.0747812251,
        "0": 0.0158080373,
        "1": 0.3618425571,
        "7": 2.088174468,
        "3": -0.1528439434
    },
    "Oct": {
        "5": 0.3571377068,
        "8": null,
        "6": -0.0139572605,
        "4": -0.0697365113,
        "2": -0.0628606271,
        "0": 2.0429728204,
        "1": 0.0026915385,
        "7": 0.2210404208,
        "3": 0.4671632035
    },
    "Feb": {
        "5": 0.0517946099,
        "8": -0.0488573562,
        "6": 0.624164565,
        "4": 0.532952249,
        "2": -0.0710797394,
        "0": null,
        "1": 0.6866545783,
        "7": 0.3314597273,
        "3": 0.6354728564
    },
    "Jan": {
        "5": 0.0016092781,
        "8": 0.0512583344,
        "6": 0.643176015,
        "4": -0.0008897776,
        "2": 0.283174545,
        "0": null,
        "1": 0.4409208594,
        "7": 0.0475936497,
        "3": 0.5107327905
    },
    "Mar": {
        "5": -0.0316878918,
        "8": -0.1190351086,
        "6": 0.2398106979,
        "4": -0.1543158475,
        "2": -0.0227191176,
        "0": null,
        "1": -0.0457436667,
        "7": 1.9624804479,
        "3": 1.7112042327
    },
    "May": {
        "5": -0.0150835597,
        "8": -0.1671051788,
        "6": 0.2003416415,
        "4": 0.3263305234,
        "2": 0.0322778814,
        "0": null,
        "1": 1.0156722182,
        "7": 2.1911856112,
        "3": 0.0025513065
    },
    "Nov": {
        "5": 0.058280877,
        "8": null,
        "6": -0.0559857712,
        "4": -0.0143912222,
        "2": 0.1286329941,
        "0": 0.0253948271,
        "1": -0.1905012507,
        "7": 0.4137680166,
        "3": 3.1656582747
    },
    "Sep": {
        "5": 0.0018037386,
        "8": null,
        "6": 0.0130766064,
        "4": -0.1302079436,
        "2": 0.0487870715,
        "0": -0.0588349346,
        "1": -0.2105581687,
        "7": -0.2586741834,
        "3": -0.0131873174
    },
    "Year": {
        "5": 0.4566617969,
        "8": -0.2486972204,
        "6": 2.3762723383,
        "4": -0.053886764,
        "2": 1.8768743395,
        "0": 1.713827221,
        "1": 18.008293105,
        "7": 136.4821474874,
        "3": 100.4523859033
    },
    "Jun": {
        "5": 0.0707923362,
        "8": -0.1362892029,
        "6": 0.0491511586,
        "4": 0.0243347449,
        "2": 0.2694497154,
        "0": null,
        "1": 0.5231973816,
        "7": 0.0578042808,
        "3": -0.0606939166
    },
    "Apr": {
        "5": -0.0576735584,
        "8": 0.1856125257,
        "6": -0.1586900171,
        "4": -0.0430109309,
        "2": -0.0101090591,
        "0": null,
        "1": 2.521315549,
        "7": 0.7401098161,
        "3": 1.0631108767
    },
    "Aug": {
        "5": -0.1746047085,
        "8": null,
        "6": -0.077664944,
        "4": -0.1629367437,
        "2": 0.1186552549,
        "0": -0.0902636339,
        "1": -0.1281301014,
        "7": 0.5098324035,
        "3": 0.3468591968
    },
    "Jul": {
        "5": 0.0886965548,
        "8": null,
        "6": -0.0474387164,
        "4": -0.0707399861,
        "2": 0.4275037369,
        "0": null,
        "1": -0.0035660886,
        "7": -0.0507338547,
        "3": 0.1327923789
    },
    "year": {
        "5": 2015,
        "8": 2018,
        "6": 2016,
        "4": 2014,
        "2": 2012,
        "0": 2010,
        "1": 2011,
        "7": 2017,
        "3": 2013
    }
}