{"D":0.0047216055,"MTD":0.0034615584,"M":-0.0699425177,"YTD":0.7021808214,"Y":0.3084073117,"Start (yearly)":4.8190592983}