{"D":0.0073967464,"MTD":0.1211851841,"M":0.1752267711,"YTD":0.0739256948,"Y":-0.4765552455,"Start (yearly)":4.7830273977}