{"D":0.0141057795,"MTD":0.2406219427,"M":0.3818283469,"YTD":0.276761648,"Y":-0.2786100354,"Start (yearly)":5.1339130738}