{"BTC-USD":{"current":0.3403918651,"target":0.341612496,"change":0.0012206309},"ETH-USD+":{"current":0.3369733865,"target":0.337756966,"change":0.0007835795},"XLM-USD+":{"current":0.3226347484,"target":0.320630538,"change":-0.0020042104},"cash":{"current":0.0,"target":0.0,"change":0.0}}