{"BTC-USD":{"current":0.0698487803,"target":0.163579565,"change":0.0937307847},"ETH-USD+":{"current":0.0640910377,"target":0.157134928,"change":0.0930438903},"XRP-USD+":{"current":0.0465981516,"target":0.103276675,"change":0.0566785234},"cash":{"current":0.8194620304,"target":0.576008832,"change":-0.2434531984}}