{"D":-0.0097608659,"MTD":-0.1825577824,"M":-0.1113609784,"YTD":0.8259438498,"Y":0.0853436176,"Start (yearly)":5.0268247046}