{"D":-0.1292065136,"MTD":-0.0658877043,"M":0.0156105903,"YTD":-0.0658877043,"Y":-0.6208380982,"Start (yearly)":5.039598097}