{"BTC-USD":{"current":0.1520668922,"target":0.132894154,"change":-0.0191727382},"ETH-USD+":{"current":0.0816628703,"target":0.0701996889,"change":-0.0114631814},"XRP-USD+":{"current":0.0777445707,"target":0.0802625315,"change":0.0025179608},"cash":{"current":0.6885256669,"target":0.716643626,"change":0.0281179591}}