{"BTC-USD":{"current":0.2220031624,"target":0.194722222,"change":-0.0272809404},"ETH-USD+":{"current":0.3608578863,"target":0.289573618,"change":-0.0712842683},"XLM-USD+":{"current":0.1732665018,"target":0.141674814,"change":-0.0315916878},"cash":{"current":0.2438724495,"target":0.374029346,"change":0.1301568965}}