{"BTC-USD":{"current":0.235293313,"target":0.233820429,"change":-0.001472884},"ETH-USD+":{"current":0.5067346548,"target":0.571962738,"change":0.0652280832},"XLM-USD+":{"current":0.1591864994,"target":0.154123457,"change":-0.0050630424},"cash":{"current":0.0987855329,"target":0.0400933756,"change":-0.0586921573}}