{"D":0.045007408,"MTD":0.0892196449,"M":0.1056637357,"YTD":0.0892196449,"Y":-0.4339200518,"Start (yearly)":5.3746767593}