{"D":-0.0215763022,"MTD":-0.0201771936,"M":-0.0372904777,"YTD":-0.0878883661,"Y":-0.509629903,"Start (yearly)":4.7755024222}