{"index":{"0":"current","1":"target","2":"change"},"BTC-USD":{"0":0.1252771653,"1":0.0928347152,"2":-0.0324424501},"ETH-USD+":{"0":0.0940074382,"1":0.0615850978,"2":-0.0324223404},"XRP-USD+":{"0":0.2365415287,"1":0.2063331306,"2":-0.0302083981},"cash":{"0":0.5441738678,"1":0.6392470564,"2":0.0950731886}}