{"D":-0.00484353,"MTD":-0.0057636225,"M":0.0674879651,"YTD":-0.0744708525,"Y":-0.5280939827,"Start (yearly)":4.8434893066}