{"D":0.0133183783,"MTD":-0.0241063813,"M":-0.0411052475,"YTD":0.7814444161,"Y":0.2352597928,"Start (yearly)":4.9232642034}