{"BTC-USD":{"current":0.1737418635,"target":0.154467061,"change":-0.0192748025},"ETH-USD+":{"current":0.2315327024,"target":0.227440476,"change":-0.0040922264},"XRP-USD+":{"current":0.2895030646,"target":0.235681072,"change":-0.0538219926},"cash":{"current":0.3052223695,"target":0.382411391,"change":0.0771890215}}