{"BTC-USD":{"current":0.1038786525,"target":0.0560682845,"change":-0.047810368},"ETH-USD+":{"current":0.1551187597,"target":0.0491679631,"change":-0.1059507966},"XRP-USD+":{"current":0.1288295801,"target":0.0870252209,"change":-0.0418043592},"cash":{"current":0.6121730078,"target":0.807738531,"change":0.1955655232}}