{"BTC-USD":{"current":0.3476388991,"target":0.340920308,"change":-0.0067185911},"ETH-USD+":{"current":0.332964563,"target":0.330757404,"change":-0.002207159},"XLM-USD+":{"current":0.3193965379,"target":0.328322287,"change":0.0089257491},"cash":{"current":0.0,"target":0.0,"change":0.0}}