{"D":-0.0210830665,"MTD":0.1369247915,"M":0.2240615409,"YTD":0.0890018562,"Y":-0.3791156924,"Start (yearly)":4.8630222658}