{"D":0.0159727776,"MTD":0.0547526581,"M":0.1194134383,"YTD":0.9020658996,"Y":0.2097573293,"Start (yearly)":4.9857700831}