{"BTC-USD":{"current":0.1282350867,"target":0.150397256,"change":0.0221621693},"ETH-USD+":{"current":0.0891782564,"target":0.0864473374,"change":-0.002730919},"XLM-USD+":{"current":0.0110752931,"target":0.0163480531,"change":0.00527276},"cash":{"current":0.7715113637,"target":0.746807354,"change":-0.0247040097}}