{"BTC-USD":{"current":0.0760383958,"target":0.0463498356,"change":-0.0296885602},"ETH-USD+":{"current":0.0319623535,"target":0.031432571,"change":-0.0005297825},"XLM-USD+":{"current":0.0300812827,"target":0.0202444666,"change":-0.0098368161},"cash":{"current":0.861917968,"target":0.901973127,"change":0.040055159}}