{"BTC-USD":{"current":0.0794152819,"target":0.0802777778,"change":0.0008624959},"ETH-USD+":{"current":0.1329739208,"target":0.146633627,"change":0.0136597062},"XLM-USD+":{"current":0.1683997826,"target":0.153611111,"change":-0.0147886716},"cash":{"current":0.6192110146,"target":0.619477484,"change":0.0002664694}}