{"D":0.0072060249,"MTD":-0.1867746734,"M":-0.1867746734,"YTD":0.7887451327,"Y":0.1872727075,"Start (yearly)":4.8144469524}