{"D":0.0042105366,"MTD":0.6687584568,"M":0.7244040516,"YTD":0.8518818192,"Y":0.0677917275,"Start (yearly)":5.0441336136}