{"D":-0.0029263049,"MTD":-0.0204348991,"M":0.0151293495,"YTD":-0.0881282628,"Y":-0.5256077644,"Start (yearly)":4.8139272117}