{"BTC-USD":{"current":0.3810899903,"target":0.386961202,"change":0.0058712117},"ETH-USD+":{"current":0.3898410597,"target":0.397429971,"change":0.0075889113},"XRP-USD+":{"current":0.22906895,"target":0.215608827,"change":-0.013460123},"cash":{"current":0.0,"target":0.0,"change":0.0}}