{"BTC-USD":{"current":0.2665728106,"target":0.287633946,"change":0.0210611354},"ETH-USD+":{"current":0.3455157232,"target":0.347257887,"change":0.0017421638},"XLM-USD+":{"current":0.0633318902,"target":0.0582104021,"change":-0.0051214881},"cash":{"current":0.3245795759,"target":0.306897765,"change":-0.0176818109}}