{"index":{"0":"current","1":"target","2":"change"},"BTC-USD":{"0":0.2054930053,"1":0.2315402097,"2":0.0260472045},"ETH-USD+":{"0":0.206163158,"1":0.2429702072,"2":0.0368070492},"XRP-USD+":{"0":0.4550842993,"1":0.4515868347,"2":-0.0034974646},"cash":{"0":0.1332595374,"1":0.0739027484,"2":-0.059356789}}