{"index":{"0":"current","1":"target","2":"change"},"BTC-USD":{"0":0.1439840798,"1":0.1231496378,"2":-0.0208344419},"ETH-USD+":{"0":0.0286256785,"1":0.0309361487,"2":0.0023104702},"XRP-USD+":{"0":0.1047865947,"1":0.0513483454,"2":-0.0534382493},"cash":{"0":0.7226036471,"1":0.794565868,"2":0.0719622209}}