{"BTC-USD":{"current":0.1567661974,"target":0.158632438,"change":0.0018662406},"ETH-USD+":{"current":0.0476909631,"target":0.0580192541,"change":0.010328291},"XLM-USD+":{"current":0.0441956181,"target":0.0613799768,"change":0.0171843587},"cash":{"current":0.7513472214,"target":0.721968331,"change":-0.0293788904}}