{"index":{"0":"current","1":"target","2":"change"},"BTC-USD":{"0":0.3213160364,"1":0.2654569079,"2":-0.0558591286},"ETH-USD+":{"0":0.1064478115,"1":0.0349562112,"2":-0.0714916002},"XRP-USD+":{"0":0.2460621635,"1":0.1487961006,"2":-0.0972660629},"cash":{"0":0.3261739886,"1":0.5507907803,"2":0.2246167917}}