{"BTC-USD":{"current":0.2163560305,"target":0.219977427,"change":0.0036213965},"ETH-USD+":{"current":0.3512829707,"target":0.36188328,"change":0.0106003093},"XRP-USD+":{"current":0.1470775038,"target":0.152705233,"change":0.0056277292},"cash":{"current":0.285283495,"target":0.26543406,"change":-0.019849435}}