{"BTC-USD":{"current":0.4215299838,"target":0.402461316,"change":-0.0190686678},"ETH-USD+":{"current":0.3389739397,"target":0.347323559,"change":0.0083496193},"XLM-USD+":{"current":0.2394960764,"target":0.250215125,"change":0.0107190486},"cash":{"current":0.0,"target":0.0,"change":0.0}}