{"BTC-USD":{"current":0.1195665837,"target":0.0771921635,"change":-0.0423744202},"ETH-USD+":{"current":0.0488568705,"target":0.0334575714,"change":-0.0153992991},"XLM-USD+":{"current":0.03782166,"target":0.0313674566,"change":-0.0064542034},"cash":{"current":0.7937548859,"target":0.857982808,"change":0.0642279221}}