{"BTC-USD":{"current":0.2245690245,"target":0.225147973,"change":0.0005789485},"ETH-USD+":{"current":0.3859622942,"target":0.35237656,"change":-0.0335857342},"XRP-USD+":{"current":0.1523006924,"target":0.154038292,"change":0.0017375996},"cash":{"current":0.2371679889,"target":0.268437175,"change":0.0312691861}}