{"BTC-USD":{"current":0.1900537624,"target":0.135730989,"change":-0.0543227734},"ETH-USD+":{"current":0.0821578512,"target":0.0385135768,"change":-0.0436442744},"XLM-USD+":{"current":0.0506952726,"target":0.0433766858,"change":-0.0073185868},"cash":{"current":0.6770931138,"target":0.782378748,"change":0.1052856342}}