{"BTC-USD":{"current":0.1107642968,"target":0.113289541,"change":0.0025252442},"ETH-USD+":{"current":0.0769483176,"target":0.0953342176,"change":0.0183859},"XLM-USD+":{"current":0.0566675305,"target":0.0709662786,"change":0.0142987481},"cash":{"current":0.7556198551,"target":0.720409963,"change":-0.0352098921}}