{"D":0.0015365801,"MTD":0.0101452234,"M":-0.0753838412,"YTD":0.5434343134,"Y":0.1631028126,"Start (yearly)":4.5194883291}