{"D":0.0112474359,"MTD":-0.0685400241,"M":0.42557709,"YTD":0.6797286486,"Y":-0.059424112,"Start (yearly)":4.9483340641}