{"index":{"0":"current","1":"target","2":"change"},"BTC-USD":{"0":0.2092387283,"1":0.1145917152,"2":-0.0946470131},"ETH-USD+":{"0":0.2147666857,"1":0.0916863189,"2":-0.1230803669},"XRP-USD+":{"0":0.3664674905,"1":0.2175678322,"2":-0.1488996582},"cash":{"0":0.2095270955,"1":0.5761541337,"2":0.3666270382}}