{"index":{"0":"current","1":"target","2":"change"},"BTC-USD":{"0":0.1246442305,"1":0.148307488,"2":0.0236632575},"ETH-USD+":{"0":0.0776572908,"1":0.0798897677,"2":0.0022324769},"XRP-USD+":{"0":0.0826780729,"1":0.0765937535,"2":-0.0060843194},"cash":{"0":0.7150204058,"1":0.695208991,"2":-0.0198114148}}