{"BTC-USD":{"current":0.4067166414,"target":0.403101767,"change":-0.0036148744},"ETH-USD+":{"current":0.3857721572,"target":0.378856063,"change":-0.0069160942},"XLM-USD+":{"current":0.2075112014,"target":0.21804217,"change":0.0105309686},"cash":{"current":0.0,"target":0.0,"change":0.0}}