{"D":-0.0128513897,"MTD":-0.0702899755,"M":0.331282236,"YTD":0.7225190507,"Y":-0.0434816382,"Start (yearly)":5.1315231975}