{"D":0.0456675651,"MTD":0.5427550279,"M":0.4499147442,"YTD":0.7874669281,"Y":-0.0864994743,"Start (yearly)":5.2303564344}