{"D":0.0399071367,"MTD":0.0399071367,"M":0.0778342024,"YTD":0.0399071367,"Y":-0.4934486569,"Start (yearly)":5.1488744609}