{"D":-0.0165562613,"MTD":-0.0018894778,"M":-0.0849278758,"YTD":0.5250460951,"Y":0.3444546799,"Start (yearly)":4.5039513516}