{"D":-0.0656241456,"MTD":0.0859855508,"M":0.1561245606,"YTD":0.1176206496,"Y":-0.4808526021,"Start (yearly)":4.9903533147}