{"index":{"0":"current","1":"target","2":"change"},"BTC-USD":{"0":0.1634994272,"1":0.165869771,"2":0.0023703439},"ETH-USD+":{"0":0.1044355886,"1":0.1481462374,"2":0.0437106488},"XRP-USD+":{"0":0.0694998325,"1":0.0931532122,"2":0.0236533797},"cash":{"0":0.6625651518,"1":0.5928307794,"2":-0.0697343724}}