{"D":-0.047249863,"MTD":-0.0446426713,"M":0.0159878935,"YTD":-0.1106631442,"Y":-0.5604361024,"Start (yearly)":4.8263112385}