{"D":-0.0038644824,"MTD":-0.0445574314,"M":-0.0451559366,"YTD":0.744112059,"Y":0.2409799287,"Start (yearly)":4.8874099183}