{"D":0.0679754083,"MTD":0.0563747632,"M":0.1748341551,"YTD":0.9049910886,"Y":0.2214499649,"Start (yearly)":4.9966839455}