{"BTC-USD":{"current":0.1730134518,"target":0.166908174,"change":-0.0061052778},"ETH-USD+":{"current":0.2429897587,"target":0.222346891,"change":-0.0206428677},"XRP-USD+":{"current":0.1071952375,"target":0.103763259,"change":-0.0034319785},"cash":{"current":0.476801552,"target":0.506981676,"change":0.030180124}}