{"BTC-USD":{"current":0.4247832754,"target":0.458057614,"change":0.0332743386},"ETH-USD+":{"current":0.3880948808,"target":0.360756278,"change":-0.0273386028},"XLM-USD+":{"current":0.1871218438,"target":0.181186109,"change":-0.0059357348},"cash":{"current":0.0,"target":0.0,"change":0.0}}