{"D":-0.0341538395,"MTD":-0.0375923243,"M":-0.1080931914,"YTD":0.4704945346,"Y":0.2297936988,"Start (yearly)":4.4492825325}