{"D":-0.0092862058,"MTD":-0.0717629899,"M":-0.0086735874,"YTD":-0.0717629899,"Y":-0.5453364893,"Start (yearly)":5.196442667}