{"BTC-USD":{"current":0.3387990257,"target":0.348732619,"change":0.0099335933},"ETH-USD+":{"current":0.3564226928,"target":0.360699448,"change":0.0042767552},"XLM-USD+":{"current":0.3047782815,"target":0.290567932,"change":-0.0142103495},"cash":{"current":0.0,"target":0.0,"change":0.0}}