{"D":0.0265485397,"MTD":0.029108644,"M":-0.0869521594,"YTD":0.8430923187,"Y":0.2547416318,"Start (yearly)":4.8181972199}