{"BTC-USD":{"current":0.1959986892,"target":0.190195256,"change":-0.0058034332},"ETH-USD+":{"current":0.0717770442,"target":0.0563952892,"change":-0.015381755},"XLM-USD+":{"current":0.0816414109,"target":0.0520001456,"change":-0.0296412653},"cash":{"current":0.6505828556,"target":0.701409309,"change":0.0508264534}}