{"D":0.0075258326,"MTD":0.0135075905,"M":-0.0259788373,"YTD":-0.0565313869,"Y":-0.4940009827,"Start (yearly)":4.8173821505}