{"D":0.0526218445,"MTD":0.0409338733,"M":0.1282238684,"YTD":0.9285888935,"Y":0.1898185806,"Start (yearly)":5.1855960307}