{"BTC-USD":{"current":0.5651945958,"target":0.55312453,"change":-0.0120700658},"ETH-USD+":{"current":0.3574793679,"target":0.356839009,"change":-0.0006403589},"XRP-USD+":{"current":0.0773260362,"target":0.0900364606,"change":0.0127104244},"cash":{"current":0.0,"target":0.0,"change":0.0}}