{"D":-0.0562918601,"MTD":0.4532319284,"M":0.3688477714,"YTD":0.6837436689,"Y":-0.0658475018,"Start (yearly)":5.1813605025}