{"D":-0.0187402007,"MTD":0.0125554104,"M":-0.0996712823,"YTD":0.8483686617,"Y":0.213757811,"Start (yearly)":4.9892157275}