{"BTC-USD":{"current":0.1199384487,"target":0.104013477,"change":-0.0159249717},"ETH-USD+":{"current":0.1853929849,"target":0.166827622,"change":-0.0185653629},"XRP-USD+":{"current":0.2112568342,"target":0.211552791,"change":0.0002959568},"cash":{"current":0.4834117322,"target":0.51760611,"change":0.0341943778}}