{"D":-0.0288110606,"MTD":-0.0391699018,"M":-0.1166064891,"YTD":0.7539467218,"Y":0.2522195988,"Start (yearly)":4.9290107752}