{"D":-0.0000493901,"MTD":-0.1682918074,"M":-0.0170740577,"YTD":0.8578101626,"Y":0.1083675854,"Start (yearly)":5.0516360932}