{"BTC-USD":{"current":0.1191418434,"target":0.095877496,"change":-0.0232643474},"ETH-USD+":{"current":0.0996873356,"target":0.0821568522,"change":-0.0175304834},"XLM-USD+":{"current":0.0779854292,"target":0.0647958696,"change":-0.0131895596},"cash":{"current":0.7031853919,"target":0.757169782,"change":0.0539843901}}