{"D":0.0025602855,"MTD":0.0755095362,"M":0.1678973174,"YTD":0.0755095362,"Y":-0.5592585827,"Start (yearly)":5.1516530918}