{"D":0.0244899474,"MTD":0.1167420054,"M":0.0134073928,"YTD":0.293879693,"Y":-0.3434096158,"Start (yearly)":5.0401581655}