{"BTC-USD":{"current":0.5147920704,"target":0.513280023,"change":-0.0015120474},"ETH-USD+":{"current":0.3171607644,"target":0.324463285,"change":0.0073025206},"XLM-USD+":{"current":0.1680471652,"target":0.162256692,"change":-0.0057904732},"cash":{"current":0.0,"target":0.0,"change":0.0}}