{"BTC-USD":{"current":0.0752647625,"target":0.0809516258,"change":0.0056868633},"ETH-USD+":{"current":0.12879833,"target":0.142767921,"change":0.013969591},"XRP-USD+":{"current":0.1747478511,"target":0.229262867,"change":0.0545150159},"cash":{"current":0.6211890564,"target":0.547017586,"change":-0.0741714704}}