{"BTC-USD":{"current":0.4788199153,"target":0.530044223,"change":0.0512243077},"ETH-USD+":{"current":0.3801790798,"target":0.378924856,"change":-0.0012542238},"XRP-USD+":{"current":0.1410010049,"target":0.0910309211,"change":-0.0499700838},"cash":{"current":0.0,"target":0.0,"change":0.0}}