{"BTC-USD":{"current":0.4339600916,"target":0.452317172,"change":0.0183570804},"ETH-USD+":{"current":0.396780823,"target":0.385592124,"change":-0.011188699},"XRP-USD+":{"current":0.1692590854,"target":0.162090704,"change":-0.0071683814},"cash":{"current":0.0,"target":0.0,"change":0.0}}