{"D":-0.0007389706,"MTD":0.1657795017,"M":0.2214845163,"YTD":0.1166403009,"Y":-0.3831656764,"Start (yearly)":4.8538458942}