{"D":-0.0056081198,"MTD":-0.0023997139,"M":-0.1160931035,"YTD":0.5242664885,"Y":0.2807736038,"Start (yearly)":4.473202915}