{"D":-0.0376851905,"MTD":0.0002310121,"M":0.0841077716,"YTD":0.8531767198,"Y":0.1284137117,"Start (yearly)":5.1545353255}