{"D":-0.0394744518,"MTD":0.0361563699,"M":0.0214005996,"YTD":-0.0328035115,"Y":-0.4822213521,"Start (yearly)":4.9939317838}