{"BTC-USD":{"current":0.384158457,"target":0.406442796,"change":0.022284339},"ETH-USD+":{"current":0.4106738086,"target":0.394801613,"change":-0.0158721956},"XRP-USD+":{"current":0.2051677344,"target":0.198755591,"change":-0.0064121434},"cash":{"current":0.0,"target":0.0,"change":0.0}}