{"BTC-USD":{"current":0.3776093899,"target":0.388082277,"change":0.0104728871},"ETH-USD+":{"current":0.3716950341,"target":0.374209151,"change":0.0025141169},"XRP-USD+":{"current":0.250695576,"target":0.237708572,"change":-0.012987004},"cash":{"current":0.0,"target":0.0,"change":0.0}}