{"BTC-USD":{"current":0.4042512645,"target":0.420323965,"change":0.0160727005},"ETH-USD+":{"current":0.3956256026,"target":0.388619687,"change":-0.0070059156},"XRP-USD+":{"current":0.2001231328,"target":0.191056348,"change":-0.0090667848},"cash":{"current":0.0,"target":0.0,"change":0.0}}