{"D":0.0264065502,"MTD":0.2289336284,"M":0.3126741099,"YTD":1.2161714688,"Y":0.4769232579,"Start (yearly)":5.0723856918}