{"BTC-USD":{"current":0.077117348,"target":0.0380642743,"change":-0.0390530737},"ETH-USD+":{"current":0.0500280274,"target":0.0346010447,"change":-0.0154269827},"XLM-USD+":{"current":0.0605507792,"target":0.0207742125,"change":-0.0397765667},"cash":{"current":0.8123038454,"target":0.906560468,"change":0.0942566226}}