{"BTC-USD":{"current":0.3893044684,"target":0.392617487,"change":0.0033130186},"ETH-USD+":{"current":0.352256747,"target":0.342980643,"change":-0.009276104},"XLM-USD+":{"current":0.2584387846,"target":0.26440187,"change":0.0059630854},"cash":{"current":0.0,"target":0.0,"change":0.0}}