{"D":0.1087329298,"MTD":0.054203996,"M":0.0194738038,"YTD":-0.2930766654,"Y":-0.2053973447,"Start (yearly)":5.3578608784}