{"D":0.0029237079,"MTD":0.0860326609,"M":0.1640487435,"YTD":0.0860326609,"Y":-0.5285505454,"Start (yearly)":5.345840765}