{"index":{"0":"current","1":"target","2":"change"},"BTC-USD":{"0":0.1526980498,"1":0.1542790076,"2":0.0015809578},"ETH-USD+":{"0":0.1024433785,"1":0.1044114148,"2":0.0019680363},"XRP-USD+":{"0":0.2755246331,"1":0.2739777334,"2":-0.0015468997},"cash":{"0":0.4693339385,"1":0.4673318442,"2":-0.0020020944}}