{"BTC-USD":{"current":0.1753740612,"target":0.148880176,"change":-0.0264938852},"ETH-USD+":{"current":0.2582017732,"target":0.22833163,"change":-0.0298701432},"XRP-USD+":{"current":0.1137545362,"target":0.100836819,"change":-0.0129177172},"cash":{"current":0.4526696294,"target":0.521951375,"change":0.0692817456}}