{"BTC-USD":{"current":0.1689951826,"target":0.193224657,"change":0.0242294744},"ETH-USD+":{"current":0.0478497654,"target":0.0996800709,"change":0.0518303055},"XLM-USD+":{"current":0.043491872,"target":0.0726895832,"change":0.0291977112},"cash":{"current":0.73966318,"target":0.634405689,"change":-0.105257491}}