{"D":0.0022917038,"MTD":-0.0090697779,"M":-0.0996957714,"YTD":0.5140750771,"Y":0.1078885559,"Start (yearly)":4.5191904056}