{"BTC-USD":{"current":0.3190674367,"target":0.320008013,"change":0.0009405763},"ETH-USD+":{"current":0.2822197594,"target":0.325283986,"change":0.0430642266},"XRP-USD+":{"current":0.174398312,"target":0.175637363,"change":0.001239051},"cash":{"current":0.2243144918,"target":0.179070639,"change":-0.0452438528}}