{"D":-0.0010215688,"MTD":-0.0668419643,"M":0.0179649923,"YTD":-0.0668419643,"Y":-0.6031647952,"Start (yearly)":5.0353659038}