{"D":-0.0513811306,"MTD":0.0776650986,"M":0.0392673943,"YTD":-0.0530684152,"Y":-0.5097426846,"Start (yearly)":5.0753527696}