{"BTC-USD":{"current":0.170476676,"target":0.165409076,"change":-0.0050676},"ETH-USD+":{"current":0.0548939457,"target":0.056031802,"change":0.0011378563},"XLM-USD+":{"current":0.0833255027,"target":0.0672276238,"change":-0.0160978789},"cash":{"current":0.6913038756,"target":0.711331498,"change":0.0200276224}}