{"BTC-USD":{"current":0.0735418383,"target":0.186832991,"change":0.1132911527},"ETH-USD+":{"current":0.0582087509,"target":0.162141407,"change":0.1039326561},"XRP-USD+":{"current":0.2463122517,"target":0.307547406,"change":0.0612351543},"cash":{"current":0.6219371591,"target":0.343478196,"change":-0.2784589631}}