{"index":{"0":"current","1":"target","2":"change"},"BTC-USD":{"0":0.2131576356,"1":0.1924173203,"2":-0.0207403154},"ETH-USD+":{"0":0.1866470182,"1":0.2146662367,"2":0.0280192184},"XRP-USD+":{"0":0.6001953461,"1":0.5347098902,"2":-0.065485456},"cash":{"0":0.0,"1":0.0582065529,"2":0.0582065529}}