{"BTC-USD":{"current":0.1673783396,"target":0.156274898,"change":-0.0111034416},"ETH-USD+":{"current":0.2300495231,"target":0.226111111,"change":-0.0039384121},"XLM-USD+":{"current":0.055638196,"target":0.0517105519,"change":-0.0039276441},"cash":{"current":0.5469339413,"target":0.565903439,"change":0.0189694977}}