{"D":0.0221359479,"MTD":0.1279587757,"M":0.0489002422,"YTD":0.2517367873,"Y":-0.3452251483,"Start (yearly)":4.8397342673}