{"D":0.041584405,"MTD":0.045881807,"M":0.0433250097,"YTD":0.1606529965,"Y":-0.4901855214,"Start (yearly)":4.8120720533}