{"D":-0.0112064652,"MTD":-0.0096595389,"M":-0.0808014397,"YTD":0.7736600576,"Y":0.3326489932,"Start (yearly)":4.7690194515}