{"BTC-USD":{"current":0.1667632073,"target":0.170240647,"change":0.0034774397},"ETH-USD+":{"current":0.0538392691,"target":0.0546191442,"change":0.0007798751},"XLM-USD+":{"current":0.0668371107,"target":0.0634892546,"change":-0.0033478561},"cash":{"current":0.7125604129,"target":0.711650955,"change":-0.0009094579}}