{"BTC-USD":{"current":0.1917080931,"target":0.184428887,"change":-0.0072792061},"ETH-USD+":{"current":0.1040466898,"target":0.068376817,"change":-0.0356698728},"XRP-USD+":{"current":0.0894044771,"target":0.0551957438,"change":-0.0342087333},"cash":{"current":0.6148407399,"target":0.691998553,"change":0.0771578131}}