{"index":{"0":"current","1":"target","2":"change"},"BTC-USD":{"0":0.2076010803,"1":0.2014934347,"2":-0.0061076456},"ETH-USD+":{"0":0.2270573358,"1":0.222752969,"2":-0.0043043668},"XRP-USD+":{"0":0.3979203874,"1":0.384805595,"2":-0.0131147924},"cash":{"0":0.1674211965,"1":0.1909480013,"2":0.0235268048}}