{"BTC-USD":{"current":0.324964422,"target":0.282777778,"change":-0.042186644},"ETH-USD+":{"current":0.4489487476,"target":0.396666667,"change":-0.0522820806},"XLM-USD+":{"current":0.2260868304,"target":0.184166667,"change":-0.0419201634},"cash":{"current":0.0,"target":0.136388889,"change":0.136388889}}