{"index":{"0":"current","1":"target","2":"change"},"BTC-USD":{"0":0.0644533478,"1":0.0625167301,"2":-0.0019366177},"ETH-USD+":{"0":0.0401962808,"1":0.041172796,"2":0.0009765152},"XRP-USD+":{"0":0.2880443696,"1":0.2294910226,"2":-0.058553347},"cash":{"0":0.6073060018,"1":0.6668194513,"2":0.0595134495}}