{"D":0.0179104965,"MTD":0.0900468162,"M":0.0031355571,"YTD":0.2629501112,"Y":-0.3982631063,"Start (yearly)":5.0269527358}