{"BTC-USD":{"current":0.172200579,"target":0.187294773,"change":0.015094194},"ETH-USD+":{"current":0.156028313,"target":0.190666624,"change":0.034638311},"XLM-USD+":{"current":0.0693806023,"target":0.182963166,"change":0.1135825637},"cash":{"current":0.6023905057,"target":0.439075437,"change":-0.1633150687}}