{"D":-0.0320461537,"MTD":-0.1180459672,"M":-0.1507630296,"YTD":-0.1180459672,"Y":-0.5811066687,"Start (yearly)":5.1234314503}