{"BTC-USD":{"current":0.1511376784,"target":0.158020618,"change":0.0068829396},"ETH-USD+":{"current":0.0422611963,"target":0.0436020444,"change":0.0013408481},"XRP-USD+":{"current":0.0425324303,"target":0.0271579753,"change":-0.015374455},"cash":{"current":0.764068695,"target":0.771219363,"change":0.007150668}}