{"D":-0.0103754064,"MTD":0.0120121463,"M":-0.1401507197,"YTD":0.8473769604,"Y":0.2634653359,"Start (yearly)":4.9791469996}