{"D":0.0074385662,"MTD":0.2241823765,"M":0.2584801401,"YTD":0.1725814145,"Y":-0.4688309366,"Start (yearly)":4.8509498807}