{"D":-0.053634729,"MTD":-0.1290924716,"M":0.1529843966,"YTD":0.9156211096,"Y":0.2889628588,"Start (yearly)":4.9222479358}