{"D":-0.0147614178,"MTD":-0.0062810023,"M":-0.1064715871,"YTD":0.5187591816,"Y":0.2266392911,"Start (yearly)":4.6495701643}