{"D":0.0509922299,"MTD":0.254493074,"M":0.3183684619,"YTD":0.2016144747,"Y":-0.3133959242,"Start (yearly)":4.9164039349}