{"D":-0.0548875086,"MTD":0.0222295497,"M":-0.0186947414,"YTD":0.734017133,"Y":0.2892648711,"Start (yearly)":4.8063566346}