{"BTC-USD":{"current":0.0737239794,"target":0.0759944181,"change":0.0022704387},"ETH-USD+":{"current":0.088840909,"target":0.101511258,"change":0.012670349},"XRP-USD+":{"current":0.0995812576,"target":0.160493627,"change":0.0609123694},"cash":{"current":0.737853854,"target":0.662000697,"change":-0.075853157}}