{"D":-0.0027404437,"MTD":-0.0381599954,"M":0.2312654571,"YTD":1.1484892793,"Y":0.363553992,"Start (yearly)":5.1843681784}