{"BTC-USD":{"current":0.3304119979,"target":0.314924689,"change":-0.0154873089},"ETH-USD+":{"current":0.3987692176,"target":0.350314219,"change":-0.0484549986},"XLM-USD+":{"current":0.2708187845,"target":0.202436539,"change":-0.0683822455},"cash":{"current":0.0,"target":0.132324553,"change":0.132324553}}