{"D":0.0179836444,"MTD":0.0087507589,"M":-0.0766602363,"YTD":0.5413036649,"Y":0.1307820447,"Start (yearly)":4.5214619342}