{"BTC-USD":{"current":0.4136778695,"target":0.441005231,"change":0.0273273615},"ETH-USD+":{"current":0.3755680338,"target":0.346834439,"change":-0.0287335948},"XRP-USD+":{"current":0.2107540967,"target":0.212160329,"change":0.0014062323},"cash":{"current":0.0,"target":0.0,"change":0.0}}