{"D":-0.0002278135,"MTD":-0.0110163204,"M":-0.2033018204,"YTD":-0.1309917299,"Y":-0.5473254297,"Start (yearly)":5.0775126116}