{"D":-0.0751552971,"MTD":0.0274760288,"M":-0.0161013832,"YTD":-0.3109997844,"Y":-0.229385497,"Start (yearly)":5.3499607116}