{"D":-0.0096382383,"MTD":0.078611933,"M":0.078611933,"YTD":0.0068264833,"Y":-0.4348812793,"Start (yearly)":5.0115107508}