{"BTC-USD":{"current":0.1577378476,"target":0.187844495,"change":0.0301066474},"ETH-USD+":{"current":0.085508283,"target":0.124392386,"change":0.038884103},"XRP-USD+":{"current":0.0573786516,"target":0.0678254288,"change":0.0104467772},"cash":{"current":0.6993752178,"target":0.619937691,"change":-0.0794375268}}