{"index":{"0":"current","1":"target","2":"change"},"BTC-USD":{"0":0.1871356053,"1":0.1787270703,"2":-0.008408535},"ETH-USD+":{"0":0.1423766807,"1":0.1376680913,"2":-0.0047085894},"XRP-USD+":{"0":0.3216838614,"1":0.278227149,"2":-0.0434567124},"cash":{"0":0.3488038526,"1":0.4053776894,"2":0.0565738368}}