{"BTC-USD":{"current":0.2310159879,"target":0.23053939,"change":-0.0004765979},"ETH-USD+":{"current":0.1274333118,"target":0.107714597,"change":-0.0197187148},"XRP-USD+":{"current":0.1033239847,"target":0.0705387623,"change":-0.0327852224},"cash":{"current":0.5382267157,"target":0.591207251,"change":0.0529805353}}