{"BTC-USD":{"current":0.1626275249,"target":0.149918802,"change":-0.0127087229},"ETH-USD+":{"current":0.2409994804,"target":0.217486485,"change":-0.0235129954},"XRP-USD+":{"current":0.1061856863,"target":0.0986226832,"change":-0.0075630031},"cash":{"current":0.4901873083,"target":0.53397203,"change":0.0437847217}}