{"BTC-USD":{"current":0.3955685237,"target":0.366579563,"change":-0.0289889607},"ETH-USD+":{"current":0.3876975176,"target":0.388729166,"change":0.0010316484},"XRP-USD+":{"current":0.2167339587,"target":0.24469127,"change":0.0279573113},"cash":{"current":0.0,"target":0.0,"change":0.0}}