{"BTC-USD":{"current":0.1512581645,"target":0.132894154,"change":-0.0183640105},"ETH-USD+":{"current":0.081416312,"target":0.0701996889,"change":-0.0112166231},"XRP-USD+":{"current":0.0785734826,"target":0.0802625315,"change":0.0016890489},"cash":{"current":0.688752041,"target":0.716643626,"change":0.027891585}}