{"BTC-USD":{"current":0.2416749461,"target":0.175379841,"change":-0.0662951051},"ETH-USD+":{"current":0.3603722395,"target":0.271051923,"change":-0.0893203165},"XRP-USD+":{"current":0.1385432318,"target":0.114183656,"change":-0.0243595758},"cash":{"current":0.2594095826,"target":0.439384581,"change":0.1799749984}}