{"D":0.0119578946,"MTD":0.0636614004,"M":0.1041538252,"YTD":-0.0071290384,"Y":-0.4669997691,"Start (yearly)":5.0462605352}