{"D":0.0399807446,"MTD":0.284267442,"M":0.3717784121,"YTD":1.3159565314,"Y":0.5382299345,"Start (yearly)":5.0990151755}