{"D":-0.0058642231,"MTD":-0.0594144668,"M":-0.2664089319,"YTD":-0.3692664189,"Y":-0.1205785351,"Start (yearly)":5.3367352624}