{"BTC-USD":{"current":0.3873004839,"target":0.381319851,"change":-0.0059806329},"ETH-USD+":{"current":0.3740901118,"target":0.388864174,"change":0.0147740622},"XRP-USD+":{"current":0.2386094043,"target":0.229815975,"change":-0.0087934293},"cash":{"current":0.0,"target":0.0,"change":0.0}}