{"BTC-USD":{"current":0.3752101077,"target":0.405488803,"change":0.0302786953},"ETH-USD+":{"current":0.4006234691,"target":0.389434197,"change":-0.0111892721},"XLM-USD+":{"current":0.2241664231,"target":0.205076999,"change":-0.0190894241},"cash":{"current":0.0,"target":0.0,"change":0.0}}