{"BTC-USD":{"current":0.1265516477,"target":0.131826992,"change":0.0052753443},"ETH-USD+":{"current":0.0861480076,"target":0.0904842838,"change":0.0043362762},"XLM-USD+":{"current":0.0831542213,"target":0.0449624255,"change":-0.0381917958},"cash":{"current":0.7041461234,"target":0.732726298,"change":0.0285801746}}