{"index":{"0":"current","1":"target","2":"change"},"BTC-USD":{"0":0.1465510356,"1":0.0789914462,"2":-0.0675595893},"ETH-USD+":{"0":0.1581825747,"1":0.0435019268,"2":-0.1146806479},"XRP-USD+":{"0":0.3429293526,"1":0.2374651082,"2":-0.1054642445},"cash":{"0":0.3523370371,"1":0.6400415188,"2":0.2877044817}}