{"D":-0.0001594613,"MTD":0.0004189835,"M":0.0743566467,"YTD":-0.0661624481,"Y":-0.514266241,"Start (yearly)":5.0343902801}