{"BTC-USD":{"current":0.2172424949,"target":0.137318184,"change":-0.0799243109},"ETH-USD+":{"current":0.3009374207,"target":0.231825176,"change":-0.0691122447},"XRP-USD+":{"current":0.1452701128,"target":0.115245496,"change":-0.0300246168},"cash":{"current":0.3365499716,"target":0.515611145,"change":0.1790611734}}