{"D":-0.004311452,"MTD":-0.0851414728,"M":-0.0500124562,"YTD":-0.0851414728,"Y":-0.5488785665,"Start (yearly)":5.1677735351}