{"BTC-USD":{"current":0.1667695453,"target":0.258550456,"change":0.0917809107},"ETH-USD+":{"current":0.1585155046,"target":0.236794198,"change":0.0782786934},"XRP-USD+":{"current":0.1077917594,"target":0.171889323,"change":0.0640975636},"cash":{"current":0.5669231907,"target":0.332766023,"change":-0.2341571677}}