{"BTC-USD":{"current":0.0712435054,"target":0.0793951055,"change":0.0081516001},"ETH-USD+":{"current":0.1303837746,"target":0.133429121,"change":0.0030453464},"XLM-USD+":{"current":0.1395203908,"target":0.170469164,"change":0.0309487732},"cash":{"current":0.6588523292,"target":0.616706609,"change":-0.0421457202}}