{"D":0.0601632407,"MTD":0.0818069622,"M":0.0438266208,"YTD":0.835078831,"Y":0.3993667082,"Start (yearly)":4.8484923277}