{"BTC-USD":{"current":0.3683482051,"target":0.363661579,"change":-0.0046866261},"ETH-USD+":{"current":0.3801781768,"target":0.396152392,"change":0.0159742152},"XLM-USD+":{"current":0.2514736181,"target":0.240186029,"change":-0.0112875891},"cash":{"current":0.0,"target":0.0,"change":0.0}}