{"BTC-USD":{"current":0.1427105394,"target":0.199275733,"change":0.0565651936},"ETH-USD+":{"current":0.0571888239,"target":0.104091957,"change":0.0469031331},"XLM-USD+":{"current":0.0704630021,"target":0.0926510346,"change":0.0221880325},"cash":{"current":0.7296376346,"target":0.603981276,"change":-0.1256563586}}