{"D":0.000201198,"MTD":-0.0130641314,"M":-0.1938555888,"YTD":-0.1329839982,"Y":-0.5661436891,"Start (yearly)":4.8915093472}