{"D":0.0137828997,"MTD":-0.0587258856,"M":-0.1862258718,"YTD":-0.3688046732,"Y":-0.3026694092,"Start (yearly)":5.3144816409}