{"index":{"0":"current","1":"target","2":"change"},"BTC-USD":{"0":0.1786504577,"1":0.1825976114,"2":0.0039471537},"ETH-USD+":{"0":0.1384464878,"1":0.1490430949,"2":0.0105966071},"XRP-USD+":{"0":0.2790572879,"1":0.2789004457,"2":-0.0001568422},"cash":{"0":0.4038457666,"1":0.389458848,"2":-0.0143869186}}