{"BTC-USD":{"current":0.4676081745,"target":0.447895156,"change":-0.0197130185},"ETH-USD+":{"current":0.3790242477,"target":0.377976487,"change":-0.0010477607},"XRP-USD+":{"current":0.1533675778,"target":0.174128358,"change":0.0207607802},"cash":{"current":0.0,"target":0.0,"change":0.0}}