{"BTC-USD":{"current":0.3064426795,"target":0.302003252,"change":-0.0044394275},"ETH-USD+":{"current":0.3205318569,"target":0.336697942,"change":0.0161660851},"XLM-USD+":{"current":0.3730254636,"target":0.361298806,"change":-0.0117266576},"cash":{"current":0.0,"target":0.0,"change":0.0}}