{"D":-0.0172822669,"MTD":0.0085942926,"M":-0.0790616581,"YTD":0.5410645948,"Y":0.2957798226,"Start (yearly)":4.4990522812}