{"D":-0.0096518179,"MTD":0.0672636713,"M":0.0292365747,"YTD":-0.0622080265,"Y":-0.5146971654,"Start (yearly)":5.0650297984}