{"D":-0.0002290152,"MTD":-0.0133632247,"M":-0.1194741748,"YTD":0.5079350045,"Y":0.1292409413,"Start (yearly)":4.6772388395}