{"D":0.0245320778,"MTD":-0.0479171498,"M":0.2209062917,"YTD":1.0941718223,"Y":0.3875070809,"Start (yearly)":5.007552103}