{"BTC-USD":{"current":0.2875225257,"target":0.329574815,"change":0.0420522893},"ETH-USD+":{"current":0.3263752793,"target":0.416503484,"change":0.0901282047},"XLM-USD+":{"current":0.2078569731,"target":0.227520187,"change":0.0196632139},"cash":{"current":0.1782452219,"target":0.0264015139,"change":-0.151843708}}