{"BTC-USD":{"current":0.2068070432,"target":0.115916112,"change":-0.0908909312},"ETH-USD+":{"current":0.1796172894,"target":0.0869008146,"change":-0.0927164748},"XRP-USD+":{"current":0.062004309,"target":0.0262212733,"change":-0.0357830357},"cash":{"current":0.5515713584,"target":0.7709618,"change":0.2193904416}}