{"BTC-USD":{"current":0.3590844781,"target":0.35625646,"change":-0.0028280181},"ETH-USD+":{"current":0.4365791238,"target":0.377595908,"change":-0.0589832158},"XRP-USD+":{"current":0.2043363981,"target":0.188685641,"change":-0.0156507571},"cash":{"current":0.0,"target":0.0774619914,"change":0.0774619914}}