{"D":0.0071335057,"MTD":-0.0601852762,"M":0.0361127142,"YTD":-0.0601852762,"Y":-0.6146927908,"Start (yearly)":5.0299253453}