{"D":0.0004350524,"MTD":0.0004350524,"M":-0.1548524806,"YTD":-0.1211250631,"Y":-0.5772100439,"Start (yearly)":4.9210559592}