{"D":-0.132936703,"MTD":-0.0583409404,"M":0.0102961493,"YTD":-0.0583409404,"Y":-0.5876189145,"Start (yearly)":5.236256467}