{"D":0.0016266679,"MTD":-0.1830828994,"M":-0.1590704616,"YTD":0.8247708812,"Y":0.0354580775,"Start (yearly)":5.0231077311}