{"D":-0.0498134208,"MTD":-0.0971336692,"M":0.3801803366,"YTD":0.6727844318,"Y":-0.0876140023,"Start (yearly)":5.1318626608}