{"D":0.0041870721,"MTD":0.0247213058,"M":-0.0353078472,"YTD":-0.0997897657,"Y":-0.5556961733,"Start (yearly)":4.9006552594}