{"BTC-USD":{"current":0.545944425,"target":0.55181425,"change":0.005869825},"ETH-USD+":{"current":0.33816693,"target":0.331167843,"change":-0.006999087},"XRP-USD+":{"current":0.115888645,"target":0.117017907,"change":0.001129262},"cash":{"current":0.0,"target":0.0,"change":0.0}}