{"D":0.0377687363,"MTD":-0.0108622773,"M":0.1041932455,"YTD":0.7837405934,"Y":0.1463664757,"Start (yearly)":4.9623974011}