{"D":0.0168887399,"MTD":0.0143820073,"M":-0.0939697327,"YTD":0.5499078358,"Y":0.2882678239,"Start (yearly)":4.4969045486}