{"BTC-USD":{"current":0.1642073993,"target":0.1741505,"change":0.0099431007},"ETH-USD+":{"current":0.0619234587,"target":0.0698270405,"change":0.0079035818},"XLM-USD+":{"current":0.0654665836,"target":0.075433319,"change":0.0099667354},"cash":{"current":0.7084025584,"target":0.68058914,"change":-0.0278134184}}