{"index":{"0":"current","1":"target","2":"change"},"BTC-USD":{"0":0.2616749288,"1":0.2644285276,"2":0.0027535988},"ETH-USD+":{"0":0.1027284699,"1":0.1230040605,"2":0.0202755907},"XRP-USD+":{"0":0.271015498,"1":0.2769126872,"2":0.0058971892},"cash":{"0":0.3645811034,"1":0.3356547247,"2":-0.0289263786}}