{"D":-0.0031928057,"MTD":0.6621117657,"M":0.7243532656,"YTD":0.8445057449,"Y":0.067333517,"Start (yearly)":5.0380537097}