{"D":-0.0059360044,"MTD":-0.0473393473,"M":-0.0461712529,"YTD":0.7061770316,"Y":0.2665084498,"Start (yearly)":4.705263496}