{"BTC-USD":{"current":0.554525292,"target":0.568997019,"change":0.014471727},"ETH-USD+":{"current":0.3300712457,"target":0.337479116,"change":0.0074078703},"XRP-USD+":{"current":0.1154034623,"target":0.0935238647,"change":-0.0218795976},"cash":{"current":0.0,"target":0.0,"change":0.0}}