{"D":-0.0172916316,"MTD":0.0355043602,"M":-0.0036575172,"YTD":0.72446498,"Y":0.2852164223,"Start (yearly)":4.638150937}