{"BTC-USD":{"current":0.3554748387,"target":0.350150981,"change":-0.0053238577},"ETH-USD+":{"current":0.3338131883,"target":0.347508807,"change":0.0136956187},"XLM-USD+":{"current":0.310711973,"target":0.302340211,"change":-0.008371762},"cash":{"current":0.0,"target":0.0,"change":0.0}}