{"BTC-USD":{"current":0.3163884845,"target":0.31986353,"change":0.0034750455},"ETH-USD+":{"current":0.4121020769,"target":0.403211823,"change":-0.0088902539},"XRP-USD+":{"current":0.1836944995,"target":0.2,"change":0.0163055005},"cash":{"current":0.0878149391,"target":0.0769246468,"change":-0.0108902923}}