{"D":0.001714893,"MTD":0.0539881906,"M":0.0050105419,"YTD":0.7552468091,"Y":0.4052242745,"Start (yearly)":4.6519589644}