{"BTC-USD":{"current":0.3549419627,"target":0.383883803,"change":0.0289418403},"ETH-USD+":{"current":0.3647264267,"target":0.397274019,"change":0.0325475923},"XLM-USD+":{"current":0.1958139686,"target":0.218842178,"change":0.0230282094},"cash":{"current":0.084517642,"target":0.0,"change":-0.084517642}}