{"BTC-USD":{"current":0.3192855318,"target":0.213478821,"change":-0.1058067108},"ETH-USD+":{"current":0.3151228045,"target":0.199677397,"change":-0.1154454075},"XRP-USD+":{"current":0.1252583589,"target":0.0544194058,"change":-0.0708389531},"cash":{"current":0.2403333049,"target":0.532424376,"change":0.2920910711}}