{"BTC-USD":{"current":0.0924081848,"target":0.100267142,"change":0.0078589572},"ETH-USD+":{"current":0.1660158673,"target":0.170968919,"change":0.0049530517},"XRP-USD+":{"current":0.2785823987,"target":0.296382716,"change":0.0178003173},"cash":{"current":0.4629935491,"target":0.432381223,"change":-0.0306123261}}