{"BTC-USD":{"current":0.3620485624,"target":0.355810907,"change":-0.0062376554},"ETH-USD+":{"current":0.3234172116,"target":0.324008811,"change":0.0005915994},"XLM-USD+":{"current":0.3145342259,"target":0.320180282,"change":0.0056460561},"cash":{"current":0.0,"target":0.0,"change":0.0}}