{"index":{"0":"current","1":"target","2":"change"},"BTC-USD":{"0":0.2562650081,"1":0.1437469948,"2":-0.1125180134},"ETH-USD+":{"0":0.0349249199,"1":0.0300309535,"2":-0.0048939664},"XRP-USD+":{"0":0.1528286017,"1":0.0996493793,"2":-0.0531792224},"cash":{"0":0.5559814702,"1":0.7265726724,"2":0.1705912022}}