{"BTC-USD":{"current":0.2043541361,"target":0.220528362,"change":0.0161742259},"ETH-USD+":{"current":0.2797912464,"target":0.291198581,"change":0.0114073346},"XRP-USD+":{"current":0.12194918,"target":0.124835772,"change":0.002886592},"cash":{"current":0.3939054376,"target":0.363437284,"change":-0.0304681536}}