{"D":0.0178812625,"MTD":0.0020248482,"M":0.0092488916,"YTD":0.5314535013,"Y":0.2323452186,"Start (yearly)":4.6171960357}