{"D":-0.0690266341,"MTD":0.1549859859,"M":0.2315658206,"YTD":0.188631089,"Y":-0.357057149,"Start (yearly)":5.0803930762}