{"BTC-USD":{"current":0.1996956082,"target":0.217790518,"change":0.0180949098},"ETH-USD+":{"current":0.2778890816,"target":0.288480861,"change":0.0105917794},"XLM-USD+":{"current":0.0724550158,"target":0.117549623,"change":0.0450946072},"cash":{"current":0.4499602944,"target":0.376178998,"change":-0.0737812964}}