{"BTC-USD":{"current":0.4633057354,"target":0.428579227,"change":-0.0347265084},"ETH-USD+":{"current":0.408211347,"target":0.419579709,"change":0.011368362},"XLM-USD+":{"current":0.1284829176,"target":0.151841064,"change":0.0233581464},"cash":{"current":0.0,"target":0.0,"change":0.0}}