{"D":0.0113864795,"MTD":-0.0021289053,"M":-0.1020231933,"YTD":0.5251050756,"Y":0.1306125001,"Start (yearly)":4.6754282412}