{"BTC-USD":{"current":0.0776980412,"target":0.0656030467,"change":-0.0120949945},"ETH-USD+":{"current":0.1456281084,"target":0.0921980835,"change":-0.0534300249},"XLM-USD+":{"current":0.1852792197,"target":0.189166667,"change":0.0038874473},"cash":{"current":0.5913946306,"target":0.653032203,"change":0.0616375724}}