{"BTC-USD":{"current":0.1735289095,"target":0.172285933,"change":-0.0012429765},"ETH-USD+":{"current":0.0680082482,"target":0.0546185392,"change":-0.013389709},"XLM-USD+":{"current":0.0768443423,"target":0.0846937204,"change":0.0078493781},"cash":{"current":0.6816184999,"target":0.688401807,"change":0.0067833071}}