{"BTC-USD":{"current":0.1775298021,"target":0.128498721,"change":-0.0490310811},"ETH-USD+":{"current":0.0604462229,"target":0.0377983595,"change":-0.0226478634},"XRP-USD+":{"current":0.0811906,"target":0.0311235585,"change":-0.0500670415},"cash":{"current":0.6808333749,"target":0.802579361,"change":0.1217459861}}