{"D":0.005394605,"MTD":0.0014299619,"M":-0.0523700916,"YTD":-0.0677743846,"Y":-0.49717755,"Start (yearly)":4.7996682631}