{"D":-0.0511333353,"MTD":0.5703808431,"M":0.5703808431,"YTD":0.7427086111,"Y":-0.0000885819,"Start (yearly)":4.9961671912}