{"BTC-USD":{"current":0.2232564735,"target":0.186669214,"change":-0.0365872595},"ETH-USD+":{"current":0.0961655325,"target":0.0775880425,"change":-0.01857749},"XLM-USD+":{"current":0.0605212187,"target":0.047595066,"change":-0.0129261527},"cash":{"current":0.6200567753,"target":0.688147678,"change":0.0680909027}}