{"D":0.021741815,"MTD":0.5213412861,"M":0.4790244964,"YTD":0.6882876351,"Y":-0.0329510864,"Start (yearly)":4.9946064171}