{"BTC-USD":{"current":0.1301022111,"target":0.14,"change":0.0098977889},"ETH-USD+":{"current":0.1649004154,"target":0.17878158,"change":0.0138811646},"XLM-USD+":{"current":0.0470947473,"target":0.0415312562,"change":-0.0055634911},"cash":{"current":0.6579026262,"target":0.639687164,"change":-0.0182154622}}