{"BTC-USD":{"current":0.4337055198,"target":0.463648348,"change":0.0299428282},"ETH-USD+":{"current":0.4234750134,"target":0.430480201,"change":0.0070051876},"XLM-USD+":{"current":0.1428194669,"target":0.105871451,"change":-0.0369480159},"cash":{"current":0.0,"target":0.0,"change":0.0}}