{"BTC-USD":{"current":0.3455069485,"target":0.346061668,"change":0.0005547195},"ETH-USD+":{"current":0.4189605311,"target":0.410825289,"change":-0.0081352421},"XRP-USD+":{"current":0.2038066423,"target":0.207588688,"change":0.0037820457},"cash":{"current":0.0317258781,"target":0.0355243548,"change":0.0037984767}}