{"BTC-USD":{"current":0.3026927569,"target":0.298253854,"change":-0.0044389029},"ETH-USD+":{"current":0.5296060887,"target":0.529513095,"change":-0.0000929937},"XRP-USD+":{"current":0.1677011544,"target":0.172233051,"change":0.0045318966},"cash":{"current":0.0,"target":0.0,"change":0.0}}