{"index":{"0":"current","1":"target","2":"change"},"BTC-USD":{"0":0.1349979846,"1":0.1861059348,"2":0.0511079502},"ETH-USD+":{"0":0.0554372018,"1":0.0862276362,"2":0.0307904344},"XRP-USD+":{"0":0.2094153364,"1":0.2355702141,"2":0.0261548776},"cash":{"0":0.6001494772,"1":0.4920962149,"2":-0.1080532623}}