{"D":-0.0084500573,"MTD":0.0565590603,"M":0.0248227156,"YTD":-0.0718205293,"Y":-0.5415570101,"Start (yearly)":4.871738132}