{"BTC-USD":{"current":0.1924943286,"target":0.201120158,"change":0.0086258294},"ETH-USD+":{"current":0.0982852433,"target":0.0873615411,"change":-0.0109237022},"XLM-USD+":{"current":0.070906424,"target":0.0521826247,"change":-0.0187237993},"cash":{"current":0.6383140041,"target":0.659335676,"change":0.0210216719}}