{"D":-0.0724021565,"MTD":-0.0724021565,"M":0.1314161372,"YTD":1.0403153633,"Y":0.3508511749,"Start (yearly)":4.9966640219}