{"index":{"0":"current","1":"target","2":"change"},"BTC-USD":{"0":0.205857689,"1":0.2069010209,"2":0.0010433319},"ETH-USD+":{"0":0.2175089028,"1":0.2265330748,"2":0.009024172},"XRP-USD+":{"0":0.4209444131,"1":0.4015463171,"2":-0.0193980959},"cash":{"0":0.1556889951,"1":0.1650195872,"2":0.0093305921}}