{"BTC-USD":{"current":0.0435341672,"target":0.0752497905,"change":0.0317156233},"ETH-USD+":{"current":0.0330354277,"target":0.0719461409,"change":0.0389107132},"XRP-USD+":{"current":0.0428809305,"target":0.0520424503,"change":0.0091615198},"cash":{"current":0.8805494746,"target":0.800761618,"change":-0.0797878566}}