{"BTC-USD":{"current":0.5419925526,"target":0.56752594,"change":0.0255333874},"ETH-USD+":{"current":0.3170613612,"target":0.323189972,"change":0.0061286108},"XLM-USD+":{"current":0.1409460863,"target":0.109284088,"change":-0.0316619983},"cash":{"current":0.0,"target":0.0,"change":0.0}}