{"BTC-USD":{"current":0.5716866465,"target":0.517319392,"change":-0.0543672545},"ETH-USD+":{"current":0.3374818388,"target":0.384775578,"change":0.0472937392},"XRP-USD+":{"current":0.0908315147,"target":0.0979050302,"change":0.0070735155},"cash":{"current":0.0,"target":0.0,"change":0.0}}