{"index":{"0":"current","1":"target","2":"change"},"BTC-USD":{"0":0.2382908282,"1":0.2504700194,"2":0.0121791912},"ETH-USD+":{"0":0.0535203999,"1":0.0863486442,"2":0.0328282443},"XRP-USD+":{"0":0.2234356861,"1":0.2341517208,"2":0.0107160346},"cash":{"0":0.4847530858,"1":0.4290296157,"2":-0.0557234701}}