{"D":0.0835265639,"MTD":0.0249024469,"M":-0.0403403812,"YTD":-0.3127255653,"Y":-0.3303309258,"Start (yearly)":5.367172306}