{"BTC-USD":{"current":0.1563724973,"target":0.229363863,"change":0.0729913657},"ETH-USD+":{"current":0.2500133523,"target":0.311722823,"change":0.0617094707},"XLM-USD+":{"current":0.0490643078,"target":0.0565399333,"change":0.0074756255},"cash":{"current":0.5445498426,"target":0.402373381,"change":-0.1421764616}}