{"D":-0.0048940142,"MTD":0.0175213479,"M":-0.0488709095,"YTD":-0.1061148765,"Y":-0.5621225802,"Start (yearly)":4.8891261095}