{"BTC-USD":{"current":0.165957447,"target":0.156453756,"change":-0.009503691},"ETH-USD+":{"current":0.2211984098,"target":0.221625002,"change":0.0004265922},"XRP-USD+":{"current":0.1032711636,"target":0.101295684,"change":-0.0019754796},"cash":{"current":0.5095729796,"target":0.520625558,"change":0.0110525784}}