{"BTC-USD":{"current":0.1069089656,"target":0.123805705,"change":0.0168967394},"ETH-USD+":{"current":0.0810522177,"target":0.0827573493,"change":0.0017051316},"XRP-USD+":{"current":0.0826748378,"target":0.0590505464,"change":-0.0236242914},"cash":{"current":0.7293639789,"target":0.734386399,"change":0.0050224201}}