{"BTC-USD":{"current":0.1053377706,"target":0.108720697,"change":0.0033829264},"ETH-USD+":{"current":0.0406885439,"target":0.0450715711,"change":0.0043830272},"XRP-USD+":{"current":0.0703169245,"target":0.0404877608,"change":-0.0298291637},"cash":{"current":0.783656761,"target":0.805719971,"change":0.02206321}}