{"D":-0.0490744325,"MTD":-0.0279357854,"M":-0.0582319578,"YTD":0.6489212263,"Y":0.18118865,"Start (yearly)":4.7655358531}