{"D":-0.0116460595,"MTD":0.0031995983,"M":-0.1252224584,"YTD":0.532821863,"Y":0.2866283482,"Start (yearly)":4.4875508393}