{"BTC-USD":{"current":0.1851251018,"target":0.168920232,"change":-0.0162048698},"ETH-USD+":{"current":0.2920372096,"target":0.255,"change":-0.0370372096},"XLM-USD+":{"current":0.1229510977,"target":0.107112924,"change":-0.0158381737},"cash":{"current":0.3998865909,"target":0.468966845,"change":0.0690802541}}