{"BTC-USD":{"current":0.1973297118,"target":0.236729061,"change":0.0393993492},"ETH-USD+":{"current":0.4088755156,"target":0.513975211,"change":0.1050996954},"XRP-USD+":{"current":0.1201304634,"target":0.156888079,"change":0.0367576156},"cash":{"current":0.2736643091,"target":0.0924076482,"change":-0.1812566609}}