{"D":-0.0060754548,"MTD":-0.0009836977,"M":-0.0826775855,"YTD":0.6946402938,"Y":0.3024084447,"Start (yearly)":4.8223716231}