{"BTC-USD":{"current":0.2726695509,"target":0.270631113,"change":-0.0020384379},"ETH-USD+":{"current":0.1996869089,"target":0.203110572,"change":0.0034236631},"XRP-USD+":{"current":0.3248589875,"target":0.340072971,"change":0.0152139835},"cash":{"current":0.2027845526,"target":0.186185344,"change":-0.0165992086}}