{"D":-0.0050749949,"MTD":0.0209554332,"M":-0.1349293086,"YTD":0.8637024781,"Y":0.3239257017,"Start (yearly)":4.9881973472}