{"D":0.0257678228,"MTD":-0.0486331237,"M":0.2071112442,"YTD":1.1250951559,"Y":0.3575266953,"Start (yearly)":5.1974905645}