{"BTC-USD":{"current":0.0699065382,"target":0.102335752,"change":0.0324292138},"ETH-USD+":{"current":0.0535773052,"target":0.0874209569,"change":0.0338436517},"XLM-USD+":{"current":0.0225463698,"target":0.0620393314,"change":0.0394929616},"cash":{"current":0.8539697867,"target":0.74820396,"change":-0.1057658267}}