{"BTC-USD":{"current":0.3010658117,"target":0.295813236,"change":-0.0052525757},"ETH-USD+":{"current":0.3826042644,"target":0.463606104,"change":0.0810018396},"XLM-USD+":{"current":0.2046434892,"target":0.240580661,"change":0.0359371718},"cash":{"current":0.1116864347,"target":0.0,"change":-0.1116864347}}