{"BTC-USD":{"current":0.3474806566,"target":0.340920308,"change":-0.0065603486},"ETH-USD+":{"current":0.3354926559,"target":0.330757404,"change":-0.0047352519},"XLM-USD+":{"current":0.3170266875,"target":0.328322287,"change":0.0112955995},"cash":{"current":0.0,"target":0.0,"change":0.0}}