{"BTC-USD":{"current":0.1082133048,"target":0.136154818,"change":0.0279415132},"ETH-USD+":{"current":0.0418822154,"target":0.0579950302,"change":0.0161128148},"XRP-USD+":{"current":0.0404543801,"target":0.0452868487,"change":0.0048324686},"cash":{"current":0.8094500997,"target":0.760563303,"change":-0.0488867967}}