{"D":0.0003566236,"MTD":0.0623182078,"M":0.0583844718,"YTD":-0.0665535468,"Y":-0.5154588633,"Start (yearly)":5.0548178854}