{"D":0.0155248184,"MTD":-0.0786569727,"M":0.4315083563,"YTD":0.6614844632,"Y":-0.0688906927,"Start (yearly)":4.9442897059}