{"D":-0.0039536808,"MTD":0.1167523758,"M":0.1167523758,"YTD":0.0696797354,"Y":-0.5011640817,"Start (yearly)":4.7709333565}