{"BTC-USD":{"current":0.4638132586,"target":0.472773892,"change":0.0089606334},"ETH-USD+":{"current":0.3846031037,"target":0.381545348,"change":-0.0030577557},"XRP-USD+":{"current":0.1515836376,"target":0.14568076,"change":-0.0059028776},"cash":{"current":0.0,"target":0.0,"change":0.0}}