{"D":-0.0046169554,"MTD":-0.0912739989,"M":-0.0470281404,"YTD":-0.0912739989,"Y":-0.5660994798,"Start (yearly)":4.9750016335}