{"D":-0.0298720008,"MTD":-0.0396025934,"M":-0.1085935109,"YTD":0.7200332475,"Y":0.2949355575,"Start (yearly)":4.7464850511}