{"D":-0.0368263181,"MTD":-0.0735810214,"M":0.195809709,"YTD":1.0693683297,"Y":0.3477246278,"Start (yearly)":5.1551442115}