{"D":0.0014538073,"MTD":-0.0717258405,"M":0.1191546301,"YTD":1.0735122999,"Y":0.3158274411,"Start (yearly)":5.1839523609}