{"D":-0.0210019125,"MTD":-0.0799231828,"M":0.0143523657,"YTD":-0.0799231828,"Y":-0.6102662333,"Start (yearly)":5.0113910076}