{"BTC-USD":{"current":0.138075235,"target":0.141666667,"change":0.003591432},"ETH-USD+":{"current":0.1760068233,"target":0.177521061,"change":0.0015142377},"XRP-USD+":{"current":0.1001909561,"target":0.0928803806,"change":-0.0073105755},"cash":{"current":0.5857269856,"target":0.587931892,"change":0.0022049064}}