{"D":0.0423080607,"MTD":0.0423080607,"M":0.0580439212,"YTD":0.0423080607,"Y":-0.4099124438,"Start (yearly)":5.3453740994}