{"D":0.0384425415,"MTD":-0.0432604561,"M":0.3783377147,"YTD":0.7253160229,"Y":0.1176264243,"Start (yearly)":4.9466541034}