{"BTC-USD":{"current":0.1408821794,"target":0.117971748,"change":-0.0229104314},"ETH-USD+":{"current":0.1713769516,"target":0.136028079,"change":-0.0353488726},"XRP-USD+":{"current":0.0912727209,"target":0.0720721245,"change":-0.0192005964},"cash":{"current":0.5964681481,"target":0.673928048,"change":0.0774598999}}