{"index":{"0":"current","1":"target","2":"change"},"BTC-USD":{"0":0.1854061808,"1":0.1983209796,"2":0.0129147988},"ETH-USD+":{"0":0.1485909952,"1":0.1844140574,"2":0.0358230622},"XRP-USD+":{"0":0.2833132889,"1":0.3284961965,"2":0.0451829076},"cash":{"0":0.3826895351,"1":0.2887687665,"2":-0.0939207686}}