{"D":-0.0080704875,"MTD":-0.0452552806,"M":0.1597547638,"YTD":0.7217186985,"Y":0.0956736793,"Start (yearly)":4.9420003434}