{"D":0.0701484982,"MTD":0.1259563693,"M":0.1947217021,"YTD":1.0304696063,"Y":0.3373146855,"Start (yearly)":5.0264454399}