{"BTC-USD":{"current":0.1017939137,"target":0.104824443,"change":0.0030305293},"ETH-USD+":{"current":0.1069969064,"target":0.109722222,"change":0.0027253156},"XLM-USD+":{"current":0.1906231834,"target":0.196909061,"change":0.0062858776},"cash":{"current":0.6005859964,"target":0.588544274,"change":-0.0120417224}}