{"BTC-USD":{"current":0.1133564697,"target":0.114443766,"change":0.0010872963},"ETH-USD+":{"current":0.1335006578,"target":0.154568151,"change":0.0210674932},"XLM-USD+":{"current":0.0428213909,"target":0.0568949342,"change":0.0140735433},"cash":{"current":0.7103214816,"target":0.674093149,"change":-0.0362283326}}