{"index":{"0":"current","1":"target","2":"change"},"BTC-USD":{"0":0.2012524893,"1":0.2039283623,"2":0.0026758731},"ETH-USD+":{"0":0.2090400737,"1":0.2163965861,"2":0.0073565124},"XRP-USD+":{"0":0.4768298959,"1":0.4260938472,"2":-0.0507360487},"cash":{"0":0.1128775411,"1":0.1535812043,"2":0.0407036632}}