{"BTC-USD":{"current":0.0753752105,"target":0.0506945054,"change":-0.0246807051},"ETH-USD+":{"current":0.0367311309,"target":0.0313345191,"change":-0.0053966118},"XRP-USD+":{"current":0.0720726984,"target":0.0443761607,"change":-0.0276965377},"cash":{"current":0.8158209603,"target":0.873594815,"change":0.0577738547}}