{"BTC-USD":{"current":0.0820733865,"target":0.127349551,"change":0.0452761645},"ETH-USD+":{"current":0.151186598,"target":0.187635723,"change":0.036449125},"XRP-USD+":{"current":0.2180598917,"target":0.239329328,"change":0.0212694363},"cash":{"current":0.5486801237,"target":0.445685399,"change":-0.1029947247}}