{"BTC-USD":{"current":0.5559830888,"target":0.567766709,"change":0.0117836202},"ETH-USD+":{"current":0.3435431134,"target":0.348984015,"change":0.0054409016},"XLM-USD+":{"current":0.1004737979,"target":0.083249276,"change":-0.0172245219},"cash":{"current":0.0,"target":0.0,"change":0.0}}