{"BTC-USD":{"current":0.1729705566,"target":0.157691538,"change":-0.0152790186},"ETH-USD+":{"current":0.2320585025,"target":0.234006684,"change":0.0019481815},"XRP-USD+":{"current":0.2312574199,"target":0.19308298,"change":-0.0381744399},"cash":{"current":0.3637135211,"target":0.415218799,"change":0.0515052779}}