{"D":0.0102641827,"MTD":-0.1780255665,"M":-0.0465695942,"YTD":0.8360675889,"Y":0.1609200129,"Start (yearly)":5.050348169}