{"BTC-USD":{"current":0.1913959827,"target":0.210833333,"change":0.0194373503},"ETH-USD+":{"current":0.29031776,"target":0.405688539,"change":0.115370779},"XLM-USD+":{"current":0.1355961838,"target":0.14652858,"change":0.0109323962},"cash":{"current":0.3826900735,"target":0.236949548,"change":-0.1457405255}}