{"D":-0.020913756,"MTD":-0.0445331454,"M":-0.2810697539,"YTD":-0.5415955746,"Y":0.2200715714,"Start (yearly)":5.1553181534}