{"D":0.0061292267,"MTD":-0.087058991,"M":-0.0426079038,"YTD":-0.087058991,"Y":-0.564994421,"Start (yearly)":4.9816892115}