{"D":0.015186947,"MTD":0.0617655585,"M":0.0305825297,"YTD":0.1782797721,"Y":-0.4939433426,"Start (yearly)":4.8124800186}