{"D":-0.0132149635,"MTD":-0.078616511,"M":0.3274016119,"YTD":0.6615574292,"Y":0.0469149577,"Start (yearly)":4.9247845744}