{"D":-0.0425949376,"MTD":-0.0086028833,"M":-0.0380769052,"YTD":0.6510115019,"Y":0.1170192647,"Start (yearly)":4.6028030115}