{"D":-0.0167112155,"MTD":0.1462979093,"M":0.1841540853,"YTD":0.0979798842,"Y":-0.3952567439,"Start (yearly)":4.8328730814}