{"BTC-USD":{"current":0.4424325386,"target":0.433034383,"change":-0.0093981556},"ETH-USD+":{"current":0.3455726352,"target":0.342236798,"change":-0.0033358372},"XRP-USD+":{"current":0.2119948263,"target":0.224728818,"change":0.0127339917},"cash":{"current":0.0,"target":0.0,"change":0.0}}