{"BTC-USD":{"current":0.1689209011,"target":0.255951246,"change":0.0870303449},"ETH-USD+":{"current":0.1459673534,"target":0.237548321,"change":0.0915809676},"XLM-USD+":{"current":0.1323638065,"target":0.187585016,"change":0.0552212095},"cash":{"current":0.5527479391,"target":0.318915416,"change":-0.2338325231}}