{"D":-0.0401912444,"MTD":-0.0868697423,"M":0.2173170215,"YTD":1.0396849372,"Y":0.3033619823,"Start (yearly)":5.1657377912}