{"D":0.0451690229,"MTD":0.000578537,"M":0.0644080271,"YTD":-0.0660135134,"Y":-0.5187839805,"Start (yearly)":5.0379451685}