{"BTC-USD":{"current":0.1411547141,"target":0.208526563,"change":0.0673718489},"ETH-USD+":{"current":0.2310947503,"target":0.284651713,"change":0.0535569627},"XRP-USD+":{"current":0.1142649605,"target":0.132790049,"change":0.0185250885},"cash":{"current":0.5134855751,"target":0.374031675,"change":-0.1394539001}}