{"BTC-USD":{"current":0.0628579997,"target":0.0502228255,"change":-0.0126351742},"ETH-USD+":{"current":0.0501052768,"target":0.0344323362,"change":-0.0156729406},"XRP-USD+":{"current":0.0475961901,"target":0.0456500199,"change":-0.0019461702},"cash":{"current":0.8394405334,"target":0.869694818,"change":0.0302542846}}