{"BTC-USD":{"current":0.4874774382,"target":0.498328617,"change":0.0108511788},"ETH-USD+":{"current":0.338841153,"target":0.329040792,"change":-0.009800361},"XLM-USD+":{"current":0.1736814088,"target":0.172630591,"change":-0.0010508178},"cash":{"current":0.0,"target":0.0,"change":0.0}}