{"D":-0.0221530686,"MTD":0.1163586001,"M":0.0740991296,"YTD":-0.0190688928,"Y":-0.4935384957,"Start (yearly)":5.1143824951}