{"D":0.0032875623,"MTD":0.0245237653,"M":-0.0387849967,"YTD":-0.0997630767,"Y":-0.536012315,"Start (yearly)":5.0850360913}