{"BTC-USD":{"current":0.5688166603,"target":0.545401271,"change":-0.0234153893},"ETH-USD+":{"current":0.3461682919,"target":0.352121693,"change":0.0059534011},"XLM-USD+":{"current":0.0850150478,"target":0.102477036,"change":0.0174619882},"cash":{"current":0.0,"target":0.0,"change":0.0}}