{"BTC-USD":{"current":0.1392499382,"target":0.196199321,"change":0.0569493828},"ETH-USD+":{"current":0.0585355738,"target":0.105734688,"change":0.0471991142},"XRP-USD+":{"current":0.0453779305,"target":0.0954433252,"change":0.0500653947},"cash":{"current":0.7568365575,"target":0.602622665,"change":-0.1542138925}}