{"BTC-USD":{"current":0.3414200205,"target":0.34527976,"change":0.0038597395},"ETH-USD+":{"current":0.326769631,"target":0.329006828,"change":0.002237197},"XLM-USD+":{"current":0.3318103485,"target":0.325713412,"change":-0.0060969365},"cash":{"current":0.0,"target":0.0,"change":0.0}}