{"BTC-USD":{"current":0.399554559,"target":0.397018655,"change":-0.002535904},"ETH-USD+":{"current":0.3989323611,"target":0.390290514,"change":-0.0086418471},"XRP-USD+":{"current":0.2015130799,"target":0.21269083,"change":0.0111777501},"cash":{"current":0.0,"target":0.0,"change":0.0}}