{"BTC-USD":{"current":0.2403581394,"target":0.241129633,"change":0.0007714936},"ETH-USD+":{"current":0.5077519081,"target":0.485668401,"change":-0.0220835071},"XRP-USD+":{"current":0.1567137942,"target":0.157459025,"change":0.0007452308},"cash":{"current":0.0951761583,"target":0.115742941,"change":0.0205667827}}