{"D":0.0065629217,"MTD":-0.0808769399,"M":0.2073516767,"YTD":1.0530712296,"Y":0.3088254397,"Start (yearly)":5.1668121654}