{"D":-0.0060310167,"MTD":-0.0183315235,"M":-0.1347596095,"YTD":0.5003416613,"Y":0.1947811881,"Start (yearly)":4.6219456661}