{"D":0.0124305,"MTD":-0.0581863615,"M":0.4390501353,"YTD":0.7449440061,"Y":-0.0400686823,"Start (yearly)":5.1507598537}