{"D":0.0021539111,"MTD":-0.0180667423,"M":-0.0235161699,"YTD":-0.0859237587,"Y":-0.4954531663,"Start (yearly)":4.7737406252}