{"D":0.0077231236,"MTD":-0.0728173158,"M":0.0221863344,"YTD":-0.0728173158,"Y":-0.5615652658,"Start (yearly)":5.0133603417}