{"D":-0.0058460668,"MTD":0.0012204085,"M":-0.0833217337,"YTD":0.6983791388,"Y":0.2838270819,"Start (yearly)":4.8360916037}