{"BTC-USD":{"current":0.2170285212,"target":0.210763016,"change":-0.0062655052},"ETH-USD+":{"current":0.2022746092,"target":0.199412572,"change":-0.0028620372},"XRP-USD+":{"current":0.0564883434,"target":0.0632757659,"change":0.0067874225},"cash":{"current":0.5242085262,"target":0.526548646,"change":0.0023401198}}