{"BTC-USD":{"current":0.29969186,"target":0.308054434,"change":0.008362574},"ETH-USD+":{"current":0.3956554529,"target":0.417222222,"change":0.0215667691},"XLM-USD+":{"current":0.2060398702,"target":0.215,"change":0.0089601298},"cash":{"current":0.0986128169,"target":0.0597233441,"change":-0.0388894728}}