{"index":{"0":"current","1":"target","2":"change"},"BTC-USD":{"0":0.1421085378,"1":0.1447527551,"2":0.0026442173},"ETH-USD+":{"0":0.0288161714,"1":0.0309913638,"2":0.0021751924},"XRP-USD+":{"0":0.0964470694,"1":0.1092633013,"2":0.0128162319},"cash":{"0":0.7326282214,"1":0.7149925798,"2":-0.0176356417}}