{"D":-0.0119824995,"MTD":0.0655631299,"M":0.0335563258,"YTD":-0.0639105195,"Y":-0.5367118699,"Start (yearly)":4.8808397394}