{"BTC-USD":{"current":0.0886730429,"target":0.091368118,"change":0.0026950751},"ETH-USD+":{"current":0.131945697,"target":0.135276892,"change":0.003331195},"XRP-USD+":{"current":0.1623327108,"target":0.153926469,"change":-0.0084062418},"cash":{"current":0.6170485493,"target":0.619428521,"change":0.0023799717}}