{"D":-0.0046436333,"MTD":0.0194148616,"M":-0.1394514426,"YTD":0.825731143,"Y":0.3155441206,"Start (yearly)":4.8028411116}