{"BTC-USD":{"current":0.1625669268,"target":0.177292302,"change":0.0147253752},"ETH-USD+":{"current":0.1522700989,"target":0.1838612,"change":0.0315911011},"XRP-USD+":{"current":0.0917351061,"target":0.236232272,"change":0.1444971659},"cash":{"current":0.5934278682,"target":0.402614225,"change":-0.1908136432}}