{"BTC-USD":{"current":0.4164529953,"target":0.411034868,"change":-0.0054181273},"ETH-USD+":{"current":0.3868500261,"target":0.408705409,"change":0.0218553829},"XRP-USD+":{"current":0.1966969786,"target":0.180259723,"change":-0.0164372556},"cash":{"current":0.0,"target":0.0,"change":0.0}}