{"BTC-USD":{"current":0.1499913263,"target":0.172836343,"change":0.0228450167},"ETH-USD+":{"current":0.217030776,"target":0.244099142,"change":0.027068366},"XRP-USD+":{"current":0.0985383107,"target":0.106509953,"change":0.0079716423},"cash":{"current":0.534439587,"target":0.476554561,"change":-0.057885026}}