{"D":-0.0100404105,"MTD":-0.0753514994,"M":0.3240344742,"YTD":0.713141319,"Y":0.0495627964,"Start (yearly)":5.124342128}