{"D":0.0010996388,"MTD":-0.0024908629,"M":-0.1831331088,"YTD":-0.1236954585,"Y":-0.560247228,"Start (yearly)":4.90556009}