{"D":0.0073613543,"MTD":-0.0408508163,"M":-0.0389333735,"YTD":0.7508782974,"Y":0.2505864101,"Start (yearly)":4.8993540096}