{"BTC-USD":{"current":0.3921057055,"target":0.406760167,"change":0.0146544615},"ETH-USD+":{"current":0.3457065918,"target":0.340994882,"change":-0.0047117098},"XLM-USD+":{"current":0.2621877028,"target":0.252244951,"change":-0.0099427518},"cash":{"current":0.0,"target":0.0,"change":0.0}}