{"D":-0.012757416,"MTD":-0.0101942235,"M":-0.0899660599,"YTD":0.8068403562,"Y":0.2847556281,"Start (yearly)":4.9516669922}