{"D":0.0898969726,"MTD":0.658105262,"M":0.7133956206,"YTD":0.8400595823,"Y":0.0554322538,"Start (yearly)":5.0431242723}