{"D":-0.004037704,"MTD":0.0177375454,"M":-0.0543268267,"YTD":-0.1057260479,"Y":-0.5445843925,"Start (yearly)":5.0733143716}