{"BTC-USD":{"current":0.2302063847,"target":0.223355858,"change":-0.0068505267},"ETH-USD+":{"current":0.2132338705,"target":0.209114565,"change":-0.0041193055},"XLM-USD+":{"current":0.0323393237,"target":0.0615160579,"change":0.0291767342},"cash":{"current":0.5242204211,"target":0.506013519,"change":-0.0182069021}}