{"D":-0.0183615331,"MTD":-0.0497649872,"M":-0.0663169121,"YTD":0.7346059294,"Y":0.239746058,"Start (yearly)":4.8996014341}