{"D":-0.0211940641,"MTD":0.1054897077,"M":0.0702960744,"YTD":-0.0288353104,"Y":-0.5193521401,"Start (yearly)":4.9227560834}