{"D":0.0096644945,"MTD":-0.0535909123,"M":0.4575399226,"YTD":0.7066868133,"Y":-0.0390415296,"Start (yearly)":4.9557301505}