{"D":-0.045967432,"MTD":-0.0426634208,"M":0.0182858225,"YTD":-0.1063775656,"Y":-0.5380481,"Start (yearly)":5.0105240931}