{"BTC-USD":{"current":0.1551710463,"target":0.137536316,"change":-0.0176347303},"ETH-USD+":{"current":0.0855837989,"target":0.0725259771,"change":-0.0130578218},"XLM-USD+":{"current":0.1054561302,"target":0.0880959403,"change":-0.0173601899},"cash":{"current":0.6537890246,"target":0.701841766,"change":0.0480527414}}