{"BTC-USD":{"current":0.1248151098,"target":0.145496034,"change":0.0206809242},"ETH-USD+":{"current":0.083375935,"target":0.102371829,"change":0.018995894},"XRP-USD+":{"current":0.0588147107,"target":0.0660665931,"change":0.0072518824},"cash":{"current":0.7329942445,"target":0.686065545,"change":-0.0469286995}}