{"index":{"0":"current","1":"target","2":"change"},"BTC-USD":{"0":0.2561575362,"1":0.3101063135,"2":0.0539487773},"ETH-USD+":{"0":0.08707567,"1":0.1046400994,"2":0.0175644294},"XRP-USD+":{"0":0.2311827011,"1":0.248154371,"2":0.01697167},"cash":{"0":0.4255840928,"1":0.3370992161,"2":-0.0884848767}}