{"index":{"0":"current","1":"target","2":"change"},"BTC-USD":{"0":0.0580159465,"1":0.1465737669,"2":0.0885578205},"ETH-USD+":{"0":0.0354197861,"1":0.0902397351,"2":0.0548199489},"XRP-USD+":{"0":0.0769506457,"1":0.1110435802,"2":0.0340929345},"cash":{"0":0.8296136217,"1":0.6521429178,"2":-0.1774707039}}