{"D":0.005547122,"MTD":-0.0832232782,"M":-0.0832232782,"YTD":0.5267433069,"Y":0.0893728055,"Start (yearly)":4.5354371575}