{"BTC-USD":{"current":0.1013831468,"target":0.0558781646,"change":-0.0455049822},"ETH-USD+":{"current":0.1046125067,"target":0.0476239659,"change":-0.0569885408},"XRP-USD+":{"current":0.2916989668,"target":0.2088259,"change":-0.0828730668},"cash":{"current":0.5023053797,"target":0.687671969,"change":0.1853665893}}