{"D":-0.0092490128,"MTD":-0.0795806325,"M":-0.0115874532,"YTD":-0.0795806325,"Y":-0.5647927534,"Start (yearly)":5.0012450545}