{"BTC-USD":{"current":0.3309222266,"target":0.333055556,"change":0.0021333294},"ETH-USD+":{"current":0.4151824319,"target":0.396875722,"change":-0.0183067099},"XLM-USD+":{"current":0.227374184,"target":0.230548371,"change":0.003174187},"cash":{"current":0.0265211576,"target":0.0395203511,"change":0.0129991935}}