{"BTC-USD":{"current":0.368139241,"target":0.391928497,"change":0.023789256},"ETH-USD+":{"current":0.3904561203,"target":0.380588673,"change":-0.0098674473},"XLM-USD+":{"current":0.2414046387,"target":0.22748283,"change":-0.0139218087},"cash":{"current":0.0,"target":0.0,"change":0.0}}