{"BTC-USD":{"current":0.3333585715,"target":0.348777088,"change":0.0154185165},"ETH-USD+":{"current":0.3926762234,"target":0.390529673,"change":-0.0021465504},"XLM-USD+":{"current":0.2346232679,"target":0.260693239,"change":0.0260699711},"cash":{"current":0.0393419372,"target":0.0,"change":-0.0393419372}}