{"D":0.0095957517,"MTD":-0.007379508,"M":-0.1235511472,"YTD":0.5170802707,"Y":0.2085978418,"Start (yearly)":4.6431043021}