{"BTC-USD":{"current":0.2048157804,"target":0.199575659,"change":-0.0052401214},"ETH-USD+":{"current":0.2533487784,"target":0.256134698,"change":0.0027859196},"XLM-USD+":{"current":0.0897232839,"target":0.0758333333,"change":-0.0138899506},"cash":{"current":0.4521121573,"target":0.46845631,"change":0.0163441527}}