{"BTC-USD":{"current":0.3544231088,"target":0.22674752,"change":-0.1276755888},"ETH-USD+":{"current":0.3330964798,"target":0.210780739,"change":-0.1223157408},"XLM-USD+":{"current":0.0455460172,"target":0.0293149048,"change":-0.0162311124},"cash":{"current":0.2669343942,"target":0.533156836,"change":0.2662224418}}