{"BTC-USD":{"current":0.2077856576,"target":0.244198538,"change":0.0364128804},"ETH-USD+":{"current":0.2818035922,"target":0.286940917,"change":0.0051373248},"XRP-USD+":{"current":0.1307010344,"target":0.12735398,"change":-0.0033470544},"cash":{"current":0.3797097158,"target":0.341506565,"change":-0.0382031508}}