{"D":-0.0080772975,"MTD":0.1613186376,"M":0.1922740798,"YTD":0.1129185295,"Y":-0.3662729555,"Start (yearly)":4.8797636293}