{"BTC-USD":{"current":0.2189042056,"target":0.275005185,"change":0.0561009794},"ETH-USD+":{"current":0.1787967587,"target":0.198706342,"change":0.0199095833},"XRP-USD+":{"current":0.3112153948,"target":0.321388296,"change":0.0101729012},"cash":{"current":0.291083641,"target":0.204900178,"change":-0.086183463}}