{"index":{"0":"current","1":"target","2":"change"},"BTC-USD":{"0":0.2020377578,"1":0.1413014822,"2":-0.0607362756},"ETH-USD+":{"0":0.2113569873,"1":0.1400640644,"2":-0.0712929228},"XRP-USD+":{"0":0.5237566127,"1":0.3353112873,"2":-0.1884453254},"cash":{"0":0.0628486422,"1":0.3833231661,"2":0.3204745239}}