{"BTC-USD":{"current":0.3824989502,"target":0.367641201,"change":-0.0148577492},"ETH-USD+":{"current":0.4104883741,"target":0.386423241,"change":-0.0240651331},"XRP-USD+":{"current":0.2070126757,"target":0.245935558,"change":0.0389228823},"cash":{"current":0.0,"target":0.0,"change":0.0}}