{"D":-0.00206305,"MTD":0.0074851996,"M":-0.092724803,"YTD":0.7090061601,"Y":0.28374268,"Start (yearly)":4.8431698423}