{"index":{"0":"current","1":"target","2":"change"},"BTC-USD":{"0":0.1515937425,"1":0.1323114969,"2":-0.0192822457},"ETH-USD+":{"0":0.0896003564,"1":0.0550304742,"2":-0.0345698822},"XRP-USD+":{"0":0.2377312332,"1":0.207247374,"2":-0.0304838592},"cash":{"0":0.5210746678,"1":0.6054106549,"2":0.0843359871}}