{"BTC-USD":{"current":0.1731021124,"target":0.149980772,"change":-0.0231213404},"ETH-USD+":{"current":0.0845573515,"target":0.0773605834,"change":-0.0071967681},"XLM-USD+":{"current":0.0751710171,"target":0.0583536012,"change":-0.0168174159},"cash":{"current":0.667169519,"target":0.714305043,"change":0.047135524}}