{"BTC-USD":{"current":0.1816780318,"target":0.159837652,"change":-0.0218403798},"ETH-USD+":{"current":0.1165921604,"target":0.0869687712,"change":-0.0296233892},"XRP-USD+":{"current":0.10755821,"target":0.104620298,"change":-0.002937912},"cash":{"current":0.5941715978,"target":0.648573279,"change":0.0544016812}}