{"BTC-USD":{"current":0.5593275503,"target":0.542271934,"change":-0.0170556163},"ETH-USD+":{"current":0.3554363586,"target":0.366535792,"change":0.0110994334},"XRP-USD+":{"current":0.0852360911,"target":0.0911922745,"change":0.0059561834},"cash":{"current":0.0,"target":0.0,"change":0.0}}