{"BTC-USD":{"current":0.4834947477,"target":0.492918375,"change":0.0094236273},"ETH-USD+":{"current":0.2541484585,"target":0.238166232,"change":-0.0159822265},"XRP-USD+":{"current":0.2623567938,"target":0.268915393,"change":0.0065585992},"cash":{"current":0.0,"target":0.0,"change":0.0}}