{"D":0.0034632058,"MTD":0.0034632058,"M":0.0649800317,"YTD":-0.0633208296,"Y":-0.5162047137,"Start (yearly)":5.0537826641}