{"BTC-USD":{"current":0.2930578628,"target":0.303380352,"change":0.0103224892},"ETH-USD+":{"current":0.5398072343,"target":0.528364704,"change":-0.0114425303},"XRP-USD+":{"current":0.1671349029,"target":0.168254944,"change":0.0011200411},"cash":{"current":0.0,"target":0.0,"change":0.0}}