{"BTC-USD":{"current":0.0532672986,"target":0.055713721,"change":0.0024464224},"ETH-USD+":{"current":0.0556258141,"target":0.0398315227,"change":-0.0157942914},"XLM-USD+":{"current":0.029413562,"target":0.0471840742,"change":0.0177705122},"cash":{"current":0.8616933253,"target":0.857270682,"change":-0.0044226433}}