{"BTC-USD":{"current":0.1555119345,"target":0.127665894,"change":-0.0278460405},"ETH-USD+":{"current":0.2114214286,"target":0.154453763,"change":-0.0569676656},"XLM-USD+":{"current":0.0467541785,"target":0.0440018254,"change":-0.0027523531},"cash":{"current":0.5863124585,"target":0.673878517,"change":0.0875660585}}