{"BTC-USD":{"current":0.1547485451,"target":0.165274001,"change":0.0105254559},"ETH-USD+":{"current":0.0432835423,"target":0.0446721882,"change":0.0013886459},"XLM-USD+":{"current":0.0384715134,"target":0.042199459,"change":0.0037279456},"cash":{"current":0.7634963992,"target":0.747854352,"change":-0.0156420472}}