{"BTC-USD":{"current":0.4107057468,"target":0.436185917,"change":0.0254801702},"ETH-USD+":{"current":0.396088925,"target":0.379992161,"change":-0.016096764},"XRP-USD+":{"current":0.1932053282,"target":0.183821921,"change":-0.0093834072},"cash":{"current":0.0,"target":0.0,"change":0.0}}