{"D":-0.0097263792,"MTD":0.0167725652,"M":-0.0689803057,"YTD":0.5535604483,"Y":0.2087522966,"Start (yearly)":4.5178047789}