{"BTC-USD":{"current":0.4201601704,"target":0.404576584,"change":-0.0155835864},"ETH-USD+":{"current":0.3751578268,"target":0.385713984,"change":0.0105561572},"XLM-USD+":{"current":0.2046820028,"target":0.209709432,"change":0.0050274292},"cash":{"current":0.0,"target":0.0,"change":0.0}}