{"BTC-USD":{"current":0.1730551441,"target":0.187188811,"change":0.0141336669},"ETH-USD+":{"current":0.1509297793,"target":0.181160664,"change":0.0302308847},"XLM-USD+":{"current":0.0683879309,"target":0.142382607,"change":0.0739946761},"cash":{"current":0.6076271457,"target":0.489267918,"change":-0.1183592277}}