{"index":{"0":"current","1":"target","2":"change"},"BTC-USD":{"0":0.0940136482,"1":0.0812635109,"2":-0.0127501374},"ETH-USD+":{"0":0.0531433489,"1":0.0330641851,"2":-0.0200791638},"XRP-USD+":{"0":0.2007131937,"1":0.1552134092,"2":-0.0454997844},"cash":{"0":0.6521298092,"1":0.7304588948,"2":0.0783290856}}