{"BTC-USD":{"current":0.2349819212,"target":0.292782328,"change":0.0578004068},"ETH-USD+":{"current":0.4989043345,"target":0.540453176,"change":0.0415488415},"XRP-USD+":{"current":0.1284047458,"target":0.166764496,"change":0.0383597502},"cash":{"current":0.1377089986,"target":0.0,"change":-0.1377089986}}