{"D":-0.0048394208,"MTD":-0.054104919,"M":-0.1502672702,"YTD":-0.3657059664,"Y":-0.4020964142,"Start (yearly)":5.3105874366}