{"BTC-USD":{"current":0.146200874,"target":0.0698150303,"change":-0.0763858437},"ETH-USD+":{"current":0.0852484066,"target":0.0527028408,"change":-0.0325455658},"XLM-USD+":{"current":0.0163367035,"target":0.0205306582,"change":0.0041939547},"cash":{"current":0.7522140159,"target":0.856951471,"change":0.1047374551}}