{"BTC-USD":{"current":0.0997864135,"target":0.056309315,"change":-0.0434770985},"ETH-USD+":{"current":0.1040812294,"target":0.0477777778,"change":-0.0563034516},"XLM-USD+":{"current":0.1892286013,"target":0.133888889,"change":-0.0553397123},"cash":{"current":0.6069037559,"target":0.762024018,"change":0.1551202621}}