{"D":0.0076007518,"MTD":-0.0752119902,"M":0.400734908,"YTD":0.7133997943,"Y":-0.0639810014,"Start (yearly)":5.1415772851}