{"D":-0.0723809427,"MTD":0.4609211338,"M":0.4191700609,"YTD":0.6212371994,"Y":-0.1474028301,"Start (yearly)":4.9903949089}