{"BTC-USD":{"current":0.1266774706,"target":0.205455474,"change":0.0787780034},"ETH-USD+":{"current":0.185573311,"target":0.253325251,"change":0.06775194},"XLM-USD+":{"current":0.0692743299,"target":0.0904351135,"change":0.0211607836},"cash":{"current":0.6184748886,"target":0.450784162,"change":-0.1676907266}}