{"BTC-USD":{"current":0.1986701136,"target":0.20308862,"change":0.0044185064},"ETH-USD+":{"current":0.2569998082,"target":0.283650555,"change":0.0266507468},"XLM-USD+":{"current":0.0755305105,"target":0.0802777778,"change":0.0047472673},"cash":{"current":0.4687995678,"target":0.432983047,"change":-0.0358165208}}