{"BTC-USD":{"current":0.2081918622,"target":0.202629126,"change":-0.0055627362},"ETH-USD+":{"current":0.3996259518,"target":0.394353959,"change":-0.0052719928},"XRP-USD+":{"current":0.1214702193,"target":0.122753508,"change":0.0012832887},"cash":{"current":0.2707119667,"target":0.280263406,"change":0.0095514393}}