{"BTC-USD":{"current":0.3206099601,"target":0.276666667,"change":-0.0439432931},"ETH-USD+":{"current":0.3881935377,"target":0.291666667,"change":-0.0965268707},"XLM-USD+":{"current":0.2251889844,"target":0.195139901,"change":-0.0300490834},"cash":{"current":0.0660075179,"target":0.236526766,"change":0.1705192481}}