{"index":{"0":"current","1":"target","2":"change"},"BTC-USD":{"0":0.0787166066,"1":0.0825193294,"2":0.0038027228},"ETH-USD+":{"0":0.0423242824,"1":0.0450999554,"2":0.0027756731},"XRP-USD+":{"0":0.2346442402,"1":0.2914432665,"2":0.0567990263},"cash":{"0":0.6443148708,"1":0.5809374487,"2":-0.0633774221}}