{"BTC-USD":{"current":0.4380504373,"target":0.433204853,"change":-0.0048455843},"ETH-USD+":{"current":0.3856098974,"target":0.396052402,"change":0.0104425046},"XRP-USD+":{"current":0.1763396653,"target":0.170742744,"change":-0.0055969213},"cash":{"current":0.0,"target":0.0,"change":0.0}}