{"D":-0.0062321288,"MTD":0.0551484988,"M":0.0241598066,"YTD":0.1709365807,"Y":-0.4502483579,"Start (yearly)":4.8051721494}