{"D":-0.0008687616,"MTD":-0.1822668992,"M":-0.2333128563,"YTD":0.8265936039,"Y":0.010476608,"Start (yearly)":5.0172108471}