{"BTC-USD":{"current":0.2840904862,"target":0.300848608,"change":0.0167581218},"ETH-USD+":{"current":0.3949753051,"target":0.392636241,"change":-0.0023390641},"XLM-USD+":{"current":0.1829294736,"target":0.207104478,"change":0.0241750044},"cash":{"current":0.1380047351,"target":0.0994106735,"change":-0.0385940616}}