{"D":-0.0012885235,"MTD":0.5407671519,"M":0.4480464951,"YTD":0.785163735,"Y":-0.0516944203,"Start (yearly)":5.225918076}