{"D":-0.0057295666,"MTD":0.1979127256,"M":0.2010756978,"YTD":0.232808298,"Y":-0.4328947248,"Start (yearly)":5.0782784483}