{"BTC-USD":{"current":0.4128623327,"target":0.397687447,"change":-0.0151748857},"ETH-USD+":{"current":0.3970474911,"target":0.389722222,"change":-0.0073252691},"XRP-USD+":{"current":0.1900901762,"target":0.163928117,"change":-0.0261620592},"cash":{"current":0.0,"target":0.0486622137,"change":0.0486622137}}