{"BTC-USD":{"current":0.4230240599,"target":0.409240166,"change":-0.0137838939},"ETH-USD+":{"current":0.3845064626,"target":0.395544084,"change":0.0110376214},"XRP-USD+":{"current":0.1924694775,"target":0.19521575,"change":0.0027462725},"cash":{"current":0.0,"target":0.0,"change":0.0}}