{"D":-0.0069029298,"MTD":-0.1215072535,"M":-0.1215072535,"YTD":-0.1215072535,"Y":-0.5844538088,"Start (yearly)":4.9241324532}