{"D":-0.0210099621,"MTD":-0.0742200212,"M":0.0121484868,"YTD":-0.0742200212,"Y":-0.593868593,"Start (yearly)":5.2054458933}