{"D":-0.011266034,"MTD":-0.011266034,"M":-0.1969819768,"YTD":-0.5256350094,"Y":0.3622581357,"Start (yearly)":5.1915488065}