{"BTC-USD":{"current":0.3666253329,"target":0.357246792,"change":-0.0093785409},"ETH-USD+":{"current":0.4033826397,"target":0.438670955,"change":0.0352883153},"XRP-USD+":{"current":0.2299920274,"target":0.204082253,"change":-0.0259097744},"cash":{"current":0.0,"target":0.0,"change":0.0}}