{"D":-0.0532839437,"MTD":-0.1585049216,"M":0.0259227303,"YTD":0.8796714068,"Y":0.2245366852,"Start (yearly)":5.072823773}