{"BTC-USD":{"current":0.0763469243,"target":0.0428066811,"change":-0.0335402432},"ETH-USD+":{"current":0.0543457951,"target":0.0322496291,"change":-0.022096166},"XRP-USD+":{"current":0.0455807439,"target":0.0420667481,"change":-0.0035139958},"cash":{"current":0.8237265366,"target":0.882876942,"change":0.0591504054}}