{"D":-0.0084596857,"MTD":0.0510925464,"M":0.0971342811,"YTD":-0.0188613905,"Y":-0.4731972188,"Start (yearly)":5.0413981722}