{"D":-0.0084048913,"MTD":-0.1872816028,"M":-0.1196288983,"YTD":0.7876301065,"Y":0.1735978339,"Start (yearly)":4.838977203}