{"BTC-USD":{"current":0.0926696676,"target":0.0783493446,"change":-0.014320323},"ETH-USD+":{"current":0.1332476961,"target":0.0978503423,"change":-0.0353973538},"XRP-USD+":{"current":0.1544280969,"target":0.136902289,"change":-0.0175258079},"cash":{"current":0.6196545394,"target":0.686898024,"change":0.0672434846}}