{"index":{"0":"current","1":"target","2":"change"},"BTC-USD":{"0":0.1936580844,"1":0.2013810443,"2":0.0077229599},"ETH-USD+":{"0":0.1821446759,"1":0.2026906766,"2":0.0205460007},"XRP-USD+":{"0":0.3420241488,"1":0.4643494658,"2":0.122325317},"cash":{"0":0.2821730909,"1":0.1315788132,"2":-0.1505942776}}