{"BTC-USD":{"current":0.4040739465,"target":0.39907142,"change":-0.0050025265},"ETH-USD+":{"current":0.3961372973,"target":0.398854996,"change":0.0027176987},"XRP-USD+":{"current":0.1997887562,"target":0.202073584,"change":0.0022848278},"cash":{"current":0.0,"target":0.0,"change":0.0}}