{"D":-0.0369020585,"MTD":0.0784860889,"M":0.046091112,"YTD":-0.0525577937,"Y":-0.5305960486,"Start (yearly)":4.8924045981}