{"D":-0.0002408368,"MTD":-0.0385620585,"M":-0.0321436786,"YTD":0.7218968038,"Y":0.2879849086,"Start (yearly)":4.7411108946}