{"BTC-USD":{"current":0.2102679251,"target":0.168737447,"change":-0.0415304781},"ETH-USD+":{"current":0.0923071091,"target":0.0760465921,"change":-0.016260517},"XRP-USD+":{"current":0.0615421643,"target":0.0283105617,"change":-0.0332316026},"cash":{"current":0.6358828014,"target":0.726905399,"change":0.0910225976}}