{"D":0.1859954287,"MTD":0.3377539517,"M":0.3294828303,"YTD":0.4845541077,"Y":-0.229371744,"Start (yearly)":4.9440494687}