{"BTC-USD":{"current":0.1363060559,"target":0.129816351,"change":-0.0064897049},"ETH-USD+":{"current":0.1653097155,"target":0.164722222,"change":-0.0005874935},"XLM-USD+":{"current":0.0441155906,"target":0.0472160504,"change":0.0031004598},"cash":{"current":0.654268638,"target":0.658245377,"change":0.003976739}}