{"D":-0.0257275485,"MTD":0.0653525796,"M":0.0137812733,"YTD":-0.0055504131,"Y":-0.4693750709,"Start (yearly)":5.0267874382}