{"BTC-USD":{"current":0.4552352278,"target":0.425038776,"change":-0.0301964518},"ETH-USD+":{"current":0.408183496,"target":0.42807719,"change":0.019893694},"XLM-USD+":{"current":0.1365812763,"target":0.146884034,"change":0.0103027577},"cash":{"current":0.0,"target":0.0,"change":0.0}}