{"BTC-USD":{"current":0.3513513573,"target":0.383182925,"change":0.0318315677},"ETH-USD+":{"current":0.3753671778,"target":0.399702404,"change":0.0243352262},"XRP-USD+":{"current":0.2104754919,"target":0.217114671,"change":0.0066391791},"cash":{"current":0.062805973,"target":0.0,"change":-0.062805973}}