{"BTC-USD":{"current":0.3831230616,"target":0.330565064,"change":-0.0525579976},"ETH-USD+":{"current":0.4207919355,"target":0.402927566,"change":-0.0178643695},"XLM-USD+":{"current":0.1960850029,"target":0.26650737,"change":0.0704223671},"cash":{"current":0.0,"target":0.0,"change":0.0}}