{"index":{"0":"current","1":"target","2":"change"},"BTC-USD":{"0":0.181722395,"1":0.1682074597,"2":-0.0135149352},"ETH-USD+":{"0":0.1500301536,"1":0.1447792411,"2":-0.0052509125},"XRP-USD+":{"0":0.2758183171,"1":0.2772055978,"2":0.0013872806},"cash":{"0":0.3924291343,"1":0.4098077014,"2":0.0173785671}}