{"BTC-USD":{"current":0.3434725251,"target":0.346735583,"change":0.0032630579},"ETH-USD+":{"current":0.3403630428,"target":0.34016974,"change":-0.0001933028},"XLM-USD+":{"current":0.3161644321,"target":0.313094677,"change":-0.0030697551},"cash":{"current":0.0,"target":0.0,"change":0.0}}