{"BTC-USD":{"current":0.1348354126,"target":0.135833333,"change":0.0009979204},"ETH-USD+":{"current":0.156749464,"target":0.175555556,"change":0.018806092},"XRP-USD+":{"current":0.073539552,"target":0.108573829,"change":0.035034277},"cash":{"current":0.6348755714,"target":0.580037282,"change":-0.0548382894}}