{"D":0.0047913654,"MTD":0.0911889044,"M":0.1507181145,"YTD":0.1229755785,"Y":-0.4688589392,"Start (yearly)":4.9902704951}