{"BTC-USD":{"current":0.1685675189,"target":0.178912107,"change":0.0103445881},"ETH-USD+":{"current":0.2530179887,"target":0.256252574,"change":0.0032345853},"XLM-USD+":{"current":0.1063461488,"target":0.113114923,"change":0.0067687742},"cash":{"current":0.4720683436,"target":0.451720396,"change":-0.0203479476}}