{"BTC-USD":{"current":0.1167551244,"target":0.0765243468,"change":-0.0402307776},"ETH-USD+":{"current":0.0524535811,"target":0.0384521643,"change":-0.0140014168},"XRP-USD+":{"current":0.076012398,"target":0.0728695853,"change":-0.0031428127},"cash":{"current":0.7547788965,"target":0.812153904,"change":0.0573750075}}