{"D":0.01207182,"MTD":0.0907622138,"M":0.1691180479,"YTD":0.0907622138,"Y":-0.5068344113,"Start (yearly)":5.35668506}