{"BTC-USD":{"current":0.0521501209,"target":0.0776767308,"change":0.0255266099},"ETH-USD+":{"current":0.0307493602,"target":0.056180247,"change":0.0254308868},"XRP-USD+":{"current":0.0448276756,"target":0.0457254726,"change":0.000897797},"cash":{"current":0.8722728433,"target":0.82041755,"change":-0.0518552933}}