{"D":-0.0075084929,"MTD":-0.0321489824,"M":-0.0421592066,"YTD":0.7333823659,"Y":0.3166438754,"Start (yearly)":4.7332244516}