{"BTC-USD":{"current":0.1587327301,"target":0.230395718,"change":0.0716629879},"ETH-USD+":{"current":0.1068676911,"target":0.128945121,"change":0.0220774299},"XRP-USD+":{"current":0.0675303792,"target":0.104870635,"change":0.0373402558},"cash":{"current":0.6668691996,"target":0.535788526,"change":-0.1310806736}}