{"D":0.0478971493,"MTD":0.5311412433,"M":0.459609717,"YTD":0.6991630032,"Y":-0.1069539376,"Start (yearly)":5.0122962326}