{"BTC-USD":{"current":0.2644527497,"target":0.324903867,"change":0.0604511173},"ETH-USD+":{"current":0.2446213473,"target":0.284178654,"change":0.0395573067},"XLM-USD+":{"current":0.1906124816,"target":0.200277778,"change":0.0096652964},"cash":{"current":0.3003134215,"target":0.190639702,"change":-0.1096737195}}