{"D":0.0039098347,"MTD":-0.0175599801,"M":0.0159271119,"YTD":-0.0854520166,"Y":-0.5247281996,"Start (yearly)":4.8191408299}