{"BTC-USD":{"current":0.4483417237,"target":0.459305884,"change":0.0109641603},"ETH-USD+":{"current":0.3886096732,"target":0.386429983,"change":-0.0021796902},"XRP-USD+":{"current":0.1630486031,"target":0.154264133,"change":-0.0087844701},"cash":{"current":0.0,"target":0.0,"change":0.0}}