{"D":-0.0186283825,"MTD":-0.0522436897,"M":-0.2848694393,"YTD":-0.3644578717,"Y":0.0095478798,"Start (yearly)":5.3616298066}