{"D":0.0158664784,"MTD":0.0176810052,"M":0.0241236792,"YTD":0.5549484838,"Y":0.302729434,"Start (yearly)":4.468487661}