{"D":0.0017344928,"MTD":-0.1924365103,"M":-0.1924365103,"YTD":0.7762915323,"Y":0.1517375631,"Start (yearly)":4.8130517033}