{"D":0.0616369578,"MTD":0.1953992518,"M":0.2768546751,"YTD":1.1556979598,"Y":0.4097471759,"Start (yearly)":5.0569517103}