{"BTC-USD":{"current":0.3457697534,"target":0.340938438,"change":-0.0048313154},"ETH-USD+":{"current":0.3295322398,"target":0.348650183,"change":0.0191179432},"XLM-USD+":{"current":0.3246980068,"target":0.310411379,"change":-0.0142866278},"cash":{"current":0.0,"target":0.0,"change":0.0}}