{"D":-0.0081520816,"MTD":-0.0109713174,"M":-0.1061070537,"YTD":0.5111696519,"Y":0.1097652683,"Start (yearly)":4.5208427397}