{"index":{"0":"current","1":"target","2":"change"},"BTC-USD":{"0":0.177937199,"1":0.1897314929,"2":0.0117942939},"ETH-USD+":{"0":0.1903701846,"1":0.2000720993,"2":0.0097019147},"XRP-USD+":{"0":0.5297903212,"1":0.5357603797,"2":0.0059700585},"cash":{"0":0.1019022951,"1":0.0744360281,"2":-0.027466267}}