{"BTC-USD":{"current":0.2143121362,"target":0.254166667,"change":0.0398545308},"ETH-USD+":{"current":0.3156254621,"target":0.439028587,"change":0.1234031249},"XLM-USD+":{"current":0.112887276,"target":0.152777778,"change":0.039890502},"cash":{"current":0.3571751257,"target":0.154026968,"change":-0.2031481577}}