{"BTC-USD":{"current":0.2282265652,"target":0.266160913,"change":0.0379343478},"ETH-USD+":{"current":0.3081685687,"target":0.309169511,"change":0.0010009423},"XLM-USD+":{"current":0.0556993414,"target":0.0562574473,"change":0.0005581059},"cash":{"current":0.4079055247,"target":0.36841213,"change":-0.0394933947}}