{"BTC-USD":{"current":0.4272062093,"target":0.410800126,"change":-0.0164060833},"ETH-USD+":{"current":0.4069620695,"target":0.394454068,"change":-0.0125080015},"XRP-USD+":{"current":0.1658317212,"target":0.194745805,"change":0.0289140838},"cash":{"current":0.0,"target":0.0,"change":0.0}}