{"D":0.0384830463,"MTD":-0.0401846567,"M":0.3743910281,"YTD":0.7782966414,"Y":0.1118973648,"Start (yearly)":5.1466592914}