{"D":0.0098430367,"MTD":-0.1032191782,"M":-0.131169005,"YTD":0.5212173333,"Y":0.1293094627,"Start (yearly)":4.7091942904}