{"index":{"0":"current","1":"target","2":"change"},"BTC-USD":{"0":0.1794684708,"1":0.2048122432,"2":0.0253437724},"ETH-USD+":{"0":0.1724329105,"1":0.196200789,"2":0.0237678785},"XRP-USD+":{"0":0.5449063663,"1":0.5452284903,"2":0.000322124},"cash":{"0":0.1031922524,"1":0.0537584775,"2":-0.0494337749}}