{"D":0.0036461789,"MTD":0.0727139215,"M":0.1648615555,"YTD":0.0727139215,"Y":-0.5738216215,"Start (yearly)":5.142551398}