{"BTC-USD":{"current":0.1268417165,"target":0.0985360281,"change":-0.0283056884},"ETH-USD+":{"current":0.0846597107,"target":0.0667086949,"change":-0.0179510158},"XRP-USD+":{"current":0.063004777,"target":0.0377271023,"change":-0.0252776747},"cash":{"current":0.7254937957,"target":0.797028175,"change":0.0715343793}}