{"BTC-USD":{"current":0.3529616343,"target":0.358117263,"change":0.0051556287},"ETH-USD+":{"current":0.3701479575,"target":0.385842505,"change":0.0156945475},"XRP-USD+":{"current":0.1980622751,"target":0.202206815,"change":0.0041445399},"cash":{"current":0.0788281331,"target":0.0538334161,"change":-0.024994717}}