{"BTC-USD":{"current":0.2825315998,"target":0.28983976,"change":0.0073081602},"ETH-USD+":{"current":0.2949802443,"target":0.326506185,"change":0.0315259407},"XRP-USD+":{"current":0.1578062961,"target":0.175604533,"change":0.0177982369},"cash":{"current":0.2646818598,"target":0.208049523,"change":-0.0566323368}}