{"BTC-USD":{"current":0.3845622372,"target":0.370942163,"change":-0.0136200742},"ETH-USD+":{"current":0.3704732048,"target":0.391635008,"change":0.0211618032},"XRP-USD+":{"current":0.244964558,"target":0.237422829,"change":-0.007541729},"cash":{"current":0.0,"target":0.0,"change":0.0}}