{"BTC-USD":{"current":0.0809585804,"target":0.0795724154,"change":-0.001386165},"ETH-USD+":{"current":0.1422569332,"target":0.144845732,"change":0.0025887988},"XRP-USD+":{"current":0.2276378647,"target":0.215394297,"change":-0.0122435677},"cash":{"current":0.5491466217,"target":0.560187556,"change":0.0110409343}}