{"D":0.0278545412,"MTD":0.0558260656,"M":0.0211456858,"YTD":0.7583074925,"Y":0.4168174111,"Start (yearly)":4.655958526}