{"BTC-USD":{"current":0.3904978541,"target":0.381275724,"change":-0.0092221301},"ETH-USD+":{"current":0.3942034982,"target":0.380380042,"change":-0.0138234562},"XRP-USD+":{"current":0.2152986477,"target":0.238344233,"change":0.0230455853},"cash":{"current":0.0,"target":0.0,"change":0.0}}