{"D":-0.0105347389,"MTD":-0.016523085,"M":-0.1216369978,"YTD":0.5031056042,"Y":0.205625711,"Start (yearly)":4.6403474806}