{"BTC-USD":{"current":0.0508415069,"target":0.0702716484,"change":0.0194301415},"ETH-USD+":{"current":0.035378885,"target":0.0645901693,"change":0.0292112843},"XRP-USD+":{"current":0.0459477418,"target":0.0463415037,"change":0.0003937619},"cash":{"current":0.8678318663,"target":0.818796679,"change":-0.0490351873}}