{"BTC-USD":{"current":0.3723311324,"target":0.381760971,"change":0.0094298386},"ETH-USD+":{"current":0.3863989751,"target":0.385844486,"change":-0.0005544891},"XLM-USD+":{"current":0.2124153488,"target":0.232394543,"change":0.0199791942},"cash":{"current":0.0288545437,"target":0.0,"change":-0.0288545437}}