{"D":0.0249274698,"MTD":0.0294648581,"M":0.0294648581,"YTD":-0.0416768547,"Y":-0.4584970442,"Start (yearly)":4.7956144979}