{"BTC-USD":{"current":0.2643483785,"target":0.213206156,"change":-0.0511422225},"ETH-USD+":{"current":0.3163258981,"target":0.289569102,"change":-0.0267567961},"XLM-USD+":{"current":0.056472671,"target":0.0542639215,"change":-0.0022087495},"cash":{"current":0.3628530524,"target":0.44296082,"change":0.0801077676}}