{"D":-0.005628074,"MTD":-0.1230096697,"M":-0.1555425981,"YTD":-0.1230096697,"Y":-0.5883268042,"Start (yearly)":5.115823978}