{"index":{"0":"current","1":"target","2":"change"},"BTC-USD":{"0":0.2053146695,"1":0.2606438457,"2":0.0553291762},"ETH-USD+":{"0":0.0485479662,"1":0.1027771463,"2":0.0542291801},"XRP-USD+":{"0":0.2238533756,"1":0.2730701308,"2":0.0492167551},"cash":{"0":0.5222839886,"1":0.3635088772,"2":-0.1587751114}}