{"BTC-USD":{"current":0.3931017538,"target":0.398531447,"change":0.0054296932},"ETH-USD+":{"current":0.4040286104,"target":0.399678088,"change":-0.0043505224},"XRP-USD+":{"current":0.2028696358,"target":0.201790465,"change":-0.0010791708},"cash":{"current":0.0,"target":0.0,"change":0.0}}