{"D":-0.0013300059,"MTD":-0.0030308725,"M":-0.102834867,"YTD":0.5237265459,"Y":0.1250010758,"Start (yearly)":4.6719471413}