{"BTC-USD":{"current":0.1177548242,"target":0.118860821,"change":0.0011059968},"ETH-USD+":{"current":0.1364679188,"target":0.155179731,"change":0.0187118122},"XRP-USD+":{"current":0.0726686446,"target":0.0823480677,"change":0.0096794231},"cash":{"current":0.6731086125,"target":0.64361138,"change":-0.0294972325}}