{"D":-0.0830195759,"MTD":-0.1089938453,"M":-0.1367636939,"YTD":0.5114217138,"Y":0.1002554062,"Start (yearly)":4.7081432889}