{"BTC-USD":{"current":0.1109924403,"target":0.12942854,"change":0.0184360997},"ETH-USD+":{"current":0.0809755338,"target":0.0856586603,"change":0.0046831265},"XRP-USD+":{"current":0.0372700412,"target":0.0640753848,"change":0.0268053436},"cash":{"current":0.7707619847,"target":0.720837415,"change":-0.0499245697}}