{"BTC-USD":{"current":0.1328581175,"target":0.171075008,"change":0.0382168905},"ETH-USD+":{"current":0.0911306662,"target":0.111188168,"change":0.0200575018},"XLM-USD+":{"current":0.0449142785,"target":0.0820181533,"change":0.0371038748},"cash":{"current":0.7310969378,"target":0.635718671,"change":-0.0953782668}}