{"D":-0.0303748084,"MTD":-0.1859882335,"M":-0.0075840069,"YTD":0.818281154,"Y":0.1744175768,"Start (yearly)":5.0471149349}