{"BTC-USD":{"current":0.3712299091,"target":0.407929271,"change":0.0366993619},"ETH-USD+":{"current":0.4111560244,"target":0.384994479,"change":-0.0261615454},"XRP-USD+":{"current":0.2176140665,"target":0.207076251,"change":-0.0105378155},"cash":{"current":0.0,"target":0.0,"change":0.0}}