{"BTC-USD":{"current":0.1692191445,"target":0.150214789,"change":-0.0190043555},"ETH-USD+":{"current":0.0747675909,"target":0.0427222909,"change":-0.0320453},"XRP-USD+":{"current":0.0282779125,"target":0.0429543845,"change":0.014676472},"cash":{"current":0.7277353521,"target":0.764108536,"change":0.0363731839}}