{"D":0.0268753255,"MTD":0.0249350673,"M":-0.0641410442,"YTD":0.5660322053,"Y":0.3489233592,"Start (yearly)":4.5114117346}