{"D":0.0604758757,"MTD":0.0927692891,"M":0.3252008869,"YTD":0.4726110095,"Y":0.528715315,"Start (yearly)":4.2213482592}