{"D":0.0560152653,"MTD":0.171158607,"M":0.2380212666,"YTD":1.1698626012,"Y":0.3688876586,"Start (yearly)":5.2433172371}