{"BTC-USD":{"current":0.3896182988,"target":0.384815026,"change":-0.0048032728},"ETH-USD+":{"current":0.3818508479,"target":0.396729519,"change":0.0148786711},"XLM-USD+":{"current":0.2285308533,"target":0.218455455,"change":-0.0100753983},"cash":{"current":0.0,"target":0.0,"change":0.0}}