{"D":-0.0052520673,"MTD":0.0097806525,"M":-0.0651895954,"YTD":0.7128999573,"Y":0.1915682756,"Start (yearly)":4.8477222628}