{"D":0.0362639978,"MTD":0.0248481816,"M":-0.1683907125,"YTD":-0.0994780159,"Y":-0.5330225002,"Start (yearly)":5.0993388279}