{"BTC-USD":{"current":0.4103920643,"target":0.400872052,"change":-0.0095200123},"ETH-USD+":{"current":0.4096208406,"target":0.413297711,"change":0.0036768704},"XRP-USD+":{"current":0.1799870951,"target":0.185830237,"change":0.0058431419},"cash":{"current":0.0,"target":0.0,"change":0.0}}