{"index":{"0":"current","1":"target","2":"change"},"BTC-USD":{"0":0.2031271957,"1":0.1759013595,"2":-0.0272258362},"ETH-USD+":{"0":0.2062472562,"1":0.1964861437,"2":-0.0097611125},"XRP-USD+":{"0":0.3913031285,"1":0.4377033549,"2":0.0464002264},"cash":{"0":0.1993224196,"1":0.1899091419,"2":-0.0094132777}}