{"D":-0.0046256083,"MTD":-0.0715229911,"M":-0.1915467182,"YTD":-0.3773860982,"Y":-0.288550467,"Start (yearly)":5.3155692041}