{"D":0.0010903574,"MTD":0.0037802883,"M":-0.1155380557,"YTD":0.8323501202,"Y":0.1532927578,"Start (yearly)":4.996442478}