{"D":0.0199325622,"MTD":0.0086861403,"M":-0.0930134896,"YTD":0.5416343458,"Y":0.2649700611,"Start (yearly)":4.6616253727}