{"D":0.0364590147,"MTD":0.0017861863,"M":0.0052755784,"YTD":0.5306622641,"Y":0.2865407577,"Start (yearly)":4.4674332725}