{"BTC-USD":{"current":0.1733828084,"target":0.179425838,"change":0.0060430296},"ETH-USD+":{"current":0.2623660915,"target":0.265834896,"change":0.0034688045},"XRP-USD+":{"current":0.1137498811,"target":0.114167969,"change":0.0004180879},"cash":{"current":0.450501219,"target":0.440571297,"change":-0.009929922}}