{"D":-0.0081474731,"MTD":-0.0716325861,"M":-0.0628653078,"YTD":0.6946877344,"Y":0.1930926217,"Start (yearly)":4.8594928637}