{"BTC-USD":{"current":0.2205882045,"target":0.271944444,"change":0.0513562395},"ETH-USD+":{"current":0.1807922294,"target":0.201111111,"change":0.0203188816},"XLM-USD+":{"current":0.2068522638,"target":0.232666108,"change":0.0258138442},"cash":{"current":0.3917673023,"target":0.294278337,"change":-0.0974889653}}