{"BTC-USD":{"current":0.5161785214,"target":0.536048955,"change":0.0198704336},"ETH-USD+":{"current":0.3168180346,"target":0.316171973,"change":-0.0006460616},"XLM-USD+":{"current":0.167003444,"target":0.147779072,"change":-0.019224372},"cash":{"current":0.0,"target":0.0,"change":0.0}}