{"D":-0.0444982795,"MTD":-0.0116511072,"M":-0.0985918032,"YTD":-0.525819756,"Y":-0.4444563872,"Start (yearly)":5.125581312}