{"D":0.0076916995,"MTD":-0.1836937433,"M":-0.1836937433,"YTD":0.8234064218,"Y":0.1184830354,"Start (yearly)":4.9997063884}