{"BTC-USD":{"current":0.3874989278,"target":0.413863888,"change":0.0263649602},"ETH-USD+":{"current":0.3767012248,"target":0.383388599,"change":0.0066873742},"XRP-USD+":{"current":0.2357998474,"target":0.202747513,"change":-0.0330523344},"cash":{"current":0.0,"target":0.0,"change":0.0}}