{"D":-0.0147884951,"MTD":-0.0204668823,"M":0.0142942588,"YTD":-0.0881580358,"Y":-0.5282141311,"Start (yearly)":4.8301516703}