{"BTC-USD":{"current":0.0569234302,"target":0.0672500953,"change":0.0103266651},"ETH-USD+":{"current":0.0478429716,"target":0.0546383944,"change":0.0067954228},"XRP-USD+":{"current":0.2122189942,"target":0.238881596,"change":0.0266626018},"cash":{"current":0.6830146041,"target":0.639229914,"change":-0.0437846901}}