{"BTC-USD":{"current":0.1670168907,"target":0.104337347,"change":-0.0626795437},"ETH-USD+":{"current":0.0497204791,"target":0.0406583654,"change":-0.0090621137},"XRP-USD+":{"current":0.0475621047,"target":0.0386265955,"change":-0.0089355092},"cash":{"current":0.7357005256,"target":0.816377692,"change":0.0806771664}}