{"BTC-USD":{"current":0.2875297241,"target":0.287777743,"change":0.0002480189},"ETH-USD+":{"current":0.5180534609,"target":0.514407467,"change":-0.0036459939},"XLM-USD+":{"current":0.194416815,"target":0.197814791,"change":0.003397976},"cash":{"current":0.0,"target":0.0,"change":0.0}}