{"BTC-USD":{"current":0.1862715206,"target":0.256898125,"change":0.0706266044},"ETH-USD+":{"current":0.115842814,"target":0.14090246,"change":0.025059646},"XLM-USD+":{"current":0.081170572,"target":0.091036307,"change":0.009865735},"cash":{"current":0.6167150933,"target":0.511163108,"change":-0.1055519853}}