{"D":-0.009161212,"MTD":-0.0162081015,"M":-0.1794919306,"YTD":0.5035870121,"Y":0.2060393686,"Start (yearly)":4.6347684524}