{"BTC-USD":{"current":0.4604396181,"target":0.462152929,"change":0.0017133109},"ETH-USD+":{"current":0.3601474033,"target":0.36639568,"change":0.0062482767},"XLM-USD+":{"current":0.1794129786,"target":0.171451391,"change":-0.0079615876},"cash":{"current":0.0,"target":0.0,"change":0.0}}