{"D":0.0092496705,"MTD":0.0557515162,"M":-0.0062481301,"YTD":0.2232148885,"Y":-0.4920179468,"Start (yearly)":5.0151701378}