{"BTC-USD":{"current":0.0921523468,"target":0.0994898874,"change":0.0073375406},"ETH-USD+":{"current":0.1539568204,"target":0.172777778,"change":0.0188209576},"XLM-USD+":{"current":0.1795032137,"target":0.186869684,"change":0.0073664703},"cash":{"current":0.5743876191,"target":0.540862651,"change":-0.0335249681}}