{"D":-0.0008321539,"MTD":0.6451034251,"M":0.6973208242,"YTD":0.9060498346,"Y":0.0587628055,"Start (yearly)":5.2473774452}