{"D":-0.0150294769,"MTD":0.1362070147,"M":0.1780845153,"YTD":0.1693050804,"Y":-0.372818445,"Start (yearly)":5.0552859013}