{"D":-0.0053374313,"MTD":-0.1275344653,"M":-0.15510091,"YTD":-0.1275344653,"Y":-0.5935025875,"Start (yearly)":4.9261166951}