{
    "cash": {
        "2": 0.0204596226,
        "0": 0.8414055213,
        "1": 0.8618651439
    },
    "ETH-USD+": {
        "2": -0.0234929856,
        "0": 0.0602812018,
        "1": 0.0367882162
    },
    "Unnamed: 0": {
        "2": "change",
        "0": "current",
        "1": "target"
    },
    "BTC-USD": {
        "2": -0.0057697767,
        "0": 0.0848620167,
        "1": 0.07909224
    },
    "XRP-USD+": {
        "2": 0.0088031398,
        "0": 0.0134512601,
        "1": 0.0222543999
    }
}