{"BTC-USD":{"current":0.1040486847,"target":0.106669425,"change":0.0026207403},"ETH-USD+":{"current":0.0393966264,"target":0.0442712644,"change":0.004874638},"XLM-USD+":{"current":0.0516004688,"target":0.0748865631,"change":0.0232860943},"cash":{"current":0.8049542201,"target":0.774172748,"change":-0.0307814721}}