{"D":0.1556788488,"MTD":0.1664094085,"M":0.2821717663,"YTD":0.2009835864,"Y":-0.3346492894,"Start (yearly)":5.1172655894}