{"D":-0.008017911,"MTD":0.0824398489,"M":0.0824398489,"YTD":0.1139716603,"Y":-0.5030718575,"Start (yearly)":4.9747623224}