{"BTC-USD":{"current":0.1111333778,"target":0.104229861,"change":-0.0069035168},"ETH-USD+":{"current":0.0935049964,"target":0.0837434721,"change":-0.0097615243},"XRP-USD+":{"current":0.0584334229,"target":0.0609954654,"change":0.0025620425},"cash":{"current":0.7369282029,"target":0.751031202,"change":0.0141029991}}