{"BTC-USD":{"current":0.1852117127,"target":0.187978321,"change":0.0027666083},"ETH-USD+":{"current":0.0875898256,"target":0.0857532822,"change":-0.0018365434},"XRP-USD+":{"current":0.0999743901,"target":0.0891395778,"change":-0.0108348123},"cash":{"current":0.6272240717,"target":0.637128819,"change":0.0099047473}}