{"BTC-USD":{"current":0.1562266071,"target":0.16917387,"change":0.0129472629},"ETH-USD+":{"current":0.0542636552,"target":0.0538716323,"change":-0.0003920229},"XRP-USD+":{"current":0.0945812539,"target":0.0798804086,"change":-0.0147008453},"cash":{"current":0.6949284839,"target":0.697074089,"change":0.0021456051}}