{"D":0.0145751736,"MTD":0.0350188221,"M":0.0728197315,"YTD":0.9176297899,"Y":0.176284669,"Start (yearly)":5.1712818889}