{"D":-0.1247828526,"MTD":0.1254418215,"M":0.0930594118,"YTD":1.0851608857,"Y":0.3345725987,"Start (yearly)":5.2051180119}