{"D":-0.0265176847,"MTD":0.1917198942,"M":0.2251081606,"YTD":0.1414872703,"Y":-0.4315413605,"Start (yearly)":4.8298162844}