{"BTC-USD":{"current":0.3084988896,"target":0.216813183,"change":-0.0916857066},"ETH-USD+":{"current":0.4630061519,"target":0.350759173,"change":-0.1122469789},"XRP-USD+":{"current":0.2284949585,"target":0.14911384,"change":-0.0793811185},"cash":{"current":0.0,"target":0.283313804,"change":0.283313804}}