{"D":-0.0354220581,"MTD":0.047005127,"M":0.0975561729,"YTD":0.047005127,"Y":-0.5742238309,"Start (yearly)":5.1465905337}