{"D":0.0097020341,"MTD":-0.0543519924,"M":0.0338700575,"YTD":-0.0543519924,"Y":-0.5944014862,"Start (yearly)":5.2246483437}