{"BTC-USD":{"current":0.3018310167,"target":0.215,"change":-0.0868310167},"ETH-USD+":{"current":0.4595515683,"target":0.360833333,"change":-0.0987182353},"XLM-USD+":{"current":0.238617415,"target":0.172188239,"change":-0.066429176},"cash":{"current":0.0,"target":0.251978428,"change":0.251978428}}