{"BTC-USD":{"current":0.1037416284,"target":0.126949783,"change":0.0232081546},"ETH-USD+":{"current":0.0866413095,"target":0.0872242438,"change":0.0005829343},"XLM-USD+":{"current":0.076029477,"target":0.0841079105,"change":0.0080784335},"cash":{"current":0.7335875852,"target":0.701718062,"change":-0.0318695232}}