{"D":0.0003179785,"MTD":0.0035185942,"M":-0.1108492865,"YTD":0.5333092673,"Y":0.2906578772,"Start (yearly)":4.4794556217}