{"D":0.0760704167,"MTD":0.0343768846,"M":-0.0430146424,"YTD":-0.5037369019,"Y":-0.3422076599,"Start (yearly)":5.1624095892}