{"BTC-USD":{"current":0.2090989935,"target":0.244043478,"change":0.0349444845},"ETH-USD+":{"current":0.2875650368,"target":0.328456246,"change":0.0408912092},"XRP-USD+":{"current":0.1060782337,"target":0.1309269,"change":0.0248486663},"cash":{"current":0.397257736,"target":0.296573376,"change":-0.10068436}}