{"BTC-USD":{"current":0.1781116759,"target":0.173913097,"change":-0.0041985789},"ETH-USD+":{"current":0.1142513643,"target":0.086215231,"change":-0.0280361333},"XLM-USD+":{"current":0.0838617411,"target":0.0827016528,"change":-0.0011600883},"cash":{"current":0.6237752187,"target":0.657170019,"change":0.0333948003}}