{"D":-0.0044918374,"MTD":-0.05124651,"M":-0.0500832063,"YTD":0.6991794597,"Y":0.2448277474,"Start (yearly)":4.6997042171}