{"D":0.0530857836,"MTD":0.2595580247,"M":0.4029197156,"YTD":0.2962493439,"Y":-0.2581661539,"Start (yearly)":5.151580443}