{"D":0.0057023544,"MTD":0.0080769665,"M":-0.0722836715,"YTD":0.6787890932,"Y":0.3595522864,"Start (yearly)":4.6537416419}