{"BTC-USD":{"current":0.0759154342,"target":0.064307628,"change":-0.0116078062},"ETH-USD+":{"current":0.0949780828,"target":0.0768488457,"change":-0.0181292371},"XLM-USD+":{"current":0.1262796604,"target":0.112751168,"change":-0.0135284924},"cash":{"current":0.7028268225,"target":0.746092359,"change":0.0432655365}}