{"D":-0.004911635,"MTD":-0.0701581573,"M":-0.0608535285,"YTD":0.6653094577,"Y":0.2147714367,"Start (yearly)":4.6811778918}