{"index":{"0":"current","1":"target","2":"change"},"BTC-USD":{"0":0.151240025,"1":0.1325930403,"2":-0.0186469847},"ETH-USD+":{"0":0.090874327,"1":0.0765530964,"2":-0.0143212306},"XRP-USD+":{"0":0.2400166917,"1":0.2191127184,"2":-0.0209039732},"cash":{"0":0.5178689563,"1":0.5717411449,"2":0.0538721885}}