{"D":-0.0022196008,"MTD":-0.0012665829,"M":-0.1857352882,"YTD":-0.1224247508,"Y":-0.556485166,"Start (yearly)":5.0950519164}