{"index":{"0":"current","1":"target","2":"change"},"BTC-USD":{"0":0.1783609944,"1":0.1759173608,"2":-0.0024436335},"ETH-USD+":{"0":0.1688841997,"1":0.1719157256,"2":0.0030315258},"XRP-USD+":{"0":0.6322700621,"1":0.5515567795,"2":-0.0807132826},"cash":{"0":0.0204847438,"1":0.1006101341,"2":0.0801253903}}