{"D":-0.0054672563,"MTD":0.0015225716,"M":-0.0783155713,"YTD":0.6678738088,"Y":0.3663775655,"Start (yearly)":4.646780516}