{"D":-0.0370961085,"MTD":0.0150971302,"M":0.0150971302,"YTD":-0.3193007701,"Y":-0.3193007701,"Start (yearly)":5.3181204785}