{"BTC-USD":{"current":0.309550364,"target":0.317510795,"change":0.007960431},"ETH-USD+":{"current":0.4769807001,"target":0.451003128,"change":-0.0259775721},"XLM-USD+":{"current":0.2134689358,"target":0.231486077,"change":0.0180171412},"cash":{"current":0.0,"target":0.0,"change":0.0}}