{"BTC-USD":{"current":0.3114019583,"target":0.327559041,"change":0.0161570827},"ETH-USD+":{"current":0.3187803048,"target":0.324541516,"change":0.0057612112},"XLM-USD+":{"current":0.369817737,"target":0.347899443,"change":-0.021918294},"cash":{"current":0.0,"target":0.0,"change":0.0}}