{"index":{"0":"current","1":"target","2":"change"},"BTC-USD":{"0":0.1229510862,"1":0.1184212763,"2":-0.0045298099},"ETH-USD+":{"0":0.0300111173,"1":0.032111263,"2":0.0021001457},"XRP-USD+":{"0":0.0500109023,"1":0.0279924293,"2":-0.022018473},"cash":{"0":0.7970268942,"1":0.8214750315,"2":0.0244481372}}