{"D":0.0414748502,"MTD":0.046075661,"M":0.016320196,"YTD":0.2120042486,"Y":-0.4869498008,"Start (yearly)":5.0189564654}