{"D":-0.0055548629,"MTD":-0.0907723708,"M":-0.1128835194,"YTD":0.5141715145,"Y":0.1270404365,"Start (yearly)":4.5417491424}