{"D":-0.0010324506,"MTD":-0.0455196177,"M":-0.2724676214,"YTD":-0.5420688545,"Y":0.0916439406,"Start (yearly)":5.1509094992}