{"BTC-USD":{"current":0.2378669106,"target":0.231485284,"change":-0.0063816266},"ETH-USD+":{"current":0.4929883642,"target":0.549054397,"change":0.0560660328},"XRP-USD+":{"current":0.1548229795,"target":0.136249071,"change":-0.0185739085},"cash":{"current":0.1143217458,"target":0.0832112486,"change":-0.0311104972}}