{"D":0.0066394713,"MTD":0.0202367451,"M":-0.0427946369,"YTD":-0.0502672541,"Y":-0.4919533675,"Start (yearly)":4.8185880159}