{"D":-0.0041148669,"MTD":-0.0888470187,"M":-0.0998244722,"YTD":-0.0888470187,"Y":-0.5657958691,"Start (yearly)":5.157632228}