{"BTC-USD":{"current":0.454868415,"target":0.471833207,"change":0.016964792},"ETH-USD+":{"current":0.3882940314,"target":0.373644561,"change":-0.0146494704},"XRP-USD+":{"current":0.1568375536,"target":0.154522233,"change":-0.0023153206},"cash":{"current":0.0,"target":0.0,"change":0.0}}