{"index":{"0":"current","1":"target","2":"change"},"BTC-USD":{"0":0.1766840749,"1":0.1486192754,"2":-0.0280647995},"ETH-USD+":{"0":0.1947805096,"1":0.1601043861,"2":-0.0346761236},"XRP-USD+":{"0":0.4361865134,"1":0.3468534454,"2":-0.0893330681},"cash":{"0":0.192348902,"1":0.3444228932,"2":0.1520739912}}