{"D":0.0017385115,"MTD":-0.1868787986,"M":-0.1968664858,"YTD":0.7885161022,"Y":0.1548974315,"Start (yearly)":4.8330434913}