{"BTC-USD":{"current":0.5205866321,"target":0.550662935,"change":0.0300763029},"ETH-USD+":{"current":0.3671751304,"target":0.346084942,"change":-0.0210901884},"XLM-USD+":{"current":0.1122382375,"target":0.103252123,"change":-0.0089861145},"cash":{"current":0.0,"target":0.0,"change":0.0}}