{"D":0.0139071821,"MTD":-0.1154009282,"M":-0.1433507445,"YTD":-0.1154009282,"Y":-0.5785483602,"Start (yearly)":4.9323278864}