{"D":-0.0001195303,"MTD":-0.0013859618,"M":-0.1858326175,"YTD":-0.1225296477,"Y":-0.5430014626,"Start (yearly)":5.0914401838}