{"BTC-USD":{"current":0.1564204932,"target":0.152831807,"change":-0.0035886862},"ETH-USD+":{"current":0.2469917903,"target":0.215555556,"change":-0.0314362343},"XLM-USD+":{"current":0.0727881039,"target":0.0566351615,"change":-0.0161529424},"cash":{"current":0.5237996127,"target":0.574977476,"change":0.0511778633}}