{"D":0.0020293082,"MTD":0.1976526406,"M":0.2246119617,"YTD":0.2325406367,"Y":-0.4630264222,"Start (yearly)":5.0644315985}