{"D":-0.000787138,"MTD":-0.0369328736,"M":-0.0326744732,"YTD":0.7580303035,"Y":0.2554601583,"Start (yearly)":4.9241652415}