{"D":0.1676275004,"MTD":0.1707753383,"M":0.2019828529,"YTD":0.1219811047,"Y":-0.3708461831,"Start (yearly)":4.8885254854}