{"D":0.0392294455,"MTD":-0.0111036753,"M":0.1157210478,"YTD":0.8321763924,"Y":0.1333926315,"Start (yearly)":5.1604165251}