{"D":-0.0009385247,"MTD":-0.0213861983,"M":0.0162076679,"YTD":-0.089013822,"Y":-0.5298657138,"Start (yearly)":4.8197599552}