{"D":-0.0368771496,"MTD":0.0153172756,"M":0.1291725768,"YTD":0.8309509365,"Y":0.1568249611,"Start (yearly)":4.9667929585}