{"BTC-USD":{"current":0.0962833445,"target":0.102306276,"change":0.0060229315},"ETH-USD+":{"current":0.0816054346,"target":0.0857776287,"change":0.0041721941},"XLM-USD+":{"current":0.0650496763,"target":0.0757592528,"change":0.0107095765},"cash":{"current":0.7570615446,"target":0.736156843,"change":-0.0209047016}}