{"D":0.0413020097,"MTD":0.0891090253,"M":0.0894974273,"YTD":0.0166249569,"Y":-0.4402569992,"Start (yearly)":5.0216194832}