{"D":0.0368799936,"MTD":0.0233340571,"M":-0.15889091,"YTD":-0.1010084536,"Y":-0.5527458697,"Start (yearly)":4.9131369267}