{"D":0.004671894,"MTD":-0.1788673581,"M":-0.017052465,"YTD":0.8061378175,"Y":0.1808921885,"Start (yearly)":4.8613824155}