{"D":0.0230233275,"MTD":0.141649643,"M":0.0807089534,"YTD":0.0031540476,"Y":-0.4864672004,"Start (yearly)":5.1338849031}