{"D":0.0026557343,"MTD":-0.1054583201,"M":-0.1259062283,"YTD":0.5174190569,"Y":0.0962426864,"Start (yearly)":4.7017208106}