{"D":-0.0012374183,"MTD":-0.0467007092,"M":-0.2363347019,"YTD":-0.5426355069,"Y":0.0788793582,"Start (yearly)":5.139080394}