{"BTC-USD":{"current":0.3349710968,"target":0.338969355,"change":0.0039982582},"ETH-USD+":{"current":0.4842793775,"target":0.482578181,"change":-0.0017011965},"XRP-USD+":{"current":0.1780326472,"target":0.178452463,"change":0.0004198158},"cash":{"current":0.0027168786,"target":0.0,"change":-0.0027168786}}