{"BTC-USD":{"current":0.0962243261,"target":0.107222998,"change":0.0109986719},"ETH-USD+":{"current":0.0826175573,"target":0.0820477238,"change":-0.0005698335},"XRP-USD+":{"current":0.0702298308,"target":0.0840314986,"change":0.0138016678},"cash":{"current":0.7509282858,"target":0.72669778,"change":-0.0242305058}}