{"D":0.0318933246,"MTD":0.0132503738,"M":0.0162142142,"YTD":-0.0567708285,"Y":-0.4805037246,"Start (yearly)":4.7914434181}