{"BTC-USD":{"current":0.434346163,"target":0.451932171,"change":0.017586008},"ETH-USD+":{"current":0.3503055557,"target":0.347025306,"change":-0.0032802497},"XRP-USD+":{"current":0.2153482813,"target":0.201042523,"change":-0.0143057583},"cash":{"current":0.0,"target":0.0,"change":0.0}}