{"D":0.0232247397,"MTD":0.0708670556,"M":-0.0428322595,"YTD":0.2407280557,"Y":-0.4335237272,"Start (yearly)":5.0181714596}