{"BTC-USD":{"current":0.3869605295,"target":0.368815225,"change":-0.0181453045},"ETH-USD+":{"current":0.3968485265,"target":0.411578163,"change":0.0147296365},"XRP-USD+":{"current":0.216190944,"target":0.219606612,"change":0.003415668},"cash":{"current":0.0,"target":0.0,"change":0.0}}