{"BTC-USD":{"current":0.5500114312,"target":0.45814781,"change":-0.0918636212},"ETH-USD+":{"current":0.3626053832,"target":0.409276225,"change":0.0466708418},"XRP-USD+":{"current":0.0873831857,"target":0.132575965,"change":0.0451927793},"cash":{"current":0.0,"target":0.0,"change":0.0}}