{"D":-0.0098078001,"MTD":-0.190287062,"M":-0.190287062,"YTD":0.808678739,"Y":0.0483439498,"Start (yearly)":5.0008371263}