{"D":0.0125652494,"MTD":0.0787390006,"M":0.0087393134,"YTD":0.006945094,"Y":-0.4594273186,"Start (yearly)":5.0320491877}