{"BTC-USD":{"current":0.1602914263,"target":0.147382259,"change":-0.0129091673},"ETH-USD+":{"current":0.0853870861,"target":0.0790752682,"change":-0.0063118179},"XRP-USD+":{"current":0.0998960533,"target":0.0565607821,"change":-0.0433352712},"cash":{"current":0.6544254343,"target":0.716981691,"change":0.0625562567}}