{"D":0.0014269477,"MTD":-0.0009245707,"M":0.0728993618,"YTD":-0.0699662059,"Y":-0.5355994928,"Start (yearly)":4.8500534302}