{"D":0.0094140589,"MTD":0.0459108071,"M":0.0410642881,"YTD":-0.0236982668,"Y":-0.4613817869,"Start (yearly)":4.9970158109}