{"D":-0.0059008959,"MTD":0.002361148,"M":-0.0808920384,"YTD":0.6692703223,"Y":0.3391081417,"Start (yearly)":4.6590319293}