{"BTC-USD":{"current":0.3505861556,"target":0.340340394,"change":-0.0102457616},"ETH-USD+":{"current":0.3492662324,"target":0.353561388,"change":0.0042951556},"XLM-USD+":{"current":0.300147612,"target":0.306098218,"change":0.005950606},"cash":{"current":0.0,"target":0.0,"change":0.0}}