{"D":0.0151762734,"MTD":-0.0819119538,"M":0.4034492431,"YTD":0.7009864454,"Y":-0.0738317951,"Start (yearly)":5.1399853074}