{"BTC-USD":{"current":0.5069200382,"target":0.500866104,"change":-0.0060539342},"ETH-USD+":{"current":0.3268438121,"target":0.338084956,"change":0.0112411439},"XLM-USD+":{"current":0.1662361497,"target":0.16104894,"change":-0.0051872097},"cash":{"current":0.0,"target":0.0,"change":0.0}}