{"D":-0.018061661,"MTD":-0.0110266328,"M":-0.1078251664,"YTD":0.5115061553,"Y":0.2556653964,"Start (yearly)":4.6582545485}