{"D":0.010620487,"MTD":-0.0348275853,"M":-0.1571436757,"YTD":-0.5369391371,"Y":-0.4201960447,"Start (yearly)":5.1191490434}