{"BTC-USD":{"current":0.3590706414,"target":0.347586767,"change":-0.0114838744},"ETH-USD+":{"current":0.3833111248,"target":0.369966766,"change":-0.0133443588},"XRP-USD+":{"current":0.2033167989,"target":0.200277778,"change":-0.0030390209},"cash":{"current":0.054301435,"target":0.0821686892,"change":0.0278672542}}