{"BTC-USD":{"current":0.333353718,"target":0.307660312,"change":-0.025693406},"ETH-USD+":{"current":0.3675039633,"target":0.319547022,"change":-0.0479569413},"XLM-USD+":{"current":0.2991423187,"target":0.372792666,"change":0.0736503473},"cash":{"current":0.0,"target":0.0,"change":0.0}}