{"BTC-USD":{"current":0.1340120202,"target":0.128266538,"change":-0.0057454822},"ETH-USD+":{"current":0.1597410063,"target":0.164722222,"change":0.0049812157},"XLM-USD+":{"current":0.0453485862,"target":0.0379152675,"change":-0.0074333187},"cash":{"current":0.6608983874,"target":0.669095972,"change":0.0081975846}}