{"D":0.0121918887,"MTD":0.0121918887,"M":-0.0611467793,"YTD":0.6856418304,"Y":0.2436586575,"Start (yearly)":4.6768893566}