{"BTC-USD":{"current":0.1760326374,"target":0.18762781,"change":0.0115951726},"ETH-USD+":{"current":0.0913068347,"target":0.0955713966,"change":0.0042645619},"XRP-USD+":{"current":0.0591099414,"target":0.0711190235,"change":0.0120090821},"cash":{"current":0.6735505866,"target":0.64568177,"change":-0.0278688166}}