{"D":0.0071893884,"MTD":-0.0416505809,"M":-0.0373597972,"YTD":0.7163653839,"Y":0.2783400245,"Start (yearly)":4.7179844115}