{"index":{"0":"current","1":"target","2":"change"},"BTC-USD":{"0":0.2368822345,"1":0.2256259152,"2":-0.0112563194},"ETH-USD+":{"0":0.245863353,"1":0.2226716282,"2":-0.0231917247},"XRP-USD+":{"0":0.4411563114,"1":0.3990699708,"2":-0.0420863406},"cash":{"0":0.0760981011,"1":0.1526324858,"2":0.0765343847}}