{"D":-0.0111679185,"MTD":-0.0111679185,"M":-0.1090713628,"YTD":0.5112902202,"Y":0.0965290645,"Start (yearly)":4.6874186553}