{"D":0.0005237923,"MTD":0.0005237923,"M":0.116037856,"YTD":0.1592269396,"Y":-0.4859160576,"Start (yearly)":4.9952280177}