{"BTC-USD":{"current":0.3085454093,"target":0.287057753,"change":-0.0214876563},"ETH-USD+":{"current":0.3200387098,"target":0.297402454,"change":-0.0226362558},"XLM-USD+":{"current":0.3714158809,"target":0.415539793,"change":0.0441239121},"cash":{"current":0.0,"target":0.0,"change":0.0}}