{"BTC-USD":{"current":0.1802167699,"target":0.175290383,"change":-0.0049263869},"ETH-USD+":{"current":0.0951828622,"target":0.148818071,"change":0.0536352088},"XLM-USD+":{"current":0.0621776695,"target":0.0650290297,"change":0.0028513602},"cash":{"current":0.6624226984,"target":0.610862516,"change":-0.0515601824}}