{"D":-0.0363532507,"MTD":0.0496229701,"M":0.0821716454,"YTD":0.0496229701,"Y":-0.5606723198,"Start (yearly)":5.3430312954}