{"D":0.0041252141,"MTD":0.0161827935,"M":-0.0574450367,"YTD":0.6922880366,"Y":0.2356255337,"Start (yearly)":4.6763799159}