{"BTC-USD":{"current":0.2322862992,"target":0.208220848,"change":-0.0240654512},"ETH-USD+":{"current":0.0880123116,"target":0.0901854085,"change":0.0021730969},"XRP-USD+":{"current":0.0565168193,"target":0.0606769192,"change":0.0041600999},"cash":{"current":0.6231845699,"target":0.640916824,"change":0.0177322541}}