{"index":{"0":"current","1":"target","2":"change"},"BTC-USD":{"0":0.1655703097,"1":0.1359026836,"2":-0.0296676261},"ETH-USD+":{"0":0.1826094676,"1":0.1290977322,"2":-0.0535117354},"XRP-USD+":{"0":0.1184510959,"1":0.1727134436,"2":0.0542623476},"cash":{"0":0.5333691267,"1":0.5622861406,"2":0.0289170139}}