{"D":-0.0461916952,"MTD":-0.0224395345,"M":-0.0930470396,"YTD":-0.3444719365,"Y":-0.3483710422,"Start (yearly)":5.327720557}