{"BTC-USD":{"current":0.418989227,"target":0.407252818,"change":-0.011736409},"ETH-USD+":{"current":0.3900083769,"target":0.388880192,"change":-0.0011281849},"XRP-USD+":{"current":0.1910023961,"target":0.20386699,"change":0.0128645939},"cash":{"current":0.0,"target":0.0,"change":0.0}}