{"D":0.000361598,"MTD":-0.186764901,"M":-0.2410871896,"YTD":0.7887666278,"Y":0.1662005344,"Start (yearly)":4.8300119817}