{"D":-0.0315230482,"MTD":-0.1228527521,"M":-0.1505671203,"YTD":-0.1228527521,"Y":-0.5837100118,"Start (yearly)":4.9332248507}