{"D":0.0030059368,"MTD":-0.0882806963,"M":-0.1070280739,"YTD":0.5183209952,"Y":0.0704911268,"Start (yearly)":4.5405726778}