{"D":0.0040626172,"MTD":-0.0630623945,"M":0.010420514,"YTD":-0.0630623945,"Y":-0.5396226691,"Start (yearly)":5.2068952111}