{"D":-0.020639442,"MTD":0.1348692418,"M":0.306568475,"YTD":0.1679283378,"Y":-0.3315409909,"Start (yearly)":5.0922897768}