{"BTC-USD":{"current":0.3001900227,"target":0.220741178,"change":-0.0794488447},"ETH-USD+":{"current":0.3632018877,"target":0.307312886,"change":-0.0558890017},"XRP-USD+":{"current":0.1685055202,"target":0.146233304,"change":-0.0222722162},"cash":{"current":0.1681025694,"target":0.325712633,"change":0.1576100636}}