{"index":{"0":"current","1":"target","2":"change"},"BTC-USD":{"0":0.1723568256,"1":0.1717760043,"2":-0.0005808213},"ETH-USD+":{"0":0.139571543,"1":0.1286857453,"2":-0.0108857977},"XRP-USD+":{"0":0.2714004972,"1":0.2483743941,"2":-0.0230261031},"cash":{"0":0.4166711342,"1":0.4511638563,"2":0.0344927221}}