{"index":{"0":"current","1":"target","2":"change"},"BTC-USD":{"0":0.0580855003,"1":0.0551059062,"2":-0.0029795941},"ETH-USD+":{"0":0.032240937,"1":0.0343383713,"2":0.0020974343},"XRP-USD+":{"0":0.0985991216,"1":0.0746567453,"2":-0.0239423763},"cash":{"0":0.8110744412,"1":0.8358989773,"2":0.0248245361}}