{"D":-0.125506526,"MTD":0.1429926611,"M":0.1177119103,"YTD":1.0611916429,"Y":0.3693652896,"Start (yearly)":5.0166856777}