{"D":0.0204126887,"MTD":0.0397321365,"M":0.1563252631,"YTD":0.8749789597,"Y":0.1865882352,"Start (yearly)":4.9794339644}