{"BTC-USD":{"current":0.2086704722,"target":0.204444444,"change":-0.0042260282},"ETH-USD+":{"current":0.4084057774,"target":0.394198371,"change":-0.0142074064},"XLM-USD+":{"current":0.1489816133,"target":0.146852496,"change":-0.0021291173},"cash":{"current":0.2339421371,"target":0.254504688,"change":0.0205625509}}