{"index":{"0":"current","1":"target","2":"change"},"BTC-USD":{"0":0.0790330507,"1":0.0825193294,"2":0.0034862787},"ETH-USD+":{"0":0.0432248502,"1":0.0450999554,"2":0.0018751052},"XRP-USD+":{"0":0.2348939098,"1":0.2914432665,"2":0.0565493567},"cash":{"0":0.6428481893,"1":0.5809374487,"2":-0.0619107406}}