{"BTC-USD":{"current":0.3801149346,"target":0.414793677,"change":0.0346787424},"ETH-USD+":{"current":0.4078472814,"target":0.393954379,"change":-0.0138929024},"XLM-USD+":{"current":0.212037784,"target":0.191251944,"change":-0.02078584},"cash":{"current":0.0,"target":0.0,"change":0.0}}