{"D":-0.0152948969,"MTD":-0.065140991,"M":-0.0639947239,"YTD":0.6742950013,"Y":0.208325961,"Start (yearly)":4.687504044}