{"BTC-USD":{"current":0.3982721302,"target":0.395875971,"change":-0.0023961592},"ETH-USD+":{"current":0.415823471,"target":0.412561792,"change":-0.003261679},"XRP-USD+":{"current":0.1859043988,"target":0.191562238,"change":0.0056578392},"cash":{"current":0.0,"target":0.0,"change":0.0}}