{"D":-0.000444684,"MTD":-0.000444684,"M":-0.1422715514,"YTD":0.6893380115,"Y":0.1299063419,"Start (yearly)":4.8746295667}