{"BCH-USD+":{"current":0.0979440564,"target":0.0984379878,"change":0.0004939314},"BTC-USD":{"current":0.1351121007,"target":0.133695974,"change":-0.0014161267},"EOS-USD+":{"current":0.1073187485,"target":0.111099578,"change":0.0037808295},"ETH-USD+":{"current":0.2317389381,"target":0.25415809,"change":0.0224191519},"LTC-USD+":{"current":0.150186481,"target":0.136027227,"change":-0.014159254},"XLM-USD+":{"current":0.1079760068,"target":0.106788621,"change":-0.0011873858},"XRP-USD+":{"current":0.1438043434,"target":0.159792522,"change":0.0159881786},"cash":{"current":0.0259193252,"target":0.0,"change":-0.0259193252}}