{"BCH-USD+":{"current":0.1165858602,"target":0.116867996,"change":0.0002821358},"BTC-USD":{"current":0.203434922,"target":0.204853344,"change":0.001418422},"EOS-USD+":{"current":0.1323261542,"target":0.131458068,"change":-0.0008680862},"ETH-USD+":{"current":0.1905193654,"target":0.190430883,"change":-0.0000884824},"LTC-USD+":{"current":0.0744956995,"target":0.075272615,"change":0.0007769155},"XLM-USD+":{"current":0.0498619785,"target":0.0428739426,"change":-0.0069880359},"XRP-USD+":{"current":0.0541285303,"target":0.0491654828,"change":-0.0049630475},"cash":{"current":0.1786474899,"target":0.189077669,"change":0.0104301791}}