{"D":-0.0049059653,"MTD":0.0055812036,"M":-0.0513704346,"YTD":0.577951789,"Y":0.2744520334,"Start (yearly)":4.7086273978}