{"BCH-USD+":{"current":0.0881664401,"target":0.0919791667,"change":0.0038127266},"BTC-USD":{"current":0.0853547304,"target":0.104791667,"change":0.0194369366},"EOS-USD+":{"current":0.0674676862,"target":0.0795471154,"change":0.0120794292},"ETH-USD+":{"current":0.071363502,"target":0.0743348287,"change":0.0029713267},"LTC-USD+":{"current":0.0770505215,"target":0.0854166667,"change":0.0083661452},"XLM-USD+":{"current":0.0703688906,"target":0.0782657677,"change":0.0078968771},"XRP-USD+":{"current":0.1155497379,"target":0.116979167,"change":0.0014294291},"cash":{"current":0.4246784911,"target":0.368685621,"change":-0.0559928701}}