{"BCH-USD+":{"current":0.0191578392,"target":0.0382291667,"change":0.0190713275},"BTC-USD":{"current":0.021623415,"target":0.0333333333,"change":0.0117099183},"EOS-USD+":{"current":0.0200867059,"target":0.0331501834,"change":0.0130634775},"ETH-USD+":{"current":0.0190228468,"target":0.0499033442,"change":0.0308804974},"LTC-USD+":{"current":0.0141454412,"target":0.0236055499,"change":0.0094601087},"XLM-USD+":{"current":0.0369354397,"target":0.0520833333,"change":0.0151478936},"XRP-USD+":{"current":0.0266412214,"target":0.0608153353,"change":0.0341741139},"cash":{"current":0.8423870909,"target":0.708879754,"change":-0.1335073369}}