{"BCH-USD+":{"current":0.0728691852,"target":0.0746188386,"change":0.0017496534},"BTC-USD":{"current":0.0621279435,"target":0.067453273,"change":0.0053253295},"EOS-USD+":{"current":0.0840005319,"target":0.0834501296,"change":-0.0005504023},"ETH-USD+":{"current":0.0835444015,"target":0.0805110055,"change":-0.003033396},"LTC-USD+":{"current":0.0689704404,"target":0.0681009285,"change":-0.0008695119},"XLM-USD+":{"current":0.1375820045,"target":0.0879416799,"change":-0.0496403246},"XRP-USD+":{"current":0.1002620122,"target":0.0755744385,"change":-0.0246875737},"cash":{"current":0.3906434808,"target":0.462349706,"change":0.0717062252}}