{"BCH-USD+":{"current":0.0439872072,"target":0.0553470118,"change":0.0113598046},"BTC-USD":{"current":0.0584531453,"target":0.0694872325,"change":0.0110340872},"EOS-USD+":{"current":0.0638965258,"target":0.0560603126,"change":-0.0078362132},"ETH-USD+":{"current":0.0425749602,"target":0.0460718125,"change":0.0034968523},"LTC-USD+":{"current":0.04759692,"target":0.0493945973,"change":0.0017976773},"XLM-USD+":{"current":0.0181065253,"target":0.0185669808,"change":0.0004604555},"XRP-USD+":{"current":0.0207891263,"target":0.0249098926,"change":0.0041207663},"cash":{"current":0.7045955898,"target":0.68016216,"change":-0.0244334298}}