{"D":0.0008421512,"MTD":-0.0674584845,"M":-0.1548659761,"YTD":-0.0674584845,"Y":-0.5367854831,"Start (yearly)":5.0970325669}