{"D":-0.0511173785,"MTD":-0.129888353,"M":0.2933759324,"YTD":0.7929241282,"Y":0.0088587029,"Start (yearly)":5.104491351}