{"D":-0.0091830949,"MTD":-0.0650518631,"M":-0.0393629669,"YTD":-0.0650518631,"Y":-0.5172527453,"Start (yearly)":5.1202240873}