{"BCH-USD+":{"current":0.0588122664,"target":0.0536222947,"change":-0.0051899717},"BTC-USD":{"current":0.0491836095,"target":0.0490934576,"change":-0.0000901519},"EOS-USD+":{"current":0.0650758341,"target":0.0494873453,"change":-0.0155884888},"ETH-USD+":{"current":0.0705578132,"target":0.0717013926,"change":0.0011435794},"LTC-USD+":{"current":0.0561788044,"target":0.0395423713,"change":-0.0166364331},"XLM-USD+":{"current":0.0624491448,"target":0.0501337963,"change":-0.0123153485},"XRP-USD+":{"current":0.0865987321,"target":0.0825404551,"change":-0.004058277},"cash":{"current":0.5511437955,"target":0.603878887,"change":0.0527350915}}