{"BCH-USD+":{"current":0.1288849213,"target":0.118260816,"change":-0.0106241053},"BTC-USD":{"current":0.1785665139,"target":0.179940853,"change":0.0013743391},"EOS-USD+":{"current":0.1291040366,"target":0.152222905,"change":0.0231188684},"ETH-USD+":{"current":0.1490697851,"target":0.176511903,"change":0.0274421179},"LTC-USD+":{"current":0.0843747695,"target":0.0917768142,"change":0.0074020447},"XLM-USD+":{"current":0.0800042798,"target":0.0813257675,"change":0.0013214877},"XRP-USD+":{"current":0.0627621938,"target":0.0704127987,"change":0.0076506049},"cash":{"current":0.1872334999,"target":0.129548142,"change":-0.0576853579}}