{"BCH-USD+":{"current":0.078436239,"target":0.0929597085,"change":0.0145234695},"BTC-USD":{"current":0.0878749193,"target":0.0820017744,"change":-0.0058731449},"EOS-USD+":{"current":0.2027243091,"target":0.219951635,"change":0.0172273259},"ETH-USD+":{"current":0.1111322076,"target":0.134060822,"change":0.0229286144},"LTC-USD+":{"current":0.2347411084,"target":0.200038517,"change":-0.0347025914},"XLM-USD+":{"current":0.1685928557,"target":0.177395833,"change":0.0088029773},"XRP-USD+":{"current":0.0877613818,"target":0.0901041667,"change":0.0023427849},"cash":{"current":0.0287369791,"target":0.0034875436,"change":-0.0252494354}}