{"D":0.0064522028,"MTD":0.0064522028,"M":0.1291979999,"YTD":0.022035899,"Y":-0.4379648604,"Start (yearly)":5.0360975137}