{"BCH-USD+":{"current":0.1544909178,"target":0.14065583,"change":-0.0138350878},"BTC-USD":{"current":0.1362746069,"target":0.117591975,"change":-0.0186826319},"EOS-USD+":{"current":0.2102552993,"target":0.206059717,"change":-0.0041955823},"ETH-USD+":{"current":0.1724734418,"target":0.159816496,"change":-0.0126569458},"LTC-USD+":{"current":0.1309301119,"target":0.107628409,"change":-0.0233017029},"XLM-USD+":{"current":0.1209394715,"target":0.171556949,"change":0.0506174775},"XRP-USD+":{"current":0.0746361507,"target":0.0966906243,"change":0.0220544736},"cash":{"current":0.0,"target":0.0,"change":0.0}}