{"D":-0.0115683323,"MTD":-0.0064059657,"M":-0.0996084963,"YTD":0.4175932366,"Y":0.2271251276,"Start (yearly)":4.5530515144}