{"BCH-USD+":{"current":0.144727016,"target":0.135364587,"change":-0.009362429},"BTC-USD":{"current":0.1072218564,"target":0.10844498,"change":0.0012231236},"EOS-USD+":{"current":0.2072156658,"target":0.201549285,"change":-0.0056663808},"ETH-USD+":{"current":0.1361408193,"target":0.137951358,"change":0.0018105387},"LTC-USD+":{"current":0.1448958671,"target":0.144337789,"change":-0.0005580781},"XLM-USD+":{"current":0.1655948849,"target":0.171850413,"change":0.0062555281},"XRP-USD+":{"current":0.0942038904,"target":0.100501589,"change":0.0062976986},"cash":{"current":0.0,"target":0.0,"change":0.0}}