{"BCH-USD+":{"current":0.051186162,"target":0.035629348,"change":-0.015556814},"BTC-USD":{"current":0.0540221827,"target":0.0402278775,"change":-0.0137943052},"EOS-USD+":{"current":0.0738898322,"target":0.0544500933,"change":-0.0194397389},"ETH-USD+":{"current":0.0649930984,"target":0.0464608235,"change":-0.0185322749},"LTC-USD+":{"current":0.0985440697,"target":0.0814274021,"change":-0.0171166676},"XLM-USD+":{"current":0.0263333548,"target":0.0073487556,"change":-0.0189845993},"XRP-USD+":{"current":0.042809858,"target":0.0285437563,"change":-0.0142661017},"cash":{"current":0.5882214422,"target":0.705911944,"change":0.1176905018}}