{"D":0.017171751,"MTD":0.0723733528,"M":0.0282351077,"YTD":-0.0336072624,"Y":-0.4671261615,"Start (yearly)":5.0556347368}