{"D":0.0417645674,"MTD":0.2592736101,"M":0.4449874226,"YTD":0.4768290194,"Y":-0.0625405721,"Start (yearly)":5.1803889188}