{"D":0.0038670838,"MTD":0.0082416194,"M":-0.1354767665,"YTD":-0.0914009788,"Y":-0.5134123765,"Start (yearly)":5.0399133377}