{"BCH-USD+":{"current":0.1086393801,"target":0.120111024,"change":0.0114716439},"BTC-USD":{"current":0.0976064929,"target":0.107213685,"change":0.0096071921},"EOS-USD+":{"current":0.197928038,"target":0.21892747,"change":0.020999432},"ETH-USD+":{"current":0.1852707146,"target":0.186950943,"change":0.0016802284},"LTC-USD+":{"current":0.0985013566,"target":0.104325962,"change":0.0058246054},"XLM-USD+":{"current":0.1557563363,"target":0.132144869,"change":-0.0236114673},"XRP-USD+":{"current":0.1562976814,"target":0.130326047,"change":-0.0259716344},"cash":{"current":0.0,"target":0.0,"change":0.0}}