{"D":0.0144711012,"MTD":0.0509827683,"M":0.0672368569,"YTD":0.0509827683,"Y":-0.5321081957,"Start (yearly)":5.2565451211}