{"BCH-USD+":{"current":0.1373352109,"target":0.141080112,"change":0.0037449011},"BTC-USD":{"current":0.1024593304,"target":0.107031295,"change":0.0045719646},"EOS-USD+":{"current":0.1840320391,"target":0.187617219,"change":0.0035851799},"ETH-USD+":{"current":0.1905645626,"target":0.199897683,"change":0.0093331204},"LTC-USD+":{"current":0.0769048987,"target":0.0792215368,"change":0.0023166381},"XLM-USD+":{"current":0.1867130573,"target":0.165614133,"change":-0.0210989243},"XRP-USD+":{"current":0.121990901,"target":0.119538022,"change":-0.002452879},"cash":{"current":0.0,"target":0.0,"change":0.0}}