{"BCH-USD+":{"current":0.0506677823,"target":0.0567089083,"change":0.006041126},"BTC-USD":{"current":0.0899772573,"target":0.0797139679,"change":-0.0102632894},"EOS-USD+":{"current":0.0354452528,"target":0.0319684705,"change":-0.0034767823},"ETH-USD+":{"current":0.0345864937,"target":0.0343621363,"change":-0.0002243574},"LTC-USD+":{"current":0.0381417858,"target":0.0381644227,"change":0.0000226369},"XLM-USD+":{"current":0.013618416,"target":0.0240874946,"change":0.0104690786},"XRP-USD+":{"current":0.0218475808,"target":0.0243324008,"change":0.00248482},"cash":{"current":0.7157154314,"target":0.710662199,"change":-0.0050532324}}