{"BCH-USD+":{"current":0.0934318218,"target":0.10590546,"change":0.0124736382},"BTC-USD":{"current":0.158835568,"target":0.17010833,"change":0.011272762},"EOS-USD+":{"current":0.1210731239,"target":0.129723352,"change":0.0086502281},"ETH-USD+":{"current":0.1320129307,"target":0.1498626,"change":0.0178496693},"LTC-USD+":{"current":0.0782922697,"target":0.0896121403,"change":0.0113198706},"XLM-USD+":{"current":0.0716997926,"target":0.0803145829,"change":0.0086147903},"XRP-USD+":{"current":0.0466210128,"target":0.0654793277,"change":0.0188583149},"cash":{"current":0.2980334804,"target":0.208994206,"change":-0.0890392744}}