{"BCH-USD+":{"current":0.0905099178,"target":0.0933505204,"change":0.0028406026},"BTC-USD":{"current":0.0848583934,"target":0.0913145424,"change":0.006456149},"EOS-USD+":{"current":0.2208984811,"target":0.221586823,"change":0.0006883419},"ETH-USD+":{"current":0.1365124706,"target":0.139496411,"change":0.0029839404},"LTC-USD+":{"current":0.194201981,"target":0.188876319,"change":-0.005325662},"XLM-USD+":{"current":0.1840953485,"target":0.17258117,"change":-0.0115141785},"XRP-USD+":{"current":0.0889234076,"target":0.0927942141,"change":0.0038708065},"cash":{"current":0.0,"target":0.0,"change":0.0}}