{"BCH-USD+":{"current":0.0362529127,"target":0.0458274403,"change":0.0095745276},"BTC-USD":{"current":0.0736153287,"target":0.083909594,"change":0.0102942653},"EOS-USD+":{"current":0.0183947071,"target":0.0307570024,"change":0.0123622953},"ETH-USD+":{"current":0.0206783476,"target":0.0387322339,"change":0.0180538863},"LTC-USD+":{"current":0.0222149918,"target":0.0291462651,"change":0.0069312733},"XLM-USD+":{"current":0.0163345905,"target":0.0213517173,"change":0.0050171268},"XRP-USD+":{"current":0.0172186662,"target":0.0219152042,"change":0.004696538},"cash":{"current":0.7952904554,"target":0.728360543,"change":-0.0669299124}}