{"BCH-USD+":{"current":0.1217646838,"target":0.116487618,"change":-0.0052770658},"BTC-USD":{"current":0.0925846121,"target":0.0916531059,"change":-0.0009315062},"EOS-USD+":{"current":0.1389618312,"target":0.140215882,"change":0.0012540508},"ETH-USD+":{"current":0.2104594402,"target":0.203539642,"change":-0.0069197982},"LTC-USD+":{"current":0.1599315851,"target":0.165738837,"change":0.0058072519},"XLM-USD+":{"current":0.0831066707,"target":0.0871957089,"change":0.0040890382},"XRP-USD+":{"current":0.0671249906,"target":0.0686899195,"change":0.0015649289},"cash":{"current":0.1260661864,"target":0.126479286,"change":0.0004130996}}