{"D":-0.0055832214,"MTD":-0.0988280947,"M":-0.0988280947,"YTD":-0.0988280947,"Y":-0.5393418571,"Start (yearly)":5.0480462384}