{"D":-0.0114040848,"MTD":0.0059673652,"M":-0.0908027832,"YTD":0.4352466742,"Y":0.1267703311,"Start (yearly)":4.5633345904}