{"BCH-USD+":{"current":0.0514365368,"target":0.0552047642,"change":0.0037682274},"BTC-USD":{"current":0.0809406178,"target":0.0805952865,"change":-0.0003453313},"EOS-USD+":{"current":0.0227149547,"target":0.0242056039,"change":0.0014906492},"ETH-USD+":{"current":0.1153550508,"target":0.115132146,"change":-0.0002229048},"LTC-USD+":{"current":0.0630675684,"target":0.0698796771,"change":0.0068121087},"XLM-USD+":{"current":0.0162517666,"target":0.0390621923,"change":0.0228104257},"XRP-USD+":{"current":0.0401865051,"target":0.0489028899,"change":0.0087163848},"cash":{"current":0.6100469997,"target":0.56701744,"change":-0.0430295597}}