{"BCH-USD+":{"current":0.0972153225,"target":0.0961755861,"change":-0.0010397364},"BTC-USD":{"current":0.0845690045,"target":0.0951651305,"change":0.010596126},"EOS-USD+":{"current":0.0585037572,"target":0.0619361998,"change":0.0034324426},"ETH-USD+":{"current":0.1847888496,"target":0.193737849,"change":0.0089489994},"LTC-USD+":{"current":0.1185478545,"target":0.114216645,"change":-0.0043312095},"XLM-USD+":{"current":0.0350320906,"target":0.0469808911,"change":0.0119488005},"XRP-USD+":{"current":0.0704811826,"target":0.0939402198,"change":0.0234590372},"cash":{"current":0.3508619385,"target":0.297847479,"change":-0.0530144595}}