{"D":0.0009014544,"MTD":-0.036068479,"M":-0.0256609779,"YTD":0.3752727549,"Y":0.16531264,"Start (yearly)":4.498583007}