{"BCH-USD+":{"current":0.0960988334,"target":0.10352457,"change":0.0074257366},"BTC-USD":{"current":0.0927372626,"target":0.0894648856,"change":-0.003272377},"EOS-USD+":{"current":0.2029900701,"target":0.210844535,"change":0.0078544649},"ETH-USD+":{"current":0.1268094357,"target":0.12721747,"change":0.0004080343},"LTC-USD+":{"current":0.1976123967,"target":0.194872178,"change":-0.0027402187},"XLM-USD+":{"current":0.1544880728,"target":0.143865274,"change":-0.0106227988},"XRP-USD+":{"current":0.0852948778,"target":0.0789686171,"change":-0.0063262607},"cash":{"current":0.043969051,"target":0.0512424701,"change":0.0072734191}}