{"BCH-USD+":{"current":0.1193544342,"target":0.122807685,"change":0.0034532508},"BTC-USD":{"current":0.0791608131,"target":0.0931610036,"change":0.0140001905},"EOS-USD+":{"current":0.121641397,"target":0.138292589,"change":0.016651192},"ETH-USD+":{"current":0.1877291909,"target":0.212222609,"change":0.0244934181},"LTC-USD+":{"current":0.1166428931,"target":0.154064995,"change":0.0374221019},"XLM-USD+":{"current":0.0634691451,"target":0.0844498925,"change":0.0209807474},"XRP-USD+":{"current":0.0550658765,"target":0.0674566152,"change":0.0123907387},"cash":{"current":0.2569362501,"target":0.12754461,"change":-0.1293916401}}