{"BCH-USD+":{"current":0.1343716766,"target":0.131533495,"change":-0.0028381816},"BTC-USD":{"current":0.1218764654,"target":0.124511968,"change":0.0026355026},"EOS-USD+":{"current":0.1929472913,"target":0.1903286,"change":-0.0026186913},"ETH-USD+":{"current":0.1757806397,"target":0.181984048,"change":0.0062034083},"LTC-USD+":{"current":0.099366308,"target":0.102330179,"change":0.002963871},"XLM-USD+":{"current":0.161177153,"target":0.16268852,"change":0.001511367},"XRP-USD+":{"current":0.114480466,"target":0.106623191,"change":-0.007857275},"cash":{"current":0.0,"target":0.0,"change":0.0}}