{"BCH-USD+":{"current":0.1781045749,"target":0.122582257,"change":-0.0555223179},"BTC-USD":{"current":0.0823125757,"target":0.0709940338,"change":-0.0113185419},"EOS-USD+":{"current":0.1073644962,"target":0.0824556116,"change":-0.0249088846},"ETH-USD+":{"current":0.1288233949,"target":0.0966620314,"change":-0.0321613635},"LTC-USD+":{"current":0.0994118305,"target":0.0848968104,"change":-0.0145150201},"XLM-USD+":{"current":0.0679203876,"target":0.0611675201,"change":-0.0067528675},"XRP-USD+":{"current":0.0624113448,"target":0.0496496873,"change":-0.0127616575},"cash":{"current":0.2736513954,"target":0.431592049,"change":0.1579406536}}