{"BCH-USD+":{"current":0.0771762566,"target":0.0765680888,"change":-0.0006081678},"BTC-USD":{"current":0.0857953445,"target":0.0900067143,"change":0.0042113698},"EOS-USD+":{"current":0.2417227962,"target":0.238203793,"change":-0.0035190032},"ETH-USD+":{"current":0.1388359779,"target":0.143892377,"change":0.0050563991},"LTC-USD+":{"current":0.2077845048,"target":0.203960115,"change":-0.0038243898},"XLM-USD+":{"current":0.0830962604,"target":0.0830935738,"change":-0.0000026866},"XRP-USD+":{"current":0.0804861692,"target":0.0728558514,"change":-0.0076303178},"cash":{"current":0.0851026904,"target":0.0914194863,"change":0.0063167959}}