{"D":-0.0067218525,"MTD":-0.0427785129,"M":-0.0477953018,"YTD":0.617790049,"Y":0.2308674629,"Start (yearly)":4.7877542086}