{"D":-0.011207318,"MTD":-0.1878821661,"M":-0.1878821661,"YTD":0.6691429137,"Y":0.0694451479,"Start (yearly)":4.8762677413}