{"D":-0.0029541332,"MTD":-0.0012989249,"M":-0.0706318768,"YTD":0.567155534,"Y":0.2435443155,"Start (yearly)":4.7162650653}