{"BCH-USD+":{"current":0.1171170397,"target":0.138193156,"change":0.0210761163},"BTC-USD":{"current":0.1015544687,"target":0.101128387,"change":-0.0004260817},"EOS-USD+":{"current":0.220426209,"target":0.204219522,"change":-0.016206687},"ETH-USD+":{"current":0.1355076195,"target":0.143158062,"change":0.0076504425},"LTC-USD+":{"current":0.1505163074,"target":0.136931414,"change":-0.0135848934},"XLM-USD+":{"current":0.1765641188,"target":0.176874943,"change":0.0003108242},"XRP-USD+":{"current":0.098314237,"target":0.0994945147,"change":0.0011802777},"cash":{"current":0.0,"target":0.0,"change":0.0}}