{"D":-0.0041086969,"MTD":-0.0041086969,"M":0.1400505752,"YTD":0.3315567729,"Y":-0.4158174257,"Start (yearly)":5.0154170893}