{"BCH-USD+":{"current":0.0540894852,"target":0.0668836849,"change":0.0127941997},"BTC-USD":{"current":0.0618090355,"target":0.0929865285,"change":0.031177493},"EOS-USD+":{"current":0.0413475216,"target":0.0440359911,"change":0.0026884695},"ETH-USD+":{"current":0.0420540926,"target":0.0501041667,"change":0.0080500741},"LTC-USD+":{"current":0.0603614639,"target":0.0690733251,"change":0.0087118612},"XLM-USD+":{"current":0.034416164,"target":0.0336030536,"change":-0.0008131104},"XRP-USD+":{"current":0.0349880356,"target":0.0444997736,"change":0.009511738},"cash":{"current":0.6709342015,"target":0.598813476,"change":-0.0721207255}}