{"BCH-USD+":{"current":0.0124401039,"target":0.0107940463,"change":-0.0016460576},"BTC-USD":{"current":0.019133276,"target":0.0267807453,"change":0.0076474693},"EOS-USD+":{"current":0.0341619919,"target":0.0502003911,"change":0.0160383992},"ETH-USD+":{"current":0.010427236,"target":0.0248048759,"change":0.0143776399},"LTC-USD+":{"current":0.0214868449,"target":0.0786859228,"change":0.0571990779},"XLM-USD+":{"current":0.0094543233,"target":0.0171756856,"change":0.0077213623},"XRP-USD+":{"current":0.0164133958,"target":0.0168004585,"change":0.0003870627},"cash":{"current":0.8764828281,"target":0.774757874,"change":-0.1017249541}}