{"BCH-USD+":{"current":0.0170317962,"target":0.018460295,"change":0.0014284988},"BTC-USD":{"current":0.0205781721,"target":0.0212197558,"change":0.0006415837},"EOS-USD+":{"current":0.0078144527,"target":0.011054205,"change":0.0032397523},"ETH-USD+":{"current":0.0146948397,"target":0.0145937732,"change":-0.0001010665},"LTC-USD+":{"current":0.0128396257,"target":0.0139261669,"change":0.0010865412},"XLM-USD+":{"current":0.0331712414,"target":0.0343529633,"change":0.0011817219},"XRP-USD+":{"current":0.01710074,"target":0.0199378981,"change":0.0028371581},"cash":{"current":0.8767691322,"target":0.866454943,"change":-0.0103141892}}