{"BCH-USD+":{"current":0.1138826768,"target":0.106155014,"change":-0.0077276628},"BTC-USD":{"current":0.0936533667,"target":0.0940081803,"change":0.0003548136},"EOS-USD+":{"current":0.1190136491,"target":0.118016476,"change":-0.0009971731},"ETH-USD+":{"current":0.1996845131,"target":0.200431218,"change":0.0007467049},"LTC-USD+":{"current":0.1047584284,"target":0.107238752,"change":0.0024803236},"XLM-USD+":{"current":0.1238146022,"target":0.122452635,"change":-0.0013619672},"XRP-USD+":{"current":0.1194741286,"target":0.120933851,"change":0.0014597224},"cash":{"current":0.125718635,"target":0.130763873,"change":0.005045238}}