{"D":-0.0063086679,"MTD":0.0542696961,"M":0.0108765866,"YTD":-0.0499217693,"Y":-0.4776492596,"Start (yearly)":5.0470909815}