{"D":0.0064257147,"MTD":-0.0611785452,"M":0.0006989224,"YTD":-0.0611785452,"Y":-0.5115792444,"Start (yearly)":5.1303570392}