{"D":0.0066188631,"MTD":-0.1809719037,"M":-0.2290485515,"YTD":0.6833455516,"Y":0.0537103318,"Start (yearly)":4.897636266}