{"D":0.0149863172,"MTD":-0.0222738637,"M":-0.1111659427,"YTD":-0.4024255123,"Y":-0.3330426233,"Start (yearly)":5.2628762134}