{"BCH-USD+":{"current":0.0559065145,"target":0.0535352061,"change":-0.0023713084},"BTC-USD":{"current":0.0650922324,"target":0.0658432532,"change":0.0007510208},"EOS-USD+":{"current":0.0273395356,"target":0.0193478976,"change":-0.007991638},"ETH-USD+":{"current":0.0319611868,"target":0.0333411697,"change":0.0013799829},"LTC-USD+":{"current":0.0196201608,"target":0.0163827533,"change":-0.0032374075},"XLM-USD+":{"current":0.0306398669,"target":0.0156837918,"change":-0.0149560751},"XRP-USD+":{"current":0.0315229822,"target":0.0358652478,"change":0.0043422656},"cash":{"current":0.7379175207,"target":0.76000068,"change":0.0220831593}}