{"BCH-USD+":{"current":0.051541684,"target":0.0650813597,"change":0.0135396757},"BTC-USD":{"current":0.0489481878,"target":0.0600866496,"change":0.0111384618},"EOS-USD+":{"current":0.0602373173,"target":0.0771713762,"change":0.0169340589},"ETH-USD+":{"current":0.0729637897,"target":0.100128889,"change":0.0271650993},"LTC-USD+":{"current":0.0731681394,"target":0.085465485,"change":0.0122973456},"XLM-USD+":{"current":0.0486958482,"target":0.0466686509,"change":-0.0020271973},"XRP-USD+":{"current":0.0489406605,"target":0.0586242034,"change":0.0096835429},"cash":{"current":0.595504373,"target":0.506773386,"change":-0.088730987}}