{"D":-0.0046236254,"MTD":0.2639775985,"M":0.3476003222,"YTD":0.4820595961,"Y":-0.1605016754,"Start (yearly)":5.1376148303}