{"D":-0.0055206114,"MTD":-0.1779217637,"M":-0.1982939245,"YTD":0.6896144936,"Y":0.0856143657,"Start (yearly)":4.9064387373}