{"BCH-USD+":{"current":0.0636705516,"target":0.0638688433,"change":0.0001982917},"BTC-USD":{"current":0.0946362877,"target":0.0957100053,"change":0.0010737176},"EOS-USD+":{"current":0.1472024907,"target":0.164404375,"change":0.0172018843},"ETH-USD+":{"current":0.0863716737,"target":0.100281547,"change":0.0139098733},"LTC-USD+":{"current":0.2055585156,"target":0.217950628,"change":0.0123921124},"XLM-USD+":{"current":0.0724125936,"target":0.0697471567,"change":-0.0026654369},"XRP-USD+":{"current":0.0697585047,"target":0.075382973,"change":0.0056244683},"cash":{"current":0.2603893824,"target":0.212654471,"change":-0.0477349114}}