{"BCH-USD+":{"current":0.1253324883,"target":0.188808688,"change":0.0634761997},"BTC-USD":{"current":0.1003534653,"target":0.108398044,"change":0.0080445787},"EOS-USD+":{"current":0.145410691,"target":0.125529946,"change":-0.019880745},"ETH-USD+":{"current":0.0871312173,"target":0.100428488,"change":0.0132972707},"LTC-USD+":{"current":0.1127871738,"target":0.108075198,"change":-0.0047119758},"XLM-USD+":{"current":0.0649253256,"target":0.0676467317,"change":0.0027214061},"XRP-USD+":{"current":0.0556321725,"target":0.0596550533,"change":0.0040228808},"cash":{"current":0.3084274662,"target":0.241457851,"change":-0.0669696152}}