{"D":0.0037304137,"MTD":0.0014555808,"M":-0.1211715543,"YTD":0.6925496293,"Y":0.1894432861,"Start (yearly)":4.8570105855}