{"D":0.0055129398,"MTD":0.065484119,"M":0.1862565547,"YTD":1.1955023725,"Y":0.454126555,"Start (yearly)":5.1722074376}