{"BCH-USD+":{"current":0.0577487285,"target":0.053731972,"change":-0.0040167565},"BTC-USD":{"current":0.072322177,"target":0.0711318512,"change":-0.0011903258},"EOS-USD+":{"current":0.1243460041,"target":0.132103459,"change":0.0077574549},"ETH-USD+":{"current":0.0825821873,"target":0.0856304157,"change":0.0030482284},"LTC-USD+":{"current":0.2486660963,"target":0.239289916,"change":-0.0093761803},"XLM-USD+":{"current":0.0305898561,"target":0.0221550049,"change":-0.0084348512},"XRP-USD+":{"current":0.0449016999,"target":0.0426014526,"change":-0.0023002473},"cash":{"current":0.3388432508,"target":0.353355929,"change":0.0145126782}}