{"D":-0.0096104436,"MTD":-0.0509298459,"M":-0.0533577979,"YTD":0.9506205333,"Y":0.2695791282,"Start (yearly)":5.0675245665}