{"BCH-USD+":{"current":0.0346872262,"target":0.0549830084,"change":0.0202957822},"BTC-USD":{"current":0.0296075168,"target":0.0315374237,"change":0.0019299069},"EOS-USD+":{"current":0.0420933031,"target":0.0498076034,"change":0.0077143003},"ETH-USD+":{"current":0.051131263,"target":0.0533193716,"change":0.0021881086},"LTC-USD+":{"current":0.0308969611,"target":0.0324745762,"change":0.0015776151},"XLM-USD+":{"current":0.0507914401,"target":0.0563526414,"change":0.0055612013},"XRP-USD+":{"current":0.0631418958,"target":0.0861077841,"change":0.0229658883},"cash":{"current":0.6976503938,"target":0.635417591,"change":-0.0622328028}}