{"D":-0.0054675244,"MTD":-0.0085404578,"M":-0.1073732175,"YTD":0.4145478866,"Y":0.0925795724,"Start (yearly)":4.5744416983}