{"D":0.0126810058,"MTD":0.0080405716,"M":0.0135359315,"YTD":0.4382045859,"Y":0.2187392048,"Start (yearly)":4.5140627532}