{"D":-0.0115798531,"MTD":-0.0601441924,"M":-0.0077822976,"YTD":-0.0601441924,"Y":-0.5615312523,"Start (yearly)":5.149121995}