{"D":0.0003706092,"MTD":-0.0715321666,"M":-0.0619542772,"YTD":0.5691937988,"Y":0.1702687471,"Start (yearly)":4.738076028}