{"D":0.003929299,"MTD":-0.0446853969,"M":-0.2075415859,"YTD":-0.4161231726,"Y":0.0221944644,"Start (yearly)":5.2680595073}