{"D":-0.0033192792,"MTD":-0.0548816998,"M":-0.0537462493,"YTD":0.5973345791,"Y":0.1924824533,"Start (yearly)":4.758354556}