{"BCH-USD+":{"current":0.1171864487,"target":0.0908886881,"change":-0.0262977606},"BTC-USD":{"current":0.1682231534,"target":0.161446439,"change":-0.0067767144},"EOS-USD+":{"current":0.1180763752,"target":0.119203261,"change":0.0011268858},"ETH-USD+":{"current":0.1287599774,"target":0.131555065,"change":0.0027950876},"LTC-USD+":{"current":0.0863814046,"target":0.0747954128,"change":-0.0115859918},"XLM-USD+":{"current":0.0722536541,"target":0.0702523494,"change":-0.0020013047},"XRP-USD+":{"current":0.03697666,"target":0.0454198944,"change":0.0084432344},"cash":{"current":0.2721423267,"target":0.306438889,"change":0.0342965623}}