{"BCH-USD+":{"current":0.1588060546,"target":0.146717051,"change":-0.0120890036},"BTC-USD":{"current":0.1164305986,"target":0.122538439,"change":0.0061078404},"EOS-USD+":{"current":0.2115126787,"target":0.209260417,"change":-0.0022522617},"ETH-USD+":{"current":0.164749053,"target":0.16392425,"change":-0.000824803},"LTC-USD+":{"current":0.0996457472,"target":0.100135366,"change":0.0004896188},"XLM-USD+":{"current":0.147775135,"target":0.161068586,"change":0.013293451},"XRP-USD+":{"current":0.0918357527,"target":0.0963558911,"change":0.0045201384},"cash":{"current":0.0092449802,"target":0.0,"change":-0.0092449802}}