{"BCH-USD+":{"current":0.0376767004,"target":0.0463018606,"change":0.0086251602},"BTC-USD":{"current":0.0318298044,"target":0.0341383614,"change":0.002308557},"EOS-USD+":{"current":0.0609613559,"target":0.066450327,"change":0.0054889711},"ETH-USD+":{"current":0.0418594016,"target":0.0458895469,"change":0.0040301453},"LTC-USD+":{"current":0.0993526278,"target":0.112444509,"change":0.0130918812},"XLM-USD+":{"current":0.0110361755,"target":0.0214903133,"change":0.0104541378},"XRP-USD+":{"current":0.0310976875,"target":0.0331765207,"change":0.0020788332},"cash":{"current":0.6861862468,"target":0.640108561,"change":-0.0460776858}}