{"D":0.0141042225,"MTD":0.2818050197,"M":0.3244244565,"YTD":0.5029628943,"Y":-0.1757293873,"Start (yearly)":5.1439596173}