{"BCH-USD+":{"current":0.0191716114,"target":0.0288097862,"change":0.0096381748},"BTC-USD":{"current":0.0247439189,"target":0.0256047374,"change":0.0008608185},"EOS-USD+":{"current":0.0111735445,"target":0.0288237492,"change":0.0176502047},"ETH-USD+":{"current":0.0187211554,"target":0.0193702261,"change":0.0006490707},"LTC-USD+":{"current":0.0169271312,"target":0.0227947867,"change":0.0058676555},"XLM-USD+":{"current":0.0507132692,"target":0.0527354755,"change":0.0020222063},"XRP-USD+":{"current":0.0814204266,"target":0.0892101075,"change":0.0077896809},"cash":{"current":0.7771289428,"target":0.732651131,"change":-0.0444778118}}