{"D":0.0219625179,"MTD":0.3351320079,"M":0.4945324742,"YTD":0.5654907229,"Y":-0.0297094114,"Start (yearly)":5.2009224554}