{"D":-0.0104093959,"MTD":-0.0362933226,"M":0.0463847063,"YTD":0.980702928,"Y":0.3077770572,"Start (yearly)":5.0545206964}