{"BCH-USD+":{"current":0.0545274141,"target":0.0507922914,"change":-0.0037351227},"BTC-USD":{"current":0.0315641003,"target":0.0320321546,"change":0.0004680543},"EOS-USD+":{"current":0.0489195154,"target":0.0502428734,"change":0.001323358},"ETH-USD+":{"current":0.0531689058,"target":0.0545718201,"change":0.0014029143},"LTC-USD+":{"current":0.0321807293,"target":0.0325383549,"change":0.0003576256},"XLM-USD+":{"current":0.0557014914,"target":0.055800039,"change":0.0000985476},"XRP-USD+":{"current":0.0855624262,"target":0.0805168579,"change":-0.0050455683},"cash":{"current":0.6383754175,"target":0.643505609,"change":0.0051301915}}