{"D":-0.0107566896,"MTD":-0.0728145179,"M":0.1732088542,"YTD":0.9105286407,"Y":0.1954396263,"Start (yearly)":5.1175063577}