{"D":0.0051042439,"MTD":-0.0563865715,"M":-0.015929745,"YTD":-0.0563865715,"Y":-0.5114861867,"Start (yearly)":5.1304485414}