{"D":-0.0397262154,"MTD":0.03599084,"M":0.0528816318,"YTD":0.03599084,"Y":-0.5643007033,"Start (yearly)":5.2496362406}