{"D":0.0093553465,"MTD":-0.0674736708,"M":-0.1075148087,"YTD":-0.0674736708,"Y":-0.5274818795,"Start (yearly)":5.104115543}