{"BCH-USD+":{"current":0.1409408982,"target":0.15962251,"change":0.0186816118},"BTC-USD":{"current":0.1174039136,"target":0.114968846,"change":-0.0024350676},"EOS-USD+":{"current":0.2069467678,"target":0.213205053,"change":0.0062582852},"ETH-USD+":{"current":0.1610389839,"target":0.163819958,"change":0.0027809741},"LTC-USD+":{"current":0.1074346439,"target":0.100220659,"change":-0.0072139849},"XLM-USD+":{"current":0.170069908,"target":0.146863107,"change":-0.023206801},"XRP-USD+":{"current":0.0961648846,"target":0.0920865785,"change":-0.0040783061},"cash":{"current":0.0,"target":0.0092132881,"change":0.0092132881}}