{"BCH-USD+":{"current":0.0432525535,"target":0.0358859781,"change":-0.0073665754},"BTC-USD":{"current":0.0737700726,"target":0.0711274142,"change":-0.0026426584},"EOS-USD+":{"current":0.028372133,"target":0.0197228835,"change":-0.0086492495},"ETH-USD+":{"current":0.0372430855,"target":0.0204807701,"change":-0.0167623154},"LTC-USD+":{"current":0.0385399577,"target":0.0217855794,"change":-0.0167543783},"XLM-USD+":{"current":0.0265661729,"target":0.016478624,"change":-0.0100875489},"XRP-USD+":{"current":0.0227813154,"target":0.0171086412,"change":-0.0056726742},"cash":{"current":0.7294747094,"target":0.79741011,"change":0.0679354006}}