{"BCH-USD+":{"current":0.0635306606,"target":0.0605788573,"change":-0.0029518033},"BTC-USD":{"current":0.0953097891,"target":0.0952530834,"change":-0.0000567057},"EOS-USD+":{"current":0.0380411457,"target":0.0395958603,"change":0.0015547146},"ETH-USD+":{"current":0.0483905776,"target":0.0415012561,"change":-0.0068893215},"LTC-USD+":{"current":0.0506163905,"target":0.0455997582,"change":-0.0050166323},"XLM-USD+":{"current":0.0165977754,"target":0.0141876493,"change":-0.0024101261},"XRP-USD+":{"current":0.030957031,"target":0.0267567207,"change":-0.0042003103},"cash":{"current":0.6565566302,"target":0.676526815,"change":0.0199701848}}