{"BCH-USD+":{"current":0.0606181442,"target":0.0718710359,"change":0.0112528917},"BTC-USD":{"current":0.0902376661,"target":0.0878005191,"change":-0.002437147},"EOS-USD+":{"current":0.1808504529,"target":0.203412357,"change":0.0225619041},"ETH-USD+":{"current":0.1014661055,"target":0.111967135,"change":0.0105010295},"LTC-USD+":{"current":0.2417413919,"target":0.236128726,"change":-0.0056126659},"XLM-USD+":{"current":0.1923639885,"target":0.170384008,"change":-0.0219799805},"XRP-USD+":{"current":0.0895553748,"target":0.0892958469,"change":-0.0002595279},"cash":{"current":0.0431668761,"target":0.0291403715,"change":-0.0140265046}}