{"BCH-USD+":{"current":0.0576432733,"target":0.0485599773,"change":-0.009083296},"BTC-USD":{"current":0.0946198528,"target":0.0949236926,"change":0.0003038398},"EOS-USD+":{"current":0.0376095678,"target":0.033725229,"change":-0.0038843388},"ETH-USD+":{"current":0.0401092092,"target":0.0346445954,"change":-0.0054646138},"LTC-USD+":{"current":0.0435684065,"target":0.0375768779,"change":-0.0059915286},"XLM-USD+":{"current":0.0139244901,"target":0.0130820177,"change":-0.0008424724},"XRP-USD+":{"current":0.0261531805,"target":0.0216948327,"change":-0.0044583478},"cash":{"current":0.6863720197,"target":0.715792777,"change":0.0294207573}}