{"D":0.0025433228,"MTD":-0.1859447252,"M":-0.1859447252,"YTD":0.6731249293,"Y":0.081588571,"Start (yearly)":4.8746633091}