{"D":0.0201946707,"MTD":-0.0665225361,"M":0.366625251,"YTD":0.9234936964,"Y":0.2199553773,"Start (yearly)":5.1255706051}