{"D":0.0352282463,"MTD":0.3391382667,"M":0.4990170374,"YTD":0.5701882066,"Y":-0.001702058,"Start (yearly)":5.2101649946}