{"BCH-USD+":{"current":0.1346001421,"target":0.138637568,"change":0.0040374259},"BTC-USD":{"current":0.1027747226,"target":0.101697966,"change":-0.0010767566},"EOS-USD+":{"current":0.1844853746,"target":0.183706343,"change":-0.0007790316},"ETH-USD+":{"current":0.1869272043,"target":0.187667158,"change":0.0007399537},"LTC-USD+":{"current":0.0773335159,"target":0.076457248,"change":-0.0008762679},"XLM-USD+":{"current":0.1926104739,"target":0.190110594,"change":-0.0024998799},"XRP-USD+":{"current":0.1212685666,"target":0.121723123,"change":0.0004545564},"cash":{"current":0.0,"target":0.0,"change":0.0}}