{"D":-0.0687655258,"MTD":0.0322637186,"M":0.000183408,"YTD":-0.3690927961,"Y":-0.2358134262,"Start (yearly)":5.2770874289}