{"BCH-USD+":{"current":0.0981136335,"target":0.106856535,"change":0.0087429015},"BTC-USD":{"current":0.1386315461,"target":0.12650789,"change":-0.0121236561},"EOS-USD+":{"current":0.1102675943,"target":0.100401903,"change":-0.0098656913},"ETH-USD+":{"current":0.257361912,"target":0.250568368,"change":-0.006793544},"LTC-USD+":{"current":0.1286351826,"target":0.120636696,"change":-0.0079984866},"XLM-USD+":{"current":0.104248339,"target":0.112112742,"change":0.007864403},"XRP-USD+":{"current":0.1627417925,"target":0.182915866,"change":0.0201740735},"cash":{"current":0.0,"target":0.0,"change":0.0}}