{"BCH-USD+":{"current":0.0310375304,"target":0.0257665643,"change":-0.0052709661},"BTC-USD":{"current":0.0366029006,"target":0.0393297181,"change":0.0027268175},"EOS-USD+":{"current":0.0294383604,"target":0.0315344944,"change":0.002096134},"ETH-USD+":{"current":0.0355759286,"target":0.0298909486,"change":-0.00568498},"LTC-USD+":{"current":0.0316244886,"target":0.0379120313,"change":0.0062875427},"XLM-USD+":{"current":0.0301023741,"target":0.0285946375,"change":-0.0015077366},"XRP-USD+":{"current":0.0284739139,"target":0.0254787841,"change":-0.0029951298},"cash":{"current":0.7771445033,"target":0.781492822,"change":0.0043483187}}