{"D":-0.0033283606,"MTD":-0.0036622338,"M":-0.1360008219,"YTD":0.6839000642,"Y":0.1406867972,"Start (yearly)":4.8693850119}