{"D":-0.0107669056,"MTD":0.2279162831,"M":0.2963562395,"YTD":0.4397763953,"Y":-0.3375360733,"Start (yearly)":5.0965945424}