{"BCH-USD+":{"current":0.111304318,"target":0.100285796,"change":-0.011018522},"BTC-USD":{"current":0.1123854351,"target":0.124396613,"change":0.0120111779},"EOS-USD+":{"current":0.1073243012,"target":0.128099138,"change":0.0207748368},"ETH-USD+":{"current":0.1992691266,"target":0.222994375,"change":0.0237252484},"LTC-USD+":{"current":0.1570574848,"target":0.132419477,"change":-0.0246380078},"XLM-USD+":{"current":0.114898344,"target":0.136388016,"change":0.021489672},"XRP-USD+":{"current":0.1209329107,"target":0.155416585,"change":0.0344836743},"cash":{"current":0.0768280796,"target":0.0,"change":-0.0768280796}}