{"BCH-USD+":{"current":0.1188680918,"target":0.122807685,"change":0.0039395932},"BTC-USD":{"current":0.0793056276,"target":0.0931610036,"change":0.013855376},"EOS-USD+":{"current":0.1214706306,"target":0.138292589,"change":0.0168219584},"ETH-USD+":{"current":0.1878536123,"target":0.212222609,"change":0.0243689967},"LTC-USD+":{"current":0.1165816903,"target":0.154064995,"change":0.0374833047},"XLM-USD+":{"current":0.0632122494,"target":0.0844498925,"change":0.0212376431},"XRP-USD+":{"current":0.0552314029,"target":0.0674566152,"change":0.0122252123},"cash":{"current":0.2574766952,"target":0.12754461,"change":-0.1299320852}}