{"D":0.0036069476,"MTD":-0.0477952923,"M":-0.037652696,"YTD":0.6093112425,"Y":0.2218956532,"Start (yearly)":4.7752470017}