{"BCH-USD+":{"current":0.0097914859,"target":0.0089749516,"change":-0.0008165343},"BTC-USD":{"current":0.0448487639,"target":0.0291376824,"change":-0.0157110815},"EOS-USD+":{"current":0.0082672941,"target":0.0087602899,"change":0.0004929959},"ETH-USD+":{"current":0.0146244792,"target":0.0117582458,"change":-0.0028662334},"LTC-USD+":{"current":0.0378441704,"target":0.0196408918,"change":-0.0182032786},"XLM-USD+":{"current":0.0101762274,"target":0.0106458238,"change":0.0004695964},"XRP-USD+":{"current":0.0190708898,"target":0.0179958337,"change":-0.0010750561},"cash":{"current":0.8553766894,"target":0.893086281,"change":0.0377095916}}