{"D":0.003936958,"MTD":-0.003752729,"M":-0.1008184062,"YTD":0.4213786965,"Y":0.0900470353,"Start (yearly)":4.58021101}