{"BCH-USD+":{"current":0.1347911501,"target":0.133559783,"change":-0.0012313671},"BTC-USD":{"current":0.1132428968,"target":0.110574361,"change":-0.0026685358},"EOS-USD+":{"current":0.1934420073,"target":0.19109377,"change":-0.0023482373},"ETH-USD+":{"current":0.1558339022,"target":0.160303085,"change":0.0044691828},"LTC-USD+":{"current":0.1382668563,"target":0.141840489,"change":0.0035736327},"XLM-USD+":{"current":0.1724970285,"target":0.16834806,"change":-0.0041489685},"XRP-USD+":{"current":0.0919261587,"target":0.0942804514,"change":0.0023542927},"cash":{"current":0.0,"target":0.0,"change":0.0}}