{"BCH-USD+":{"current":0.1912348266,"target":0.177981297,"change":-0.0132535296},"BTC-USD":{"current":0.0845756371,"target":0.080495772,"change":-0.0040798651},"EOS-USD+":{"current":0.1623334007,"target":0.0995479677,"change":-0.062785433},"ETH-USD+":{"current":0.1955037946,"target":0.129636433,"change":-0.0658673616},"LTC-USD+":{"current":0.1025125855,"target":0.105832728,"change":0.0033201425},"XLM-USD+":{"current":0.0957045605,"target":0.0702814788,"change":-0.0254230817},"XRP-USD+":{"current":0.0978787012,"target":0.0640240399,"change":-0.0338546613},"cash":{"current":0.0702564939,"target":0.272200283,"change":0.2019437891}}