{"D":0.0092300588,"MTD":0.0534373793,"M":0.0176890156,"YTD":-0.0506718298,"Y":-0.4863862615,"Start (yearly)":5.0326577939}