{"BCH-USD+":{"current":0.1888200571,"target":0.178998372,"change":-0.0098216851},"BTC-USD":{"current":0.0822124321,"target":0.0827136688,"change":0.0005012367},"EOS-USD+":{"current":0.1099721125,"target":0.107193006,"change":-0.0027791065},"ETH-USD+":{"current":0.1455067918,"target":0.127214197,"change":-0.0182925948},"LTC-USD+":{"current":0.1032341934,"target":0.0963408902,"change":-0.0068933032},"XLM-USD+":{"current":0.0688413236,"target":0.0673068124,"change":-0.0015345112},"XRP-USD+":{"current":0.064421296,"target":0.0622290914,"change":-0.0021922046},"cash":{"current":0.2369917936,"target":0.278003962,"change":0.0410121684}}