{"D":-0.0069454512,"MTD":-0.0069454512,"M":-0.0971009852,"YTD":0.416823535,"Y":0.0433596878,"Start (yearly)":4.5811189473}