{"D":0.0040834669,"MTD":0.0874111751,"M":0.140539323,"YTD":0.0874111751,"Y":-0.501653555,"Start (yearly)":5.2631718088}