{"D":-0.0244179083,"MTD":0.3064393112,"M":0.4624141767,"YTD":0.5318474949,"Y":-0.0286931537,"Start (yearly)":5.1890413725}