{"D":0.041049916,"MTD":0.041049916,"M":0.0458287648,"YTD":0.041049916,"Y":-0.4236395138,"Start (yearly)":5.2606644621}