{"BCH-USD+":{"current":0.1151728483,"target":0.121763837,"change":0.0065909887},"BTC-USD":{"current":0.1154333879,"target":0.101209852,"change":-0.0142235359},"EOS-USD+":{"current":0.1548571003,"target":0.164956198,"change":0.0100990977},"ETH-USD+":{"current":0.202699716,"target":0.188077899,"change":-0.014621817},"LTC-USD+":{"current":0.0736274585,"target":0.0737915374,"change":0.0001640789},"XLM-USD+":{"current":0.1472766473,"target":0.215406055,"change":0.0681294077},"XRP-USD+":{"current":0.1909328417,"target":0.134794622,"change":-0.0561382197},"cash":{"current":0.0,"target":0.0,"change":0.0}}