{"BCH-USD+":{"current":0.134983406,"target":0.132325158,"change":-0.002658248},"BTC-USD":{"current":0.1469714184,"target":0.131936215,"change":-0.0150352034},"EOS-USD+":{"current":0.1489299086,"target":0.146515689,"change":-0.0024142196},"ETH-USD+":{"current":0.2250684554,"target":0.207399342,"change":-0.0176691134},"LTC-USD+":{"current":0.0816653231,"target":0.0797311926,"change":-0.0019341305},"XLM-USD+":{"current":0.0863514743,"target":0.118539444,"change":0.0321879697},"XRP-USD+":{"current":0.1167378614,"target":0.18355296,"change":0.0668150986},"cash":{"current":0.0592921529,"target":0.0,"change":-0.0592921529}}