{"BCH-USD+":{"current":0.0566881845,"target":0.0561027447,"change":-0.0005854398},"BTC-USD":{"current":0.0873810452,"target":0.0910938608,"change":0.0037128156},"EOS-USD+":{"current":0.2238352927,"target":0.222495289,"change":-0.0013400037},"ETH-USD+":{"current":0.1227816246,"target":0.122595445,"change":-0.0001861796},"LTC-USD+":{"current":0.2499870154,"target":0.24880129,"change":-0.0011857254},"XLM-USD+":{"current":0.0755014074,"target":0.0875646784,"change":0.012063271},"XRP-USD+":{"current":0.0799119866,"target":0.0750265489,"change":-0.0048854377},"cash":{"current":0.1039134436,"target":0.0963201425,"change":-0.0075933011}}