{"D":-0.0470263384,"MTD":-0.1688255149,"M":-0.125601867,"YTD":0.7083099815,"Y":0.153163796,"Start (yearly)":4.936111019}