{"BCH-USD+":{"current":0.1265183655,"target":0.11305926,"change":-0.0134591055},"BTC-USD":{"current":0.1277439629,"target":0.116073121,"change":-0.0116708419},"EOS-USD+":{"current":0.1437502948,"target":0.150996801,"change":0.0072465062},"ETH-USD+":{"current":0.2156479366,"target":0.194714229,"change":-0.0209337076},"LTC-USD+":{"current":0.0783726692,"target":0.0775802847,"change":-0.0007923845},"XLM-USD+":{"current":0.1210222042,"target":0.142843377,"change":0.0218211728},"XRP-USD+":{"current":0.1869445668,"target":0.204732926,"change":0.0177883592},"cash":{"current":0.0,"target":0.0,"change":0.0}}