{"BCH-USD+":{"current":0.0260044137,"target":0.0321335917,"change":0.006129178},"BTC-USD":{"current":0.0438511003,"target":0.0561928496,"change":0.0123417493},"EOS-USD+":{"current":0.0117568218,"target":0.0100603366,"change":-0.0016964852},"ETH-USD+":{"current":0.0495717113,"target":0.0494997558,"change":-0.0000719555},"LTC-USD+":{"current":0.0309824167,"target":0.0321934153,"change":0.0012109986},"XLM-USD+":{"current":0.0144967316,"target":0.0109923302,"change":-0.0035044014},"XRP-USD+":{"current":0.0223756201,"target":0.0250617971,"change":0.002686177},"cash":{"current":0.8009611846,"target":0.783865924,"change":-0.0170952606}}