{"D":0.0252216406,"MTD":0.077490278,"M":0.130133716,"YTD":0.077490278,"Y":-0.5074962581,"Start (yearly)":5.2638231681}