{"BCH-USD+":{"current":0.0289469628,"target":0.0228253825,"change":-0.0061215803},"BTC-USD":{"current":0.0302980086,"target":0.0276469944,"change":-0.0026510142},"EOS-USD+":{"current":0.033334367,"target":0.0232825892,"change":-0.0100517778},"ETH-USD+":{"current":0.053315291,"target":0.0342661889,"change":-0.0190491021},"LTC-USD+":{"current":0.0323333238,"target":0.0242933518,"change":-0.008039972},"XLM-USD+":{"current":0.0684188072,"target":0.0631140482,"change":-0.005304759},"XRP-USD+":{"current":0.1109500515,"target":0.102424086,"change":-0.0085259655},"cash":{"current":0.642403188,"target":0.702147359,"change":0.059744171}}