{"D":0.0168071975,"MTD":-0.1131141248,"M":0.3183099545,"YTD":0.8274885644,"Y":0.0315210196,"Start (yearly)":5.1142221291}