{"BCH-USD+":{"current":0.1015805366,"target":0.100218039,"change":-0.0013624976},"BTC-USD":{"current":0.0964991369,"target":0.0939005694,"change":-0.0025985675},"EOS-USD+":{"current":0.2712019306,"target":0.257484651,"change":-0.0137172796},"ETH-USD+":{"current":0.1256064015,"target":0.129720676,"change":0.0041142745},"LTC-USD+":{"current":0.1778323796,"target":0.172910973,"change":-0.0049214066},"XLM-USD+":{"current":0.1491217987,"target":0.159931955,"change":0.0108101563},"XRP-USD+":{"current":0.0752276367,"target":0.085833137,"change":0.0106055003},"cash":{"current":0.0029301793,"target":0.0,"change":-0.0029301793}}