{"BCH-USD+":{"current":0.1025988133,"target":0.107115183,"change":0.0045163697},"BTC-USD":{"current":0.0996355079,"target":0.0990270008,"change":-0.0006085071},"EOS-USD+":{"current":0.0960471339,"target":0.107240135,"change":0.0111930011},"ETH-USD+":{"current":0.1818308984,"target":0.210257266,"change":0.0284263676},"LTC-USD+":{"current":0.180745697,"target":0.17078606,"change":-0.009959637},"XLM-USD+":{"current":0.1336794938,"target":0.134535946,"change":0.0008564522},"XRP-USD+":{"current":0.1175761515,"target":0.121294424,"change":0.0037182725},"cash":{"current":0.0878863042,"target":0.0497439857,"change":-0.0381423185}}