{"BCH-USD+":{"current":0.0537303234,"target":0.0409453504,"change":-0.012784973},"BTC-USD":{"current":0.072775096,"target":0.069467591,"change":-0.003307505},"EOS-USD+":{"current":0.0328272149,"target":0.0269845627,"change":-0.0058426522},"ETH-USD+":{"current":0.0382716634,"target":0.0249008127,"change":-0.0133708507},"LTC-USD+":{"current":0.0401764357,"target":0.0276094602,"change":-0.0125669755},"XLM-USD+":{"current":0.0276331552,"target":0.0215302051,"change":-0.0061029501},"XRP-USD+":{"current":0.0236375315,"target":0.0201156379,"change":-0.0035218936},"cash":{"current":0.7109485799,"target":0.76844638,"change":0.0574978001}}