{"D":-0.0071058794,"MTD":0.0544742752,"M":0.0159241719,"YTD":0.6546744936,"Y":0.3370611196,"Start (yearly)":4.7114628723}