{"D":-0.0527772259,"MTD":-0.1326829008,"M":-0.0545367182,"YTD":0.7825937686,"Y":0.1981176641,"Start (yearly)":4.9772955819}