{"BCH-USD+":{"current":0.1198810348,"target":0.12105248,"change":0.0011714452},"BTC-USD":{"current":0.1982769315,"target":0.188403373,"change":-0.0098735585},"EOS-USD+":{"current":0.125325996,"target":0.149025673,"change":0.023699677},"ETH-USD+":{"current":0.1692458209,"target":0.22752452,"change":0.0582786991},"LTC-USD+":{"current":0.0770655217,"target":0.08173108,"change":0.0046655583},"XLM-USD+":{"current":0.0585398104,"target":0.0617747687,"change":0.0032349583},"XRP-USD+":{"current":0.0528959585,"target":0.0618505081,"change":0.0089545496},"cash":{"current":0.1987689263,"target":0.108637597,"change":-0.0901313293}}