{"D":0.0151872426,"MTD":-0.0303037649,"M":0.1151774004,"YTD":0.9981249337,"Y":0.2644293296,"Start (yearly)":5.1278586109}