{"D":-0.0028935343,"MTD":-0.0575276822,"M":-0.1467108807,"YTD":-0.4239722233,"Y":-0.2527527417,"Start (yearly)":5.2504962549}