{"BCH-USD+":{"current":0.045458848,"target":0.0569211124,"change":0.0114622644},"BTC-USD":{"current":0.0636626851,"target":0.0635431158,"change":-0.0001195693},"EOS-USD+":{"current":0.0722013551,"target":0.0841227086,"change":0.0119213535},"ETH-USD+":{"current":0.0469210673,"target":0.0575023553,"change":0.010581288},"LTC-USD+":{"current":0.0470360341,"target":0.0522639305,"change":0.0052278964},"XLM-USD+":{"current":0.0192854864,"target":0.0209101482,"change":0.0016246618},"XRP-USD+":{"current":0.0262057453,"target":0.0318961596,"change":0.0056904143},"cash":{"current":0.6792287786,"target":0.63284047,"change":-0.0463883086}}