{"BCH-USD+":{"current":0.0557411221,"target":0.0583305526,"change":0.0025894305},"BTC-USD":{"current":0.0682328217,"target":0.0747542192,"change":0.0065213975},"EOS-USD+":{"current":0.1211008987,"target":0.134886626,"change":0.0137857273},"ETH-USD+":{"current":0.0890913751,"target":0.0941685369,"change":0.0050771618},"LTC-USD+":{"current":0.1965489502,"target":0.223940903,"change":0.0273919528},"XLM-USD+":{"current":0.0199490817,"target":0.0378911795,"change":0.0179420978},"XRP-USD+":{"current":0.0488510609,"target":0.0499985822,"change":0.0011475213},"cash":{"current":0.4004846897,"target":0.326029401,"change":-0.0744552887}}