{"D":0.0461909503,"MTD":-0.0080689477,"M":0.1407480532,"YTD":1.0439412844,"Y":0.2996709215,"Start (yearly)":5.1503142096}