{"BCH-USD+":{"current":0.1203715932,"target":0.113525461,"change":-0.0068461322},"BTC-USD":{"current":0.1012879334,"target":0.088658542,"change":-0.0126293914},"EOS-USD+":{"current":0.1641950229,"target":0.183774767,"change":0.0195797441},"ETH-USD+":{"current":0.1863667686,"target":0.169672683,"change":-0.0166940856},"LTC-USD+":{"current":0.0742421777,"target":0.0784991354,"change":0.0042569577},"XLM-USD+":{"current":0.2191611307,"target":0.123771955,"change":-0.0953891757},"XRP-USD+":{"current":0.1343753734,"target":0.0886661134,"change":-0.04570926},"cash":{"current":0.0,"target":0.153431343,"change":0.153431343}}