{"D":-0.0265496087,"MTD":0.225881745,"M":0.4680717233,"YTD":0.4373908256,"Y":-0.088646996,"Start (yearly)":5.161605923}