{"D":0.0317542755,"MTD":0.1174425202,"M":0.0844310201,"YTD":0.1347447674,"Y":-0.3256282661,"Start (yearly)":5.0507043069}