{"D":0.1022494441,"MTD":0.1611507657,"M":0.1192026665,"YTD":0.0463964479,"Y":-0.4367550074,"Start (yearly)":5.090968731}