{"D":0.0056188297,"MTD":-0.1278095937,"M":-0.0718132804,"YTD":0.7926098595,"Y":0.2088531909,"Start (yearly)":4.9777667957}