{"BCH-USD+":{"current":0.0536442974,"target":0.0514067999,"change":-0.0022374975},"BTC-USD":{"current":0.054869281,"target":0.0577309865,"change":0.0028617055},"EOS-USD+":{"current":0.0222341939,"target":0.0223668163,"change":0.0001326224},"ETH-USD+":{"current":0.0196069423,"target":0.0186948953,"change":-0.000912047},"LTC-USD+":{"current":0.0167686675,"target":0.0166069569,"change":-0.0001617106},"XLM-USD+":{"current":0.02075203,"target":0.0199525336,"change":-0.0007994964},"XRP-USD+":{"current":0.0223955916,"target":0.0209923788,"change":-0.0014032128},"cash":{"current":0.7897289963,"target":0.792248633,"change":0.0025196367}}