{"BCH-USD+":{"current":0.0260319267,"target":0.0313254941,"change":0.0052935674},"BTC-USD":{"current":0.0404845434,"target":0.0512122458,"change":0.0107277024},"EOS-USD+":{"current":0.0134565415,"target":0.0239935166,"change":0.0105369751},"ETH-USD+":{"current":0.0133806657,"target":0.0274156293,"change":0.0140349636},"LTC-USD+":{"current":0.016393069,"target":0.0230398695,"change":0.0066468005},"XLM-USD+":{"current":0.025331428,"target":0.021967148,"change":-0.00336428},"XRP-USD+":{"current":0.0143987032,"target":0.0154345473,"change":0.0010358441},"cash":{"current":0.8505231225,"target":0.805611549,"change":-0.0449115735}}