{"D":-0.011834939,"MTD":-0.0761169172,"M":-0.1157869284,"YTD":-0.0761169172,"Y":-0.5274794193,"Start (yearly)":5.1009892764}