{"D":0.0576631832,"MTD":0.0227766483,"M":0.1288371946,"YTD":1.1075007293,"Y":0.3805908865,"Start (yearly)":5.1577144515}