{"BCH-USD+":{"current":0.0458630458,"target":0.0372118998,"change":-0.008651146},"BTC-USD":{"current":0.0388490116,"target":0.0319565059,"change":-0.0068925057},"EOS-USD+":{"current":0.0700513574,"target":0.060665135,"change":-0.0093862224},"ETH-USD+":{"current":0.0461459577,"target":0.0418135483,"change":-0.0043324094},"LTC-USD+":{"current":0.1180251069,"target":0.098082459,"change":-0.0199426479},"XLM-USD+":{"current":0.0115535186,"target":0.0108741582,"change":-0.0006793604},"XRP-USD+":{"current":0.0365325524,"target":0.0309082468,"change":-0.0056243056},"cash":{"current":0.6329794496,"target":0.688488047,"change":0.0555085974}}