{"BCH-USD+":{"current":0.1057510316,"target":0.109194456,"change":0.0034434244},"BTC-USD":{"current":0.1305164098,"target":0.127847574,"change":-0.0026688358},"EOS-USD+":{"current":0.0994498226,"target":0.100676621,"change":0.0012267984},"ETH-USD+":{"current":0.2521147834,"target":0.249880422,"change":-0.0022343614},"LTC-USD+":{"current":0.1192411773,"target":0.118781768,"change":-0.0004594093},"XLM-USD+":{"current":0.1112499293,"target":0.111201577,"change":-0.0000483523},"XRP-USD+":{"current":0.1816768459,"target":0.182417583,"change":0.0007407371},"cash":{"current":0.0,"target":0.0,"change":0.0}}