{"BCH-USD+":{"current":0.0348662021,"target":0.0387289654,"change":0.0038627633},"BTC-USD":{"current":0.0392175187,"target":0.0355293223,"change":-0.0036881964},"EOS-USD+":{"current":0.0492595338,"target":0.0512343649,"change":0.0019748311},"ETH-USD+":{"current":0.0573072576,"target":0.0579651518,"change":0.0006578942},"LTC-USD+":{"current":0.0298255201,"target":0.0304414804,"change":0.0006159603},"XLM-USD+":{"current":0.0530444629,"target":0.0662012838,"change":0.0131568209},"XRP-USD+":{"current":0.0820830088,"target":0.102597682,"change":0.0205146732},"cash":{"current":0.6543964961,"target":0.617301749,"change":-0.0370947471}}