{"BCH-USD+":{"current":0.0653542323,"target":0.0660133775,"change":0.0006591452},"BTC-USD":{"current":0.0793427844,"target":0.0620015435,"change":-0.0173412409},"EOS-USD+":{"current":0.0407327752,"target":0.0417357997,"change":0.0010030245},"ETH-USD+":{"current":0.0350680405,"target":0.0288911163,"change":-0.0061769242},"LTC-USD+":{"current":0.0388939075,"target":0.0333847838,"change":-0.0055091237},"XLM-USD+":{"current":0.0266822228,"target":0.0188529221,"change":-0.0078293007},"XRP-USD+":{"current":0.0233412965,"target":0.0223995714,"change":-0.0009417251},"cash":{"current":0.6905847409,"target":0.726720886,"change":0.0361361451}}