{"BCH-USD+":{"current":0.0628010676,"target":0.0641158793,"change":0.0013148117},"BTC-USD":{"current":0.0955445306,"target":0.0961527417,"change":0.0006082111},"EOS-USD+":{"current":0.0431248547,"target":0.0382619334,"change":-0.0048629213},"ETH-USD+":{"current":0.0490426005,"target":0.0485832724,"change":-0.0004593281},"LTC-USD+":{"current":0.0508747156,"target":0.0512036301,"change":0.0003289145},"XLM-USD+":{"current":0.0188444964,"target":0.0168846697,"change":-0.0019598267},"XRP-USD+":{"current":0.0342135308,"target":0.0313694856,"change":-0.0028440452},"cash":{"current":0.6455542038,"target":0.653428388,"change":0.0078741842}}