{"BCH-USD+":{"current":0.1275062592,"target":0.127031966,"change":-0.0004742932},"BTC-USD":{"current":0.1187287255,"target":0.154945164,"change":0.0362164385},"EOS-USD+":{"current":0.1951015054,"target":0.214789823,"change":0.0196883176},"ETH-USD+":{"current":0.1677501175,"target":0.178774761,"change":0.0110246435},"LTC-USD+":{"current":0.1301329556,"target":0.134875344,"change":0.0047423884},"XLM-USD+":{"current":0.1617135877,"target":0.11157047,"change":-0.0501431177},"XRP-USD+":{"current":0.0990668492,"target":0.0780124728,"change":-0.0210543764},"cash":{"current":0.0,"target":0.0,"change":0.0}}