{"BCH-USD+":{"current":0.0499559795,"target":0.0540993937,"change":0.0041434142},"BTC-USD":{"current":0.0602048622,"target":0.0552405322,"change":-0.00496433},"EOS-USD+":{"current":0.0233637962,"target":0.0224692408,"change":-0.0008945554},"ETH-USD+":{"current":0.0194070291,"target":0.0198402363,"change":0.0004332072},"LTC-USD+":{"current":0.0184630361,"target":0.0189642945,"change":0.0005012584},"XLM-USD+":{"current":0.0292338926,"target":0.0201657141,"change":-0.0090681785},"XRP-USD+":{"current":0.0356312991,"target":0.0217314978,"change":-0.0138998013},"cash":{"current":0.7637401052,"target":0.78748909,"change":0.0237489848}}