{"BCH-USD+":{"current":0.1408908851,"target":0.148114996,"change":0.0072241109},"BTC-USD":{"current":0.1012605845,"target":0.110204865,"change":0.0089442805},"EOS-USD+":{"current":0.2028249128,"target":0.207919112,"change":0.0050941992},"ETH-USD+":{"current":0.1430304281,"target":0.136730906,"change":-0.0062995221},"LTC-USD+":{"current":0.1383073367,"target":0.146104743,"change":0.0077974063},"XLM-USD+":{"current":0.1754390998,"target":0.161309171,"change":-0.0141299288},"XRP-USD+":{"current":0.0982467529,"target":0.0896162062,"change":-0.0086305467},"cash":{"current":0.0,"target":0.0,"change":0.0}}