{"BCH-USD+":{"current":0.0463933447,"target":0.0496861969,"change":0.0032928522},"BTC-USD":{"current":0.0337326823,"target":0.0382946523,"change":0.00456197},"EOS-USD+":{"current":0.0673548314,"target":0.0778524824,"change":0.010497651},"ETH-USD+":{"current":0.046627731,"target":0.0542076303,"change":0.0075798993},"LTC-USD+":{"current":0.1246170713,"target":0.171041445,"change":0.0464243737},"XLM-USD+":{"current":0.0215364179,"target":0.0256770813,"change":0.0041406634},"XRP-USD+":{"current":0.0331655436,"target":0.0393763316,"change":0.006210788},"cash":{"current":0.6265723778,"target":0.543864181,"change":-0.0827081968}}