{"D":-0.0508651525,"MTD":0.1136780573,"M":0.1971240441,"YTD":0.3058279307,"Y":-0.3778891762,"Start (yearly)":5.022258076}