{"D":-0.0307919706,"MTD":0.1910737096,"M":0.1617943702,"YTD":0.0733621643,"Y":-0.4067285449,"Start (yearly)":5.0984883367}