{"D":0.0025182655,"MTD":-0.0508075531,"M":-0.050858562,"YTD":0.6042202519,"Y":0.2256561095,"Start (yearly)":4.7762840587}