{"D":0.007350707,"MTD":0.0822482563,"M":0.0847681145,"YTD":0.0990055628,"Y":-0.3251980524,"Start (yearly)":5.0011405516}