{"BCH-USD+":{"current":0.0649553071,"target":0.0445869719,"change":-0.0203683352},"BTC-USD":{"current":0.0622845024,"target":0.0510882127,"change":-0.0111962897},"EOS-USD+":{"current":0.0409584221,"target":0.0144034221,"change":-0.026555},"ETH-USD+":{"current":0.0284536136,"target":0.0142624394,"change":-0.0141911742},"LTC-USD+":{"current":0.0333011833,"target":0.0169705065,"change":-0.0163306768},"XLM-USD+":{"current":0.0188446141,"target":0.0172718626,"change":-0.0015727515},"XRP-USD+":{"current":0.0224118675,"target":0.0146357924,"change":-0.0077760751},"cash":{"current":0.72879049,"target":0.826780792,"change":0.097990302}}