{"BCH-USD+":{"current":0.1049762108,"target":0.102828686,"change":-0.0021475248},"BTC-USD":{"current":0.088629723,"target":0.0949972921,"change":0.0063675691},"EOS-USD+":{"current":0.2799228552,"target":0.275178191,"change":-0.0047446642},"ETH-USD+":{"current":0.1223363213,"target":0.126656414,"change":0.0043200927},"LTC-USD+":{"current":0.1847701929,"target":0.179418329,"change":-0.0053518639},"XLM-USD+":{"current":0.1352524353,"target":0.144279412,"change":0.0090269767},"XRP-USD+":{"current":0.0725876764,"target":0.0737226028,"change":0.0011349264},"cash":{"current":0.011524585,"target":0.0029190733,"change":-0.0086055117}}