{"BCH-USD+":{"current":0.0763310921,"target":0.0672296039,"change":-0.0091014882},"BTC-USD":{"current":0.0652667302,"target":0.0573722032,"change":-0.007894527},"EOS-USD+":{"current":0.08728009,"target":0.0809202298,"change":-0.0063598602},"ETH-USD+":{"current":0.0774166084,"target":0.0754295894,"change":-0.001987019},"LTC-USD+":{"current":0.0700435742,"target":0.0634639442,"change":-0.00657963},"XLM-USD+":{"current":0.1252385919,"target":0.125783533,"change":0.0005449411},"XRP-USD+":{"current":0.1023852555,"target":0.0766632267,"change":-0.0257220288},"cash":{"current":0.3960380577,"target":0.453137669,"change":0.0570996113}}