{"BCH-USD+":{"current":0.0331879997,"target":0.0310998042,"change":-0.0020881955},"BTC-USD":{"current":0.0376547307,"target":0.0301661555,"change":-0.0074885752},"EOS-USD+":{"current":0.0300661883,"target":0.0323909275,"change":0.0023247392},"ETH-USD+":{"current":0.0500949981,"target":0.0466107955,"change":-0.0034842026},"LTC-USD+":{"current":0.0242913596,"target":0.0219187414,"change":-0.0023726182},"XLM-USD+":{"current":0.0411384938,"target":0.0465293393,"change":0.0053908455},"XRP-USD+":{"current":0.0548159796,"target":0.0511753069,"change":-0.0036406727},"cash":{"current":0.7287502501,"target":0.74010893,"change":0.0113586799}}