{"D":0.004914742,"MTD":0.0522621279,"M":0.1875813195,"YTD":0.0685551354,"Y":-0.3872275504,"Start (yearly)":5.0465803079}