{"D":-0.0155089803,"MTD":-0.0671726277,"M":-0.0056902285,"YTD":-0.0671726277,"Y":-0.5742738815,"Start (yearly)":5.1293171586}