{"D":0.0099774447,"MTD":0.0936985534,"M":0.0206540176,"YTD":0.1106331539,"Y":-0.3427987303,"Start (yearly)":5.022036647}