{"BCH-USD+":{"current":0.0908307308,"target":0.0509869169,"change":-0.0398438139},"BTC-USD":{"current":0.1269374613,"target":0.07941096,"change":-0.0475265013},"EOS-USD+":{"current":0.0509691729,"target":0.0223999465,"change":-0.0285692264},"ETH-USD+":{"current":0.1877974172,"target":0.113579538,"change":-0.0742178792},"LTC-USD+":{"current":0.1036833752,"target":0.0623275577,"change":-0.0413558175},"XLM-USD+":{"current":0.0278992707,"target":0.0146739448,"change":-0.0132253259},"XRP-USD+":{"current":0.0816427107,"target":0.0386145646,"change":-0.0430281461},"cash":{"current":0.3302398613,"target":0.618006571,"change":0.2877667097}}