{"D":0.009776839,"MTD":0.0471158237,"M":0.183710463,"YTD":0.063329147,"Y":-0.4025905359,"Start (yearly)":5.0465971513}