{"D":-0.0008251711,"MTD":-0.0682431646,"M":-0.1082512617,"YTD":-0.0682431646,"Y":-0.5248578053,"Start (yearly)":5.0999746259}