{"D":0.0137848615,"MTD":0.2074924957,"M":0.1668928576,"YTD":0.088158313,"Y":-0.3907124617,"Start (yearly)":5.1046919289}