{"D":-0.0051537285,"MTD":0.0314433141,"M":-0.0907621312,"YTD":0.3790916001,"Y":-0.422885496,"Start (yearly)":5.0226106338}