{"D":0.0124479392,"MTD":0.0111328454,"M":-0.0461332131,"YTD":0.5866633908,"Y":0.2700842018,"Start (yearly)":4.7150472961}