{"D":-0.0278889368,"MTD":0.0894980467,"M":0.0894980467,"YTD":0.2774759908,"Y":-0.431237252,"Start (yearly)":4.9937744742}