{"BCH-USD+":{"current":0.0679099642,"target":0.0584088901,"change":-0.0095010741},"BTC-USD":{"current":0.058425898,"target":0.0583975923,"change":-0.0000283057},"EOS-USD+":{"current":0.0799140008,"target":0.0790168136,"change":-0.0008971872},"ETH-USD+":{"current":0.0768482749,"target":0.0743704455,"change":-0.0024778294},"LTC-USD+":{"current":0.0993263862,"target":0.0934039872,"change":-0.005922399},"XLM-USD+":{"current":0.0432969014,"target":0.0294759256,"change":-0.0138209758},"XRP-USD+":{"current":0.046385677,"target":0.0464354457,"change":0.0000497687},"cash":{"current":0.5278928975,"target":0.5604909,"change":0.0325980025}}