{"BCH-USD+":{"current":0.0547447264,"target":0.0485935102,"change":-0.0061512162},"BTC-USD":{"current":0.0664800826,"target":0.0683083149,"change":0.0018282323},"EOS-USD+":{"current":0.067004646,"target":0.0687686456,"change":0.0017639996},"ETH-USD+":{"current":0.0440128771,"target":0.0456022733,"change":0.0015893962},"LTC-USD+":{"current":0.0489578807,"target":0.0490106218,"change":0.0000527411},"XLM-USD+":{"current":0.0186336173,"target":0.019355503,"change":0.0007218857},"XRP-USD+":{"current":0.0204474495,"target":0.0263315343,"change":0.0058840848},"cash":{"current":0.6797187204,"target":0.674029597,"change":-0.0056891234}}