{"D":-0.0052120812,"MTD":-0.0110599372,"M":-0.1227550608,"YTD":0.4109532627,"Y":0.1920787429,"Start (yearly)":4.5193748997}