{"D":0.0033633216,"MTD":-0.0057090605,"M":-0.118008535,"YTD":0.4185875342,"Y":0.1998629833,"Start (yearly)":4.5253843497}