{"D":-0.1255683902,"MTD":-0.0491332956,"M":-0.0023447744,"YTD":-0.0491332956,"Y":-0.5697669509,"Start (yearly)":5.1611869089}