{"BCH-USD+":{"current":0.0934941958,"target":0.0912634001,"change":-0.0022307957},"BTC-USD":{"current":0.0913786051,"target":0.0925177007,"change":0.0011390956},"EOS-USD+":{"current":0.2206498072,"target":0.201290507,"change":-0.0193593002},"ETH-USD+":{"current":0.1404466612,"target":0.12673867,"change":-0.0137079912},"LTC-USD+":{"current":0.1886129477,"target":0.197266053,"change":0.0086531053},"XLM-USD+":{"current":0.1727457024,"target":0.161053107,"change":-0.0116925954},"XRP-USD+":{"current":0.0926720806,"target":0.0861267817,"change":-0.0065452989},"cash":{"current":0.0,"target":0.0437437804,"change":0.0437437804}}