{"BCH-USD+":{"current":0.0595776214,"target":0.0668700256,"change":0.0072924042},"BTC-USD":{"current":0.0734389801,"target":0.0780042966,"change":0.0045653165},"EOS-USD+":{"current":0.1413720969,"target":0.177966064,"change":0.0365939671},"ETH-USD+":{"current":0.102859398,"target":0.148684785,"change":0.045825387},"LTC-USD+":{"current":0.2284045517,"target":0.230125678,"change":0.0017211263},"XLM-USD+":{"current":0.0363282943,"target":0.0469067126,"change":0.0105784183},"XRP-USD+":{"current":0.048970617,"target":0.0638440365,"change":0.0148734195},"cash":{"current":0.3090484407,"target":0.187598402,"change":-0.1214500387}}