{"D":0.0102462473,"MTD":-0.0006830994,"M":-0.1165048751,"YTD":0.4257582379,"Y":0.1993159137,"Start (yearly)":4.5396030856}