{"D":0.0036379433,"MTD":0.0374414833,"M":-0.094484628,"YTD":0.3871114541,"Y":-0.3492890885,"Start (yearly)":5.0164924971}