{"D":0.0004886382,"MTD":0.1247797703,"M":0.0887351322,"YTD":0.0136199287,"Y":-0.4408748938,"Start (yearly)":5.0372019749}