{"D":-0.0372377859,"MTD":-0.0466111411,"M":0.0964234683,"YTD":0.9645224779,"Y":0.2385163642,"Start (yearly)":5.1196175264}