{"BCH-USD+":{"current":0.0471163209,"target":0.0266275656,"change":-0.0204887553},"BTC-USD":{"current":0.0568717748,"target":0.0353546708,"change":-0.021517104},"EOS-USD+":{"current":0.0202564358,"target":0.0124124183,"change":-0.0078440175},"ETH-USD+":{"current":0.0182703506,"target":0.0131181174,"change":-0.0051522332},"LTC-USD+":{"current":0.0144144565,"target":0.0141867666,"change":-0.0002276899},"XLM-USD+":{"current":0.0215387776,"target":0.0147783473,"change":-0.0067604303},"XRP-USD+":{"current":0.0191783277,"target":0.0136403056,"change":-0.0055380221},"cash":{"current":0.8023535562,"target":0.869881809,"change":0.0675282528}}