{"BCH-USD+":{"current":0.031939023,"target":0.0503108741,"change":0.0183718511},"BTC-USD":{"current":0.0524184604,"target":0.0739080909,"change":0.0214896305},"EOS-USD+":{"current":0.0246394805,"target":0.035169892,"change":0.0105304115},"ETH-USD+":{"current":0.0276933671,"target":0.0391239035,"change":0.0114305364},"LTC-USD+":{"current":0.0235712589,"target":0.0414075425,"change":0.0178362836},"XLM-USD+":{"current":0.0219528919,"target":0.0300767792,"change":0.0081238873},"XRP-USD+":{"current":0.0154780029,"target":0.0252006121,"change":0.0097226092},"cash":{"current":0.8023075154,"target":0.704802306,"change":-0.0975052094}}