{"D":0.0206719294,"MTD":-0.0321352351,"M":0.0527851153,"YTD":0.9892490305,"Y":0.3028105786,"Start (yearly)":5.0774742452}