{"BCH-USD+":{"current":0.0786106032,"target":0.0763379794,"change":-0.0022726238},"BTC-USD":{"current":0.098443003,"target":0.0965123549,"change":-0.0019306481},"EOS-USD+":{"current":0.208084674,"target":0.220628104,"change":0.01254343},"ETH-USD+":{"current":0.137569487,"target":0.134835328,"change":-0.002734159},"LTC-USD+":{"current":0.1904985612,"target":0.195587811,"change":0.0050892498},"XLM-USD+":{"current":0.0779383936,"target":0.0682536827,"change":-0.0096847109},"XRP-USD+":{"current":0.077853089,"target":0.0761766923,"change":-0.0016763967},"cash":{"current":0.131002189,"target":0.131668048,"change":0.000665859}}