{"D":0.0423800663,"MTD":0.0367866308,"M":-0.061193491,"YTD":0.3862358834,"Y":-0.39098728,"Start (yearly)":5.0362732856}