{"D":0.0090529489,"MTD":-0.0367531841,"M":-0.0418015517,"YTD":0.6279733944,"Y":0.1525945746,"Start (yearly)":4.7948190227}