{"D":-0.000522397,"MTD":-0.1808152154,"M":-0.2342467908,"YTD":0.6836675925,"Y":0.0515098962,"Start (yearly)":4.8945840356}