{"D":0.0031057532,"MTD":-0.0629290539,"M":0.0540352899,"YTD":0.9259586035,"Y":0.2643767666,"Start (yearly)":5.0489108923}