{"BCH-USD+":{"current":0.1303361984,"target":0.13748369,"change":0.0071474916},"BTC-USD":{"current":0.0711715214,"target":0.0804732806,"change":0.0093017592},"EOS-USD+":{"current":0.1134420226,"target":0.131296733,"change":0.0178547104},"ETH-USD+":{"current":0.1473590049,"target":0.198795692,"change":0.0514366871},"LTC-USD+":{"current":0.0914917343,"target":0.109588975,"change":0.0180972407},"XLM-USD+":{"current":0.0599370773,"target":0.0665359521,"change":0.0065988748},"XRP-USD+":{"current":0.0519564248,"target":0.0569603387,"change":0.0050039139},"cash":{"current":0.3343060164,"target":0.21886534,"change":-0.1154406764}}