{"D":0.0169092097,"MTD":0.0103949241,"M":-0.0855788654,"YTD":0.4415636179,"Y":0.2381112994,"Start (yearly)":4.554666991}