{"D":0.0090182423,"MTD":-0.0923860175,"M":-0.1150113194,"YTD":0.4242222331,"Y":0.0889999941,"Start (yearly)":4.6014821249}