{"D":0.0143335382,"MTD":0.0075477545,"M":-0.0827320988,"YTD":0.4375014675,"Y":0.1005421806,"Start (yearly)":4.5727970849}