{"BCH-USD+":{"current":0.1013294395,"target":0.101731417,"change":0.0004019775},"BTC-USD":{"current":0.0930354026,"target":0.0999013929,"change":0.0068659903},"EOS-USD+":{"current":0.0896940764,"target":0.0948119604,"change":0.005117884},"ETH-USD+":{"current":0.1637703694,"target":0.182582932,"change":0.0188125626},"LTC-USD+":{"current":0.1837585772,"target":0.181345912,"change":-0.0024126652},"XLM-USD+":{"current":0.1124168897,"target":0.134283509,"change":0.0218666193},"XRP-USD+":{"current":0.1116554688,"target":0.117572277,"change":0.0059168082},"cash":{"current":0.1443397763,"target":0.0877706009,"change":-0.0565691754}}