{"BCH-USD+":{"current":0.2089570088,"target":0.238582259,"change":0.0296252502},"BTC-USD":{"current":0.1048792019,"target":0.0942288351,"change":-0.0106503668},"EOS-USD+":{"current":0.1213383885,"target":0.126907154,"change":0.0055687655},"ETH-USD+":{"current":0.0995624342,"target":0.116585541,"change":0.0170231068},"LTC-USD+":{"current":0.1050020481,"target":0.100877198,"change":-0.0041248501},"XLM-USD+":{"current":0.0658230314,"target":0.0693546738,"change":0.0035316424},"XRP-USD+":{"current":0.057509533,"target":0.0522513372,"change":-0.0052581958},"cash":{"current":0.2369283539,"target":0.201213002,"change":-0.0357153519}}