{"D":0.0146820287,"MTD":0.052673229,"M":-0.1009355445,"YTD":0.4074770643,"Y":-0.2732531035,"Start (yearly)":5.023096345}