{"D":-0.0061631411,"MTD":-0.0484244219,"M":-0.2094512677,"YTD":-0.4184084198,"Y":0.2135853456,"Start (yearly)":5.2688833864}