{"BCH-USD+":{"current":0.1328488563,"target":0.13402924,"change":0.0011803837},"BTC-USD":{"current":0.1093575498,"target":0.113488375,"change":0.0041308252},"EOS-USD+":{"current":0.1964649076,"target":0.194923573,"change":-0.0015413346},"ETH-USD+":{"current":0.1605491736,"target":0.16453993,"change":0.0039907564},"LTC-USD+":{"current":0.1403586864,"target":0.133707173,"change":-0.0066515134},"XLM-USD+":{"current":0.1665317355,"target":0.162518162,"change":-0.0040135735},"XRP-USD+":{"current":0.0938890908,"target":0.0967935462,"change":0.0029044554},"cash":{"current":0.0,"target":0.0,"change":0.0}}