{"D":0.0041384815,"MTD":0.233832779,"M":0.31546117,"YTD":0.4467137015,"Y":-0.1321326606,"Start (yearly)":5.1276481662}