{"D":-0.0163651328,"MTD":-0.0039176705,"M":-0.1258868569,"YTD":0.6834683534,"Y":0.1686675282,"Start (yearly)":4.8566608333}