{"D":-0.0176900085,"MTD":0.0743510167,"M":0.0622794075,"YTD":0.090986044,"Y":-0.3565137209,"Start (yearly)":4.9994695556}