{"BCH-USD+":{"current":0.0386762941,"target":0.0415663599,"change":0.0028900658},"BTC-USD":{"current":0.0355732367,"target":0.0402884738,"change":0.0047152371},"EOS-USD+":{"current":0.0507279508,"target":0.0506877199,"change":-0.0000402309},"ETH-USD+":{"current":0.0573107293,"target":0.0634975231,"change":0.0061867938},"LTC-USD+":{"current":0.0298907574,"target":0.0236150092,"change":-0.0062757482},"XLM-USD+":{"current":0.0652498896,"target":0.0672310378,"change":0.0019811482},"XRP-USD+":{"current":0.101770134,"target":0.104558049,"change":0.002787915},"cash":{"current":0.6208010081,"target":0.608555827,"change":-0.0122451811}}