{"D":-0.0343192811,"MTD":-0.1009445801,"M":-0.1412755751,"YTD":-0.1009445801,"Y":-0.5564959798,"Start (yearly)":5.0568682005}