{"BCH-USD+":{"current":0.0496211696,"target":0.0304625059,"change":-0.0191586637},"BTC-USD":{"current":0.0616772295,"target":0.0472573753,"change":-0.0144198542},"EOS-USD+":{"current":0.0171588703,"target":0.012350039,"change":-0.0048088313},"ETH-USD+":{"current":0.0306027115,"target":0.0148192453,"change":-0.0157834662},"LTC-USD+":{"current":0.0157411245,"target":0.0133686886,"change":-0.0023724359},"XLM-USD+":{"current":0.0151323142,"target":0.0114494516,"change":-0.0036828626},"XRP-USD+":{"current":0.0325838889,"target":0.0119539938,"change":-0.0206298951},"cash":{"current":0.7774826914,"target":0.8583387,"change":0.0808560086}}