{"BCH-USD+":{"current":0.1349454386,"target":0.135520624,"change":0.0005751854},"BTC-USD":{"current":0.0817588999,"target":0.0835381473,"change":0.0017792474},"EOS-USD+":{"current":0.1288763196,"target":0.133356257,"change":0.0044799374},"ETH-USD+":{"current":0.1965135197,"target":0.190681892,"change":-0.0058316277},"LTC-USD+":{"current":0.109141525,"target":0.10519406,"change":-0.003947465},"XLM-USD+":{"current":0.0662652204,"target":0.0622267554,"change":-0.004038465},"XRP-USD+":{"current":0.0569332424,"target":0.0580449084,"change":0.001111666},"cash":{"current":0.2255658345,"target":0.231437356,"change":0.0058715215}}