{"D":0.0291904427,"MTD":0.2698489041,"M":0.3538600639,"YTD":0.488943915,"Y":-0.1182506698,"Start (yearly)":5.1443599755}