{"D":-0.0087022436,"MTD":-0.184802746,"M":-0.2050043872,"YTD":0.6754720349,"Y":0.087244058,"Start (yearly)":4.8977476591}