{"BCH-USD+":{"current":0.1268538265,"target":0.128117348,"change":0.0012635215},"BTC-USD":{"current":0.1690182427,"target":0.170365483,"change":0.0013472403},"EOS-USD+":{"current":0.1589003164,"target":0.153799486,"change":-0.0051008304},"ETH-USD+":{"current":0.1868570665,"target":0.18418365,"change":-0.0026734165},"LTC-USD+":{"current":0.0842661129,"target":0.0838784223,"change":-0.0003876906},"XLM-USD+":{"current":0.0965874544,"target":0.09718749,"change":0.0006000356},"XRP-USD+":{"current":0.0503735529,"target":0.0643544322,"change":0.0139808793},"cash":{"current":0.1271434278,"target":0.118113688,"change":-0.0090297398}}