{"D":-0.0042740619,"MTD":-0.0518650742,"M":-0.0507259996,"YTD":0.6024329466,"Y":0.2120844575,"Start (yearly)":4.7634043763}