{"D":-0.0016456188,"MTD":-0.0689930923,"M":-0.0939518683,"YTD":-0.0689930923,"Y":-0.5397814913,"Start (yearly)":5.0923139748}