{"BCH-USD+":{"current":0.0582301466,"target":0.0571327992,"change":-0.0010973474},"BTC-USD":{"current":0.0926731158,"target":0.091427492,"change":-0.0012456238},"EOS-USD+":{"current":0.1810450288,"target":0.19923407,"change":0.0181890412},"ETH-USD+":{"current":0.10068019,"target":0.108749429,"change":0.008069239},"LTC-USD+":{"current":0.2401486927,"target":0.243777811,"change":0.0036291183},"XLM-USD+":{"current":0.1594789902,"target":0.156625864,"change":-0.0028531262},"XRP-USD+":{"current":0.0792544337,"target":0.0805079981,"change":0.0012535644},"cash":{"current":0.0884894021,"target":0.0625445368,"change":-0.0259448653}}