{"BCH-USD+":{"current":0.1255065143,"target":0.1055582,"change":-0.0199483143},"BTC-USD":{"current":0.1613832001,"target":0.100767789,"change":-0.0606154111},"EOS-USD+":{"current":0.0833708855,"target":0.0595095025,"change":-0.023861383},"ETH-USD+":{"current":0.260574551,"target":0.202917648,"change":-0.057656903},"LTC-USD+":{"current":0.1122315916,"target":0.109097102,"change":-0.0031344896},"XLM-USD+":{"current":0.0631546106,"target":0.0551672563,"change":-0.0079873543},"XRP-USD+":{"current":0.1301530565,"target":0.0936328988,"change":-0.0365201577},"cash":{"current":0.0636255903,"target":0.273349603,"change":0.2097240127}}