{"BCH-USD+":{"current":0.0541488201,"target":0.0440204439,"change":-0.0101283762},"BTC-USD":{"current":0.0617291998,"target":0.0559444802,"change":-0.0057847196},"EOS-USD+":{"current":0.0638166945,"target":0.0622923868,"change":-0.0015243077},"ETH-USD+":{"current":0.0414338089,"target":0.0290071751,"change":-0.0124266338},"LTC-USD+":{"current":0.050088324,"target":0.0465180577,"change":-0.0035702663},"XLM-USD+":{"current":0.0239847294,"target":0.017949879,"change":-0.0060348504},"XRP-USD+":{"current":0.0287464964,"target":0.0195211969,"change":-0.0092252995},"cash":{"current":0.676051927,"target":0.72474638,"change":0.048694453}}