{"BCH-USD+":{"current":0.076475359,"target":0.0764162139,"change":-0.0000591451},"BTC-USD":{"current":0.0959887636,"target":0.0963793817,"change":0.0003906181},"EOS-USD+":{"current":0.220066675,"target":0.207303008,"change":-0.012763667},"ETH-USD+":{"current":0.1339569406,"target":0.1274476,"change":-0.0065093406},"LTC-USD+":{"current":0.1991187961,"target":0.198334648,"change":-0.0007841481},"XLM-USD+":{"current":0.0677065773,"target":0.0714589291,"change":0.0037523518},"XRP-USD+":{"current":0.0762934039,"target":0.0820681931,"change":0.0057747892},"cash":{"current":0.1303934845,"target":0.140592026,"change":0.0101985415}}