{"BCH-USD+":{"current":0.1138066795,"target":0.131016802,"change":0.0172101225},"BTC-USD":{"current":0.0705140169,"target":0.0738097375,"change":0.0032957206},"EOS-USD+":{"current":0.0814938504,"target":0.100142752,"change":0.0186489016},"ETH-USD+":{"current":0.0979279879,"target":0.1464142,"change":0.0484862121},"LTC-USD+":{"current":0.0827769192,"target":0.0912300439,"change":0.0084531247},"XLM-USD+":{"current":0.0591577967,"target":0.0589747029,"change":-0.0001830938},"XRP-USD+":{"current":0.0481004638,"target":0.0512580786,"change":0.0031576148},"cash":{"current":0.4462222855,"target":0.347153683,"change":-0.0990686025}}