{"BCH-USD+":{"current":0.0088505524,"target":0.012478415,"change":0.0036278626},"BTC-USD":{"current":0.0237693468,"target":0.018989521,"change":-0.0047798258},"EOS-USD+":{"current":0.0442125524,"target":0.0317318185,"change":-0.0124807339},"ETH-USD+":{"current":0.0164988064,"target":0.0101960862,"change":-0.0063027202},"LTC-USD+":{"current":0.0206032988,"target":0.0183702224,"change":-0.0022330764},"XLM-USD+":{"current":0.0068401847,"target":0.0093461129,"change":0.0025059282},"XRP-USD+":{"current":0.01751465,"target":0.0163838962,"change":-0.0011307538},"cash":{"current":0.8617106085,"target":0.882503928,"change":0.0207933195}}