{"D":0.0116835189,"MTD":0.0175000955,"M":-0.0845228507,"YTD":0.4517007992,"Y":0.1254376428,"Start (yearly)":4.5730524316}