{"BCH-USD+":{"current":0.0576781455,"target":0.057948892,"change":0.0002707465},"BTC-USD":{"current":0.0926192941,"target":0.0927153447,"change":0.0000960506},"EOS-USD+":{"current":0.1976975822,"target":0.176093786,"change":-0.0216037962},"ETH-USD+":{"current":0.1091536744,"target":0.102215877,"change":-0.0069377974},"LTC-USD+":{"current":0.2422975401,"target":0.241265881,"change":-0.0010316591},"XLM-USD+":{"current":0.1550253568,"target":0.158059596,"change":0.0030342392},"XRP-USD+":{"current":0.0817874225,"target":0.0815757242,"change":-0.0002116983},"cash":{"current":0.0637409844,"target":0.0901248992,"change":0.0263839148}}