{"BCH-USD+":{"current":0.0259882729,"target":0.0268844146,"change":0.0008961417},"BTC-USD":{"current":0.0356333451,"target":0.0395731602,"change":0.0039398151},"EOS-USD+":{"current":0.0125777527,"target":0.016833215,"change":0.0042554623},"ETH-USD+":{"current":0.0131304111,"target":0.0131387872,"change":0.0000083761},"LTC-USD+":{"current":0.0142344989,"target":0.0151338359,"change":0.000899337},"XLM-USD+":{"current":0.0151471298,"target":0.027764283,"change":0.0126171532},"XRP-USD+":{"current":0.0177647799,"target":0.0143859085,"change":-0.0033788714},"cash":{"current":0.8655238096,"target":0.846286396,"change":-0.0192374136}}