{"BCH-USD+":{"current":0.0519739477,"target":0.0571543136,"change":0.0051803659},"BTC-USD":{"current":0.0614516845,"target":0.0653560981,"change":0.0039044136},"EOS-USD+":{"current":0.0137196193,"target":0.0276857545,"change":0.0139661352},"ETH-USD+":{"current":0.0189076455,"target":0.0324231542,"change":0.0135155087},"LTC-USD+":{"current":0.0169965978,"target":0.0201345985,"change":0.0031380007},"XLM-USD+":{"current":0.0114269243,"target":0.0314185265,"change":0.0199916022},"XRP-USD+":{"current":0.0101547947,"target":0.0322384689,"change":0.0220836742},"cash":{"current":0.8153687861,"target":0.733589086,"change":-0.0817797001}}