{"BCH-USD+":{"current":0.1155119635,"target":0.116929182,"change":0.0014172185},"BTC-USD":{"current":0.0916485301,"target":0.090727538,"change":-0.0009209921},"EOS-USD+":{"current":0.141405396,"target":0.147689065,"change":0.006283669},"ETH-USD+":{"current":0.2044710923,"target":0.205335766,"change":0.0008646737},"LTC-USD+":{"current":0.1656728898,"target":0.164543176,"change":-0.0011297138},"XLM-USD+":{"current":0.0871755689,"target":0.0888746079,"change":0.001699039},"XRP-USD+":{"current":0.0686159317,"target":0.0703153992,"change":0.0016994675},"cash":{"current":0.1254986277,"target":0.115585265,"change":-0.0099133627}}