{"BCH-USD+":{"current":0.132202012,"target":0.149551245,"change":0.017349233},"BTC-USD":{"current":0.1540550608,"target":0.137524978,"change":-0.0165300828},"EOS-USD+":{"current":0.2155564199,"target":0.211810684,"change":-0.0037457359},"ETH-USD+":{"current":0.1772596227,"target":0.174039302,"change":-0.0032203207},"LTC-USD+":{"current":0.1339944883,"target":0.130760447,"change":-0.0032340413},"XLM-USD+":{"current":0.1103292322,"target":0.12019968,"change":0.0098704478},"XRP-USD+":{"current":0.076603164,"target":0.0761136633,"change":-0.0004895007},"cash":{"current":0.0,"target":0.0,"change":0.0}}