{"D":0.0108397677,"MTD":0.0428710415,"M":0.1146646719,"YTD":0.0590186394,"Y":-0.3874980845,"Start (yearly)":5.0265559412}