{"D":0.0034420857,"MTD":0.5679786498,"M":0.5953318365,"YTD":1.0964663356,"Y":0.2248412662,"Start (yearly)":5.2376173445}