{"D":0.0535835714,"MTD":0.54112967,"M":0.54112967,"YTD":1.0605678989,"Y":0.1970566069,"Start (yearly)":5.2149269553}