{"BCH-USD+":{"current":0.0780532999,"target":0.0786802936,"change":0.0006269937},"BTC-USD":{"current":0.0940008344,"target":0.0975859685,"change":0.0035851341},"EOS-USD+":{"current":0.174699932,"target":0.194442178,"change":0.019742246},"ETH-USD+":{"current":0.1278329994,"target":0.125620402,"change":-0.0022125974},"LTC-USD+":{"current":0.1759986788,"target":0.190399156,"change":0.0144004772},"XLM-USD+":{"current":0.0595975101,"target":0.0669839566,"change":0.0073864465},"XRP-USD+":{"current":0.0565210116,"target":0.0834824635,"change":0.0269614519},"cash":{"current":0.2332957339,"target":0.162805582,"change":-0.0704901519}}