{"D":-0.0107840596,"MTD":0.0438030161,"M":-0.0072573761,"YTD":-0.0593540472,"Y":-0.4899677915,"Start (yearly)":5.0296564117}