{"BCH-USD+":{"current":0.0317013609,"target":0.0208562772,"change":-0.0108450837},"BTC-USD":{"current":0.0544486074,"target":0.0251206698,"change":-0.0293279376},"EOS-USD+":{"current":0.0100555388,"target":0.0085704088,"change":-0.00148513},"ETH-USD+":{"current":0.0486556601,"target":0.022541761,"change":-0.0261138991},"LTC-USD+":{"current":0.0318188006,"target":0.0191435616,"change":-0.012675239},"XLM-USD+":{"current":0.010949236,"target":0.0102844821,"change":-0.0006647539},"XRP-USD+":{"current":0.0253788553,"target":0.0192856745,"change":-0.0060931808},"cash":{"current":0.7869919409,"target":0.874197165,"change":0.0872052241}}