{"BCH-USD+":{"current":0.1167971437,"target":0.123982724,"change":0.0071855803},"BTC-USD":{"current":0.1233736183,"target":0.156856476,"change":0.0334828577},"EOS-USD+":{"current":0.1023960466,"target":0.0844188519,"change":-0.0179771947},"ETH-USD+":{"current":0.2512059523,"target":0.260354192,"change":0.0091482397},"LTC-USD+":{"current":0.1115096705,"target":0.113465527,"change":0.0019558565},"XLM-USD+":{"current":0.1042852288,"target":0.0633738538,"change":-0.040911375},"XRP-USD+":{"current":0.1904323398,"target":0.132113669,"change":-0.0583186708},"cash":{"current":0.0,"target":0.0654347068,"change":0.0654347068}}