{"BCH-USD+":{"current":0.0888590781,"target":0.0904159038,"change":0.0015568257},"BTC-USD":{"current":0.0819875623,"target":0.0845277386,"change":0.0025401763},"EOS-USD+":{"current":0.2188329958,"target":0.221008407,"change":0.0021754112},"ETH-USD+":{"current":0.1337927549,"target":0.136584475,"change":0.0027917201},"LTC-USD+":{"current":0.1961047841,"target":0.19571409,"change":-0.0003906941},"XLM-USD+":{"current":0.1924515444,"target":0.182822838,"change":-0.0096287064},"XRP-USD+":{"current":0.0879712804,"target":0.0889265485,"change":0.0009552681},"cash":{"current":0.0,"target":0.0,"change":0.0}}