{"D":0.0553365007,"MTD":0.2289144058,"M":0.184518256,"YTD":0.1074631366,"Y":-0.3972708033,"Start (yearly)":5.1242573402}