{"D":-0.0270304437,"MTD":-0.0386912434,"M":-0.109466872,"YTD":0.3715307708,"Y":0.1580159446,"Start (yearly)":4.499736036}