{"D":0.0253265923,"MTD":0.0830510198,"M":0.1585253557,"YTD":0.0998207561,"Y":-0.3462822958,"Start (yearly)":5.0391969392}