{"BCH-USD+":{"current":0.1176209605,"target":0.10888099,"change":-0.0087399705},"BTC-USD":{"current":0.1103407418,"target":0.1030932,"change":-0.0072475418},"EOS-USD+":{"current":0.2014799202,"target":0.202378459,"change":0.0008985388},"ETH-USD+":{"current":0.1828746849,"target":0.180926306,"change":-0.0019483789},"LTC-USD+":{"current":0.1025669422,"target":0.0984594092,"change":-0.004107533},"XLM-USD+":{"current":0.158868294,"target":0.159499171,"change":0.000630877},"XRP-USD+":{"current":0.1262484564,"target":0.146762465,"change":0.0205140086},"cash":{"current":0.0,"target":0.0,"change":0.0}}