{"D":-0.0017412236,"MTD":-0.0848566365,"M":0.3397838483,"YTD":0.8857150377,"Y":0.1869546181,"Start (yearly)":5.115336586}