{"BCH-USD+":{"current":0.0372191698,"target":0.0314730068,"change":-0.005746163},"BTC-USD":{"current":0.0439348927,"target":0.0373078919,"change":-0.0066270008},"EOS-USD+":{"current":0.0298790657,"target":0.0289299696,"change":-0.0009490961},"ETH-USD+":{"current":0.0423947137,"target":0.0365799063,"change":-0.0058148074},"LTC-USD+":{"current":0.0409574587,"target":0.0318717675,"change":-0.0090856912},"XLM-USD+":{"current":0.036751195,"target":0.0302874179,"change":-0.0064637771},"XRP-USD+":{"current":0.0380969082,"target":0.0285339731,"change":-0.0095629351},"cash":{"current":0.7307665961,"target":0.775016067,"change":0.0442494709}}