{"BCH-USD+":{"current":0.0575652444,"target":0.0552813075,"change":-0.0022839369},"BTC-USD":{"current":0.0665238853,"target":0.0616342772,"change":-0.0048896081},"EOS-USD+":{"current":0.0674831413,"target":0.0544371999,"change":-0.0130459414},"ETH-USD+":{"current":0.0426267445,"target":0.0422633418,"change":-0.0003634027},"LTC-USD+":{"current":0.0460829939,"target":0.047771394,"change":0.0016884001},"XLM-USD+":{"current":0.0278773424,"target":0.0267914247,"change":-0.0010859177},"XRP-USD+":{"current":0.0413925699,"target":0.0293206476,"change":-0.0120719223},"cash":{"current":0.6504480782,"target":0.682500407,"change":0.0320523288}}