{"BCH-USD+":{"current":0.0119271788,"target":0.009406687,"change":-0.0025204918},"BTC-USD":{"current":0.0280206618,"target":0.0238134712,"change":-0.0042071906},"EOS-USD+":{"current":0.0443036134,"target":0.0440407524,"change":-0.000262861},"ETH-USD+":{"current":0.0233941111,"target":0.0165830772,"change":-0.0068110339},"LTC-USD+":{"current":0.035039464,"target":0.0204234635,"change":-0.0146160005},"XLM-USD+":{"current":0.0146395073,"target":0.0069966656,"change":-0.0076428416},"XRP-USD+":{"current":0.0150349868,"target":0.0178090027,"change":0.0027740159},"cash":{"current":0.8276404767,"target":0.86092688,"change":0.0332864033}}