{"D":-0.062726845,"MTD":0.4630926342,"M":0.4630926342,"YTD":0.9562284562,"Y":0.1363849211,"Start (yearly)":5.1820816093}