{"D":-0.0016021916,"MTD":0.006122319,"M":-0.0840298103,"YTD":0.4354677518,"Y":0.104106392,"Start (yearly)":4.5691002063}