{"BCH-USD+":{"current":0.1208358028,"target":0.11730141,"change":-0.0035343928},"BTC-USD":{"current":0.1897638275,"target":0.200137972,"change":0.0103741445},"EOS-USD+":{"current":0.149678908,"target":0.133073712,"change":-0.016605196},"ETH-USD+":{"current":0.2284100609,"target":0.190642756,"change":-0.0377673049},"LTC-USD+":{"current":0.0809593482,"target":0.0749757396,"change":-0.0059836086},"XLM-USD+":{"current":0.0610673273,"target":0.0508973772,"change":-0.0101699501},"XRP-USD+":{"current":0.0618783983,"target":0.0543663107,"change":-0.0075120876},"cash":{"current":0.107406327,"target":0.178604723,"change":0.071198396}}