{"D":0.00621757,"MTD":-0.1752327365,"M":-0.1387496678,"YTD":0.6951412416,"Y":0.0893696761,"Start (yearly)":4.9213709961}