{"D":0.0363090462,"MTD":0.0788494455,"M":0.0838018097,"YTD":0.0788494455,"Y":-0.4456809324,"Start (yearly)":5.2833901371}