{"BCH-USD+":{"current":0.0747984328,"target":0.0635577891,"change":-0.0112406437},"BTC-USD":{"current":0.0982224045,"target":0.095570515,"change":-0.0026518895},"EOS-USD+":{"current":0.2009796528,"target":0.144519076,"change":-0.0564605768},"ETH-USD+":{"current":0.1231385261,"target":0.0860813343,"change":-0.0370571918},"LTC-USD+":{"current":0.2008663228,"target":0.202903022,"change":0.0020366992},"XLM-USD+":{"current":0.0722605331,"target":0.0727441963,"change":0.0004836632},"XRP-USD+":{"current":0.082538407,"target":0.0698235121,"change":-0.0127148949},"cash":{"current":0.1471957208,"target":0.264800555,"change":0.1176048342}}