{"BCH-USD+":{"current":0.0790729169,"target":0.077566958,"change":-0.0015059589},"BTC-USD":{"current":0.0782312902,"target":0.0836307657,"change":0.0053994755},"EOS-USD+":{"current":0.2365918909,"target":0.24472001,"change":0.0081281191},"ETH-USD+":{"current":0.1441029759,"target":0.137200499,"change":-0.0069024769},"LTC-USD+":{"current":0.2184839363,"target":0.211235697,"change":-0.0072482393},"XLM-USD+":{"current":0.074321639,"target":0.0831051021,"change":0.0087834631},"XRP-USD+":{"current":0.0857780875,"target":0.0805933898,"change":-0.0051846977},"cash":{"current":0.0834172632,"target":0.0819475777,"change":-0.0014696855}}