{"D":-0.0024185968,"MTD":0.0035527673,"M":-0.0532839894,"YTD":0.5747687793,"Y":0.2758863803,"Start (yearly)":4.7043923564}