{"D":0.0004501574,"MTD":0.3968972333,"M":0.2484253705,"YTD":0.8677218751,"Y":0.045978101,"Start (yearly)":5.1810938839}