{"D":-0.049874642,"MTD":-0.0843578481,"M":-0.0037523144,"YTD":0.8819160785,"Y":0.2678237707,"Start (yearly)":5.0167979717}