{"D":0.0145963373,"MTD":0.019305259,"M":-0.0086032269,"YTD":0.5994874915,"Y":0.2876650015,"Start (yearly)":4.6992503488}