{"D":0.0005627842,"MTD":0.0088090419,"M":-0.1349902265,"YTD":-0.0908896336,"Y":-0.4898637384,"Start (yearly)":5.0368334569}