{"D":0.0028640496,"MTD":0.164476359,"M":0.1224081184,"YTD":0.0493933792,"Y":-0.4348837579,"Start (yearly)":5.0894889662}