{"D":0.0017912655,"MTD":-0.0957158135,"M":-0.1119923608,"YTD":0.4189971378,"Y":0.0447397824,"Start (yearly)":4.5934976873}