{"BCH-USD+":{"current":0.0113102804,"target":0.0089828792,"change":-0.0023274012},"BTC-USD":{"current":0.0585653354,"target":0.0511391454,"change":-0.00742619},"EOS-USD+":{"current":0.0095881054,"target":0.0099090201,"change":0.0003209147},"ETH-USD+":{"current":0.0335640336,"target":0.0295140371,"change":-0.0040499965},"LTC-USD+":{"current":0.0574450933,"target":0.0537480072,"change":-0.0036970861},"XLM-USD+":{"current":0.0338926971,"target":0.0322914583,"change":-0.0016012388},"XRP-USD+":{"current":0.0242909606,"target":0.0282927365,"change":0.0040017759},"cash":{"current":0.7713434943,"target":0.786122716,"change":0.0147792217}}