{"BCH-USD+":{"current":0.0734488649,"target":0.075511672,"change":0.0020628071},"BTC-USD":{"current":0.2227017255,"target":0.227415114,"change":0.0047133885},"EOS-USD+":{"current":0.0798169025,"target":0.0805552442,"change":0.0007383417},"ETH-USD+":{"current":0.1613983258,"target":0.163168811,"change":0.0017704852},"LTC-USD+":{"current":0.0854087071,"target":0.0773838622,"change":-0.0080248449},"XLM-USD+":{"current":0.2477797978,"target":0.246560531,"change":-0.0012192668},"XRP-USD+":{"current":0.1294456764,"target":0.129404766,"change":-0.0000409104},"cash":{"current":0.0,"target":0.0,"change":0.0}}