{"D":0.2135435584,"MTD":0.208789058,"M":0.3870575635,"YTD":0.4176226238,"Y":-0.1216498139,"Start (yearly)":5.1549283429}