{"D":0.0345141046,"MTD":0.0580883629,"M":0.1780224909,"YTD":1.1802629148,"Y":0.427888906,"Start (yearly)":5.1708375512}