{"D":0.1185329469,"MTD":0.0853546538,"M":0.0321288535,"YTD":-0.3366442533,"Y":-0.285543721,"Start (yearly)":5.3334630558}