{"D":-0.032886512,"MTD":0.0496611249,"M":-0.0082362461,"YTD":-0.35845971,"Y":-0.3373870412,"Start (yearly)":5.3045898604}