{"D":0.0043576841,"MTD":0.0043576841,"M":-0.1305902686,"YTD":-0.0949010722,"Y":-0.5205305321,"Start (yearly)":5.0476360379}