{"BCH-USD+":{"current":0.0524005639,"target":0.049530651,"change":-0.0028699129},"BTC-USD":{"current":0.0629325903,"target":0.0610161572,"change":-0.0019164331},"EOS-USD+":{"current":0.0388673897,"target":0.0233387819,"change":-0.0155286078},"ETH-USD+":{"current":0.0327445109,"target":0.019364359,"change":-0.0133801519},"LTC-USD+":{"current":0.0231214195,"target":0.0185134424,"change":-0.0046079771},"XLM-USD+":{"current":0.0241000665,"target":0.0297980847,"change":0.0056980182},"XRP-USD+":{"current":0.0398984779,"target":0.0357502971,"change":-0.0041481808},"cash":{"current":0.7259349814,"target":0.762688226,"change":0.0367532446}}