{"BCH-USD+":{"current":0.0968999851,"target":0.0977074875,"change":0.0008075024},"BTC-USD":{"current":0.1063847027,"target":0.12621766,"change":0.0198329573},"EOS-USD+":{"current":0.0612106861,"target":0.0548983974,"change":-0.0063122887},"ETH-USD+":{"current":0.1962636163,"target":0.189520976,"change":-0.0067426403},"LTC-USD+":{"current":0.110687706,"target":0.103492629,"change":-0.007195077},"XLM-USD+":{"current":0.0350914741,"target":0.0285597055,"change":-0.0065317686},"XRP-USD+":{"current":0.0935111193,"target":0.0835354967,"change":-0.0099756226},"cash":{"current":0.2999507104,"target":0.316067648,"change":0.0161169376}}