{"D":-0.0274779235,"MTD":-0.0442213391,"M":-0.0988828188,"YTD":0.6153515436,"Y":0.1809547391,"Start (yearly)":4.8052215293}