{"BCH-USD+":{"current":0.0348132888,"target":0.0666300381,"change":0.0318167493},"BTC-USD":{"current":0.0278529758,"target":0.0734374414,"change":0.0455844656},"EOS-USD+":{"current":0.0341154881,"target":0.0553797772,"change":0.0212642891},"ETH-USD+":{"current":0.0206867074,"target":0.0605178312,"change":0.0398311238},"LTC-USD+":{"current":0.0283262289,"target":0.0685897451,"change":0.0402635162},"XLM-USD+":{"current":0.0543006053,"target":0.068813081,"change":0.0145124757},"XRP-USD+":{"current":0.0976591792,"target":0.109824461,"change":0.0121652818},"cash":{"current":0.7022455266,"target":0.496807625,"change":-0.2054379016}}