{"BCH-USD+":{"current":0.0286052767,"target":0.0400797657,"change":0.011474489},"BTC-USD":{"current":0.0316148586,"target":0.0362681511,"change":0.0046532925},"EOS-USD+":{"current":0.0491845969,"target":0.0556818982,"change":0.0064973013},"ETH-USD+":{"current":0.0462056833,"target":0.0468728407,"change":0.0006671574},"LTC-USD+":{"current":0.0816104381,"target":0.087840204,"change":0.0062297659},"XLM-USD+":{"current":0.0129603344,"target":0.0102159289,"change":-0.0027444055},"XRP-USD+":{"current":0.0265947802,"target":0.0330619071,"change":0.0064671269},"cash":{"current":0.7232240319,"target":0.689979304,"change":-0.0332447279}}