{"BCH-USD+":{"current":0.1350928265,"target":0.125578108,"change":-0.0095147185},"BTC-USD":{"current":0.1536927285,"target":0.169378307,"change":0.0156855785},"EOS-USD+":{"current":0.179301114,"target":0.157739639,"change":-0.021561475},"ETH-USD+":{"current":0.1996632751,"target":0.190088383,"change":-0.0095748921},"LTC-USD+":{"current":0.0921269773,"target":0.0837045,"change":-0.0084224773},"XLM-USD+":{"current":0.141699861,"target":0.0953306067,"change":-0.0463692543},"XRP-USD+":{"current":0.0984232177,"target":0.0500567802,"change":-0.0483664375},"cash":{"current":0.0,"target":0.128123677,"change":0.128123677}}