{"BCH-USD+":{"current":0.0515224369,"target":0.0491297881,"change":-0.0023926488},"BTC-USD":{"current":0.0430327117,"target":0.0500224025,"change":0.0069896908},"EOS-USD+":{"current":0.0351263911,"target":0.0387109172,"change":0.0035845261},"ETH-USD+":{"current":0.0348737837,"target":0.0352213427,"change":0.000347559},"LTC-USD+":{"current":0.0471188531,"target":0.0556321492,"change":0.0085132961},"XLM-USD+":{"current":0.0329841331,"target":0.0323326808,"change":-0.0006514523},"XRP-USD+":{"current":0.0364405218,"target":0.0291979428,"change":-0.007242579},"cash":{"current":0.7189011687,"target":0.709752777,"change":-0.0091483917}}