{"BCH-USD+":{"current":0.1430250165,"target":0.136091523,"change":-0.0069334935},"BTC-USD":{"current":0.108116847,"target":0.107209353,"change":-0.000907494},"EOS-USD+":{"current":0.1961762121,"target":0.192547823,"change":-0.0036283891},"ETH-USD+":{"current":0.2025684975,"target":0.195271522,"change":-0.0072969755},"LTC-USD+":{"current":0.0915970514,"target":0.0956770547,"change":0.0040800033},"XLM-USD+":{"current":0.1291773125,"target":0.155029383,"change":0.0258520705},"XRP-USD+":{"current":0.0967222501,"target":0.118173341,"change":0.0214510909},"cash":{"current":0.0326168129,"target":0.0,"change":-0.0326168129}}