{"BCH-USD+":{"current":0.0633147346,"target":0.0521375299,"change":-0.0111772047},"BTC-USD":{"current":0.0583785581,"target":0.0489599755,"change":-0.0094185826},"EOS-USD+":{"current":0.0694470394,"target":0.0606541918,"change":-0.0087928476},"ETH-USD+":{"current":0.0863077835,"target":0.073656668,"change":-0.0126511155},"LTC-USD+":{"current":0.0957313207,"target":0.073620501,"change":-0.0221108197},"XLM-USD+":{"current":0.0442788221,"target":0.0491983935,"change":0.0049195714},"XRP-USD+":{"current":0.0561973904,"target":0.0489530167,"change":-0.0072443737},"cash":{"current":0.5263443512,"target":0.592819723,"change":0.0664753718}}