{"BCH-USD+":{"current":0.1124319132,"target":0.115538885,"change":0.0031069718},"BTC-USD":{"current":0.1036709604,"target":0.098839807,"change":-0.0048311534},"EOS-USD+":{"current":0.2010458068,"target":0.1970791,"change":-0.0039667068},"ETH-USD+":{"current":0.1810102272,"target":0.179958545,"change":-0.0010516822},"LTC-USD+":{"current":0.0990866481,"target":0.0961080306,"change":-0.0029786175},"XLM-USD+":{"current":0.1578766538,"target":0.162938398,"change":0.0050617442},"XRP-USD+":{"current":0.1448777905,"target":0.149537235,"change":0.0046594445},"cash":{"current":0.0,"target":0.0,"change":0.0}}