{"BCH-USD+":{"current":0.058042635,"target":0.0715252968,"change":0.0134826618},"BTC-USD":{"current":0.0625692958,"target":0.0659774941,"change":0.0034081983},"EOS-USD+":{"current":0.0838512045,"target":0.0899742165,"change":0.006123012},"ETH-USD+":{"current":0.0581662731,"target":0.0654710727,"change":0.0073047996},"LTC-USD+":{"current":0.0522953277,"target":0.0604817084,"change":0.0081863807},"XLM-USD+":{"current":0.0219328788,"target":0.0606464355,"change":0.0387135567},"XRP-USD+":{"current":0.0352947349,"target":0.079849086,"change":0.0445543511},"cash":{"current":0.6278476503,"target":0.50607469,"change":-0.1217729603}}