{"BCH-USD+":{"current":0.0537315876,"target":0.0576230587,"change":0.0038914711},"BTC-USD":{"current":0.0798416682,"target":0.067251872,"change":-0.0125897962},"EOS-USD+":{"current":0.034529436,"target":0.0692427619,"change":0.0347133259},"ETH-USD+":{"current":0.0289367476,"target":0.0429270377,"change":0.0139902901},"LTC-USD+":{"current":0.0309866338,"target":0.0458493782,"change":0.0148627444},"XLM-USD+":{"current":0.0207847364,"target":0.0276755792,"change":0.0068908428},"XRP-USD+":{"current":0.0205937778,"target":0.0412184622,"change":0.0206246844},"cash":{"current":0.7305954126,"target":0.64821185,"change":-0.0823835626}}