{"BCH-USD+":{"current":0.1027991751,"target":0.105599849,"change":0.0028006739},"BTC-USD":{"current":0.087553874,"target":0.0878250063,"change":0.0002711323},"EOS-USD+":{"current":0.2669956877,"target":0.278656688,"change":0.0116610003},"ETH-USD+":{"current":0.1273841788,"target":0.120952371,"change":-0.0064318078},"LTC-USD+":{"current":0.1905467815,"target":0.184846025,"change":-0.0057007565},"XLM-USD+":{"current":0.1426054083,"target":0.136657672,"change":-0.0059477363},"XRP-USD+":{"current":0.0814893034,"target":0.0738068604,"change":-0.007682443},"cash":{"current":0.0006255912,"target":0.0116555273,"change":0.0110299361}}