{"BCH-USD+":{"current":0.226942551,"target":0.190183239,"change":-0.036759312},"BTC-USD":{"current":0.0911161655,"target":0.0835725446,"change":-0.0075436209},"EOS-USD+":{"current":0.129779187,"target":0.166666667,"change":0.03688748},"ETH-USD+":{"current":0.1401578257,"target":0.198854167,"change":0.0586963413},"LTC-USD+":{"current":0.1038531184,"target":0.101244216,"change":-0.0026089024},"XLM-USD+":{"current":0.0709915677,"target":0.0972872265,"change":0.0262956588},"XRP-USD+":{"current":0.0565009493,"target":0.0977083333,"change":0.041207384},"cash":{"current":0.1806586355,"target":0.0644836068,"change":-0.1161750287}}