{"BCH-USD+":{"current":0.1444069861,"target":0.136321883,"change":-0.0080851031},"BTC-USD":{"current":0.1222219515,"target":0.121215735,"change":-0.0010062165},"EOS-USD+":{"current":0.2090243369,"target":0.192040863,"change":-0.0169834739},"ETH-USD+":{"current":0.1673535052,"target":0.175048632,"change":0.0076951268},"LTC-USD+":{"current":0.1006208882,"target":0.0986596685,"change":-0.0019612197},"XLM-USD+":{"current":0.1601215797,"target":0.16160052,"change":0.0014789403},"XRP-USD+":{"current":0.0962507525,"target":0.115112699,"change":0.0188619465},"cash":{"current":0.0,"target":0.0,"change":0.0}}