{"D":0.0844130033,"MTD":0.3207638972,"M":0.2256993435,"YTD":0.7659277747,"Y":-0.0721472374,"Start (yearly)":5.1662982478}