{"BCH-USD+":{"current":0.0588211657,"target":0.0588890495,"change":0.0000678838},"BTC-USD":{"current":0.0925002271,"target":0.091102829,"change":-0.0013973981},"EOS-USD+":{"current":0.1749332748,"target":0.178429237,"change":0.0034959622},"ETH-USD+":{"current":0.1018215217,"target":0.101111665,"change":-0.0007098567},"LTC-USD+":{"current":0.2417620812,"target":0.238284749,"change":-0.0034773322},"XLM-USD+":{"current":0.1589705036,"target":0.197742299,"change":0.0387717954},"XRP-USD+":{"current":0.0811258472,"target":0.0904285851,"change":0.0093027379},"cash":{"current":0.0900653789,"target":0.0440115861,"change":-0.0460537928}}