{"D":-0.0122961308,"MTD":-0.0661398322,"M":-0.065017907,"YTD":0.578307327,"Y":0.1583082721,"Start (yearly)":4.7477587231}