{"D":0.0160851877,"MTD":0.1548806889,"M":0.1548806889,"YTD":0.1727626209,"Y":-0.2672925991,"Start (yearly)":5.0359237646}