{"D":0.1248988003,"MTD":0.5571160852,"M":0.5842797758,"YTD":1.0819425403,"Y":0.2119231532,"Start (yearly)":5.2362508348}