{"D":0.0001462147,"MTD":0.5680788395,"M":0.6412052433,"YTD":1.0966002943,"Y":0.2315564972,"Start (yearly)":5.2341346955}