{"D":-0.0017253145,"MTD":0.0573066571,"M":0.1291168211,"YTD":0.0736777731,"Y":-0.374180989,"Start (yearly)":5.0292824055}