{"D":0.0031041234,"MTD":0.0703519704,"M":0.1916761761,"YTD":1.2055329107,"Y":0.4574881696,"Start (yearly)":5.1719140603}