{"BCH-USD+":{"current":0.0915953727,"target":0.0898555076,"change":-0.0017398651},"BTC-USD":{"current":0.0824909239,"target":0.08179566,"change":-0.0006952639},"EOS-USD+":{"current":0.2219363173,"target":0.218686317,"change":-0.0032500003},"ETH-USD+":{"current":0.1352811339,"target":0.13357553,"change":-0.0017056039},"LTC-USD+":{"current":0.2006908392,"target":0.194890965,"change":-0.0057998742},"XLM-USD+":{"current":0.1740062932,"target":0.19264704,"change":0.0186407468},"XRP-USD+":{"current":0.0904882961,"target":0.0885489802,"change":-0.0019393159},"cash":{"current":0.0035108236,"target":0.0,"change":-0.0035108236}}