{"BCH-USD+":{"current":0.1166467966,"target":0.116340732,"change":-0.0003060646},"BTC-USD":{"current":0.2067803016,"target":0.20175976,"change":-0.0050205416},"EOS-USD+":{"current":0.1295253322,"target":0.129189532,"change":-0.0003358002},"ETH-USD+":{"current":0.1903193098,"target":0.204082428,"change":0.0137631182},"LTC-USD+":{"current":0.0766370885,"target":0.0847180482,"change":0.0080809597},"XLM-USD+":{"current":0.0441135982,"target":0.0504026261,"change":0.0062890279},"XRP-USD+":{"current":0.049175392,"target":0.0540135365,"change":0.0048381445},"cash":{"current":0.186802181,"target":0.159493338,"change":-0.027308843}}