{"D":-0.008613191,"MTD":-0.009041971,"M":-0.1516241747,"YTD":0.4138323614,"Y":0.197702451,"Start (yearly)":4.5317699807}