{"BCH-USD+":{"current":0.0619783001,"target":0.0571695309,"change":-0.0048087692},"BTC-USD":{"current":0.084435621,"target":0.0865642305,"change":0.0021286095},"EOS-USD+":{"current":0.2251366208,"target":0.224882104,"change":-0.0002545168},"ETH-USD+":{"current":0.1264668452,"target":0.123046562,"change":-0.0034202832},"LTC-USD+":{"current":0.2478470058,"target":0.250643916,"change":0.0027969102},"XLM-USD+":{"current":0.0718090263,"target":0.07356347,"change":0.0017544437},"XRP-USD+":{"current":0.0786599738,"target":0.0806271777,"change":0.0019672039},"cash":{"current":0.1036666071,"target":0.103503008,"change":-0.0001635991}}