{"D":0.0492557069,"MTD":0.0528601287,"M":0.1483262542,"YTD":0.5030006072,"Y":0.3360934179,"Start (yearly)":4.1536228176}