{"BCH-USD+":{"current":0.0535651967,"target":0.0266126815,"change":-0.0269525152},"BTC-USD":{"current":0.0787836736,"target":0.0442980954,"change":-0.0344855782},"EOS-USD+":{"current":0.0229210207,"target":0.0119611265,"change":-0.0109598942},"ETH-USD+":{"current":0.1033113094,"target":0.0508599581,"change":-0.0524513513},"LTC-USD+":{"current":0.0652441447,"target":0.0314074921,"change":-0.0338366526},"XLM-USD+":{"current":0.0367168198,"target":0.0143964399,"change":-0.0223203799},"XRP-USD+":{"current":0.0477391463,"target":0.0224448433,"change":-0.025294303},"cash":{"current":0.5917186887,"target":0.798019363,"change":0.2063006743}}