{"D":0.0239769427,"MTD":0.3402483461,"M":0.2446234491,"YTD":0.7919794631,"Y":0.0247346399,"Start (yearly)":5.1452905626}