{"BCH-USD+":{"current":0.0488983218,"target":0.0519234201,"change":0.0030250983},"BTC-USD":{"current":0.0505577828,"target":0.0563220017,"change":0.0057642189},"EOS-USD+":{"current":0.0386179219,"target":0.0398813188,"change":0.0012633969},"ETH-USD+":{"current":0.0355743539,"target":0.0400482689,"change":0.004473915},"LTC-USD+":{"current":0.0546074322,"target":0.0571001139,"change":0.0024926817},"XLM-USD+":{"current":0.0323903867,"target":0.0345032375,"change":0.0021128508},"XRP-USD+":{"current":0.0291548805,"target":0.0340285723,"change":0.0048736918},"cash":{"current":0.7101989203,"target":0.686193067,"change":-0.0240058533}}