{"BCH-USD+":{"current":0.057693801,"target":0.0566799669,"change":-0.0010138341},"BTC-USD":{"current":0.0580149677,"target":0.0542009689,"change":-0.0038139988},"EOS-USD+":{"current":0.079048248,"target":0.0768079935,"change":-0.0022402545},"ETH-USD+":{"current":0.0739226106,"target":0.069398417,"change":-0.0045241936},"LTC-USD+":{"current":0.0931642503,"target":0.102046691,"change":0.0088824407},"XLM-USD+":{"current":0.0291099475,"target":0.0290786577,"change":-0.0000312898},"XRP-USD+":{"current":0.0461754417,"target":0.0449433956,"change":-0.0012320461},"cash":{"current":0.5628707331,"target":0.566843909,"change":0.0039731759}}