{"D":0.0095675342,"MTD":-0.1782996418,"M":-0.1782996418,"YTD":0.688837842,"Y":0.1234141679,"Start (yearly)":4.8775907518}