{"D":-0.0135330327,"MTD":0.1242304284,"M":0.0882033944,"YTD":0.0131248772,"Y":-0.4399722038,"Start (yearly)":5.0403126054}