{"D":0.0330341991,"MTD":-0.0045823256,"M":-0.0023182832,"YTD":0.4201950838,"Y":0.2052949122,"Start (yearly)":4.5149087248}