{"BCH-USD+":{"current":0.1109913736,"target":0.0805584882,"change":-0.0304328854},"BTC-USD":{"current":0.094317544,"target":0.0813716915,"change":-0.0129458525},"EOS-USD+":{"current":0.143710643,"target":0.10369285,"change":-0.040017793},"ETH-USD+":{"current":0.200452081,"target":0.127635671,"change":-0.07281641},"LTC-USD+":{"current":0.1620861063,"target":0.121491496,"change":-0.0405946103},"XLM-USD+":{"current":0.0892104349,"target":0.0702714616,"change":-0.0189389733},"XRP-USD+":{"current":0.0725753073,"target":0.0606346231,"change":-0.0119406842},"cash":{"current":0.12665651,"target":0.354343719,"change":0.227687209}}