{"BCH-USD+":{"current":0.0279949481,"target":0.0230269074,"change":-0.0049680407},"BTC-USD":{"current":0.0368865011,"target":0.0214367185,"change":-0.0154497826},"EOS-USD+":{"current":0.0399049729,"target":0.0105722163,"change":-0.0293327566},"ETH-USD+":{"current":0.0622540622,"target":0.0162586646,"change":-0.0459953976},"LTC-USD+":{"current":0.0318048718,"target":0.0134821509,"change":-0.0183227209},"XLM-USD+":{"current":0.0438488495,"target":0.014231688,"change":-0.0296171615},"XRP-USD+":{"current":0.0364807334,"target":0.0403632194,"change":0.003882486},"cash":{"current":0.720825061,"target":0.860628435,"change":0.139803374}}