{"BCH-USD+":{"current":0.1338718465,"target":0.133898568,"change":0.0000267215},"BTC-USD":{"current":0.0828854713,"target":0.0803652506,"change":-0.0025202207},"EOS-USD+":{"current":0.1334006425,"target":0.133451052,"change":0.0000504095},"ETH-USD+":{"current":0.194677786,"target":0.223334682,"change":0.028656896},"LTC-USD+":{"current":0.1059947503,"target":0.112434808,"change":0.0064400577},"XLM-USD+":{"current":0.0618448901,"target":0.0616985643,"change":-0.0001463258},"XRP-USD+":{"current":0.057403995,"target":0.0577125202,"change":0.0003085252},"cash":{"current":0.2299206183,"target":0.197104555,"change":-0.0328160633}}