{"BCH-USD+":{"current":0.0771415695,"target":0.0780660909,"change":0.0009245214},"BTC-USD":{"current":0.0945117088,"target":0.0936209638,"change":-0.000890745},"EOS-USD+":{"current":0.2335202572,"target":0.175938428,"change":-0.0575818292},"ETH-USD+":{"current":0.1447855576,"target":0.12845516,"change":-0.0163303976},"LTC-USD+":{"current":0.1976213869,"target":0.175981227,"change":-0.0216401599},"XLM-USD+":{"current":0.0849209042,"target":0.0600355192,"change":-0.024885385},"XRP-USD+":{"current":0.0779300047,"target":0.0572041951,"change":-0.0207258096},"cash":{"current":0.0895686111,"target":0.230698416,"change":0.1411298049}}