{"D":-0.0439743051,"MTD":-0.0439743051,"M":-0.0464200511,"YTD":0.9649162318,"Y":0.2961028451,"Start (yearly)":5.0758269769}