{"BCH-USD+":{"current":0.1258031505,"target":0.124216347,"change":-0.0015868035},"BTC-USD":{"current":0.171447539,"target":0.164860104,"change":-0.006587435},"EOS-USD+":{"current":0.1548763064,"target":0.11810884,"change":-0.0367674664},"ETH-USD+":{"current":0.1830262023,"target":0.127025645,"change":-0.0560005573},"LTC-USD+":{"current":0.0846279115,"target":0.0904655499,"change":0.0058376384},"XLM-USD+":{"current":0.0973410844,"target":0.0717401579,"change":-0.0256009265},"XRP-USD+":{"current":0.0646983035,"target":0.0367729013,"change":-0.0279254022},"cash":{"current":0.1181795024,"target":0.266810456,"change":0.1486309536}}