{"BCH-USD+":{"current":0.0302233675,"target":0.0259684554,"change":-0.0042549121},"BTC-USD":{"current":0.0293887943,"target":0.0264317249,"change":-0.0029570694},"EOS-USD+":{"current":0.034469937,"target":0.0265256154,"change":-0.0079443216},"ETH-USD+":{"current":0.044922222,"target":0.0288364351,"change":-0.0160857869},"LTC-USD+":{"current":0.0211508495,"target":0.0156379989,"change":-0.0055128506},"XLM-USD+":{"current":0.0457416591,"target":0.0336096605,"change":-0.0121319986},"XRP-USD+":{"current":0.0496990339,"target":0.0317225258,"change":-0.0179765081},"cash":{"current":0.7444041367,"target":0.811267584,"change":0.0668634473}}