{"D":-0.1233951971,"MTD":-0.0516454265,"M":-0.0646759712,"YTD":0.954148991,"Y":0.2900769603,"Start (yearly)":5.0855305304}