{"BCH-USD+":{"current":0.110933455,"target":0.106958573,"change":-0.003974882},"BTC-USD":{"current":0.1033854547,"target":0.103004309,"change":-0.0003811457},"EOS-USD+":{"current":0.1707383824,"target":0.142809458,"change":-0.0279289244},"ETH-USD+":{"current":0.2066834225,"target":0.205492773,"change":-0.0011906495},"LTC-USD+":{"current":0.1045274728,"target":0.108640203,"change":0.0041127302},"XLM-USD+":{"current":0.1476350308,"target":0.124800725,"change":-0.0228343058},"XRP-USD+":{"current":0.1560967817,"target":0.128181164,"change":-0.0279156177},"cash":{"current":0.0,"target":0.0801127957,"change":0.0801127957}}