{"BCH-USD+":{"current":0.0996304696,"target":0.105329811,"change":0.0056993414},"BTC-USD":{"current":0.0849309147,"target":0.101402911,"change":0.0164719963},"EOS-USD+":{"current":0.057962331,"target":0.0659222793,"change":0.0079599483},"ETH-USD+":{"current":0.1766499561,"target":0.179787819,"change":0.0031378629},"LTC-USD+":{"current":0.1231157626,"target":0.137433322,"change":0.0143175594},"XLM-USD+":{"current":0.0380196594,"target":0.037295382,"change":-0.0007242774},"XRP-USD+":{"current":0.0821192791,"target":0.0799038927,"change":-0.0022153864},"cash":{"current":0.3375716275,"target":0.292924585,"change":-0.0446470425}}