{"D":-0.0238697139,"MTD":-0.1900636143,"M":-0.1479444134,"YTD":0.6646593909,"Y":0.111963448,"Start (yearly)":4.9158371378}