{"BCH-USD+":{"current":0.0437784954,"target":0.0523133781,"change":0.0085348827},"BTC-USD":{"current":0.0334776788,"target":0.0431173605,"change":0.0096396817},"EOS-USD+":{"current":0.033843227,"target":0.0358946943,"change":0.0020514673},"ETH-USD+":{"current":0.0350558418,"target":0.0352679599,"change":0.0002121181},"LTC-USD+":{"current":0.0417910554,"target":0.0475004769,"change":0.0057094215},"XLM-USD+":{"current":0.0322783049,"target":0.0333232162,"change":0.0010449113},"XRP-USD+":{"current":0.0322822458,"target":0.0370026628,"change":0.004720417},"cash":{"current":0.7474931509,"target":0.715580251,"change":-0.0319128999}}