{"D":-0.0067709529,"MTD":-0.0104446341,"M":-0.1169282355,"YTD":0.4118311358,"Y":0.188881511,"Start (yearly)":4.5365298281}