{"D":-0.0793119284,"MTD":-0.0963684018,"M":-0.1188944295,"YTD":0.4179731004,"Y":0.083492165,"Start (yearly)":4.6016773265}