{"BCH-USD+":{"current":0.0266968011,"target":0.032153276,"change":0.0054564749},"BTC-USD":{"current":0.034050153,"target":0.039071514,"change":0.005021361},"EOS-USD+":{"current":0.016067389,"target":0.0242659019,"change":0.0081985129},"ETH-USD+":{"current":0.0419523481,"target":0.0427596341,"change":0.000807286},"LTC-USD+":{"current":0.0361422869,"target":0.0423522099,"change":0.006209923},"XLM-USD+":{"current":0.0265238525,"target":0.0327854476,"change":0.0062615951},"XRP-USD+":{"current":0.0283324274,"target":0.0284573116,"change":0.0001248842},"cash":{"current":0.7902347421,"target":0.758154705,"change":-0.0320800371}}