{"D":0.016410336,"MTD":-0.081369141,"M":0.3904000776,"YTD":0.892901259,"Y":0.0715414612,"Start (yearly)":5.1316265002}