{"D":0.0008256195,"MTD":-0.0107095663,"M":-0.1629778204,"YTD":-0.3953575524,"Y":0.6514665667,"Start (yearly)":5.3245369517}