{"D":0.0155944064,"MTD":0.0591339964,"M":0.1129361435,"YTD":0.0755334065,"Y":-0.3736233658,"Start (yearly)":5.0339184931}