{"D":0.0020058989,"MTD":0.0053422615,"M":-0.0528343686,"YTD":0.5775768425,"Y":0.2786736212,"Start (yearly)":4.7025312776}