{"D":-0.0011402943,"MTD":-0.1733581956,"M":-0.1485256613,"YTD":0.6989939791,"Y":0.0886223468,"Start (yearly)":4.9196610075}