{"BCH-USD+":{"current":0.0533403282,"target":0.0696061141,"change":0.0162657859},"BTC-USD":{"current":0.0519476516,"target":0.0583037556,"change":0.006356104},"EOS-USD+":{"current":0.0661047945,"target":0.0792602102,"change":0.0131554157},"ETH-USD+":{"current":0.0675842621,"target":0.0771166833,"change":0.0095324212},"LTC-USD+":{"current":0.0845103742,"target":0.0991689104,"change":0.0146585362},"XLM-USD+":{"current":0.0342387301,"target":0.043448453,"change":0.0092097229},"XRP-USD+":{"current":0.0444125809,"target":0.0460399177,"change":0.0016273368},"cash":{"current":0.5978612783,"target":0.527055956,"change":-0.0708053223}}