{"BCH-USD+":{"current":0.0543309281,"target":0.0547717758,"change":0.0004408477},"BTC-USD":{"current":0.0557546686,"target":0.0536951634,"change":-0.0020595052},"EOS-USD+":{"current":0.0783933793,"target":0.0690868537,"change":-0.0093065256},"ETH-USD+":{"current":0.0848595078,"target":0.075599755,"change":-0.0092597528},"LTC-USD+":{"current":0.0841611054,"target":0.0872916667,"change":0.0031305613},"XLM-USD+":{"current":0.0468215165,"target":0.0471207672,"change":0.0002992507},"XRP-USD+":{"current":0.0537941757,"target":0.0471875,"change":-0.0066066757},"cash":{"current":0.5418847185,"target":0.565246518,"change":0.0233617995}}