{"BCH-USD+":{"current":0.0220914298,"target":0.0555934884,"change":0.0335020586},"BTC-USD":{"current":0.0283975765,"target":0.0388534417,"change":0.0104558652},"EOS-USD+":{"current":0.024195993,"target":0.0308707226,"change":0.0066747296},"ETH-USD+":{"current":0.0442615832,"target":0.0449263317,"change":0.0006647485},"LTC-USD+":{"current":0.020392791,"target":0.0311710727,"change":0.0107782817},"XLM-USD+":{"current":0.0626652574,"target":0.0639139333,"change":0.0012486759},"XRP-USD+":{"current":0.0987693248,"target":0.103887463,"change":0.0051181382},"cash":{"current":0.6992260443,"target":0.630783547,"change":-0.0684424973}}