{"D":0.0016392772,"MTD":-0.0015508895,"M":-0.1649351222,"YTD":-0.1002257127,"Y":-0.4958579499,"Start (yearly)":5.0226205287}