{"D":-0.0626399767,"MTD":0.3088657471,"M":0.202392998,"YTD":0.7500193494,"Y":0.0269002844,"Start (yearly)":5.1322895057}