{"D":-0.0022579032,"MTD":-0.0422050172,"M":-0.2404372387,"YTD":-0.4146071942,"Y":0.4859766114,"Start (yearly)":5.288812231}