{"BCH-USD+":{"current":0.0105675562,"target":0.0267973929,"change":0.0162298367},"BTC-USD":{"current":0.0265848941,"target":0.0617065459,"change":0.0351216518},"EOS-USD+":{"current":0.0518734396,"target":0.112734365,"change":0.0608609254},"ETH-USD+":{"current":0.0245811122,"target":0.0561198386,"change":0.0315387264},"LTC-USD+":{"current":0.0781296284,"target":0.0888786572,"change":0.0107490288},"XLM-USD+":{"current":0.0170150521,"target":0.0446044798,"change":0.0275894277},"XRP-USD+":{"current":0.0168714843,"target":0.036254352,"change":0.0193828677},"cash":{"current":0.7743768331,"target":0.572904369,"change":-0.2014724641}}