{"BCH-USD+":{"current":0.1027355532,"target":0.103954597,"change":0.0012190438},"BTC-USD":{"current":0.0899804118,"target":0.0853276866,"change":-0.0046527252},"EOS-USD+":{"current":0.2107140767,"target":0.204341194,"change":-0.0063728827},"ETH-USD+":{"current":0.127973262,"target":0.120251395,"change":-0.007721867},"LTC-USD+":{"current":0.1940106454,"target":0.197020121,"change":0.0030094756},"XLM-USD+":{"current":0.1440387833,"target":0.116142588,"change":-0.0278961953},"XRP-USD+":{"current":0.0788798868,"target":0.0642034583,"change":-0.0146764285},"cash":{"current":0.0516673809,"target":0.108758959,"change":0.0570915781}}