{"D":0.0552144489,"MTD":0.29356813,"M":0.4405014999,"YTD":0.5167555679,"Y":-0.0328686096,"Start (yearly)":5.1961930365}