{"BCH-USD+":{"current":0.1367793962,"target":0.13719214,"change":0.0004127438},"BTC-USD":{"current":0.1105380059,"target":0.113667279,"change":0.0031292731},"EOS-USD+":{"current":0.1993872703,"target":0.189590781,"change":-0.0097964893},"ETH-USD+":{"current":0.1450057467,"target":0.155824259,"change":0.0108185123},"LTC-USD+":{"current":0.1411405943,"target":0.13683459,"change":-0.0043060043},"XLM-USD+":{"current":0.1701478829,"target":0.174625051,"change":0.0044771681},"XRP-USD+":{"current":0.0970011036,"target":0.0922659012,"change":-0.0047352024},"cash":{"current":0.0,"target":0.0,"change":0.0}}