{"BCH-USD+":{"current":0.0115034301,"target":0.0089828792,"change":-0.0025205508},"BTC-USD":{"current":0.0582318364,"target":0.0511391454,"change":-0.007092691},"EOS-USD+":{"current":0.0095414492,"target":0.0099090201,"change":0.0003675708},"ETH-USD+":{"current":0.033450039,"target":0.0295140371,"change":-0.0039360019},"LTC-USD+":{"current":0.0574422443,"target":0.0537480072,"change":-0.0036942371},"XLM-USD+":{"current":0.0339850978,"target":0.0322914583,"change":-0.0016936395},"XRP-USD+":{"current":0.0245406645,"target":0.0282927365,"change":0.003752072},"cash":{"current":0.7713052387,"target":0.786122716,"change":0.0148174773}}