{"BCH-USD+":{"current":0.0439377168,"target":0.0499561706,"change":0.0060184538},"BTC-USD":{"current":0.0514759161,"target":0.0599208779,"change":0.0084449618},"EOS-USD+":{"current":0.0143946343,"target":0.0133515483,"change":-0.001043086},"ETH-USD+":{"current":0.014128771,"target":0.0175998523,"change":0.0034710813},"LTC-USD+":{"current":0.0167066389,"target":0.0166705056,"change":-0.0000361333},"XLM-USD+":{"current":0.0169183788,"target":0.0110545812,"change":-0.0058637976},"XRP-USD+":{"current":0.0145128351,"target":0.0094853607,"change":-0.0050274743},"cash":{"current":0.827925109,"target":0.821961103,"change":-0.005964006}}