{"BCH-USD+":{"current":0.1216912261,"target":0.116487618,"change":-0.0052036081},"BTC-USD":{"current":0.0925065728,"target":0.0916531059,"change":-0.0008534669},"EOS-USD+":{"current":0.1391191325,"target":0.140215882,"change":0.0010967495},"ETH-USD+":{"current":0.2100441316,"target":0.203539642,"change":-0.0065044896},"LTC-USD+":{"current":0.1604052392,"target":0.165738837,"change":0.0053335978},"XLM-USD+":{"current":0.0834939718,"target":0.0871957089,"change":0.0037017371},"XRP-USD+":{"current":0.0670637822,"target":0.0686899195,"change":0.0016261373},"cash":{"current":0.1256759439,"target":0.126479286,"change":0.0008033421}}