{"BCH-USD+":{"current":0.0397484494,"target":0.0422271863,"change":0.0024787369},"BTC-USD":{"current":0.032173692,"target":0.033060681,"change":0.000886989},"EOS-USD+":{"current":0.030397075,"target":0.0337013847,"change":0.0033043097},"ETH-USD+":{"current":0.028811837,"target":0.0347549501,"change":0.0059431131},"LTC-USD+":{"current":0.0380431061,"target":0.0406226062,"change":0.0025795001},"XLM-USD+":{"current":0.0307430637,"target":0.0322085846,"change":0.0014655209},"XRP-USD+":{"current":0.0265057427,"target":0.0322639396,"change":0.0057581969},"cash":{"current":0.7735770341,"target":0.751160667,"change":-0.0224163671}}