{"D":-0.0423029478,"MTD":-0.0361236923,"M":0.0772637267,"YTD":-0.0211992324,"Y":-0.4595052831,"Start (yearly)":4.9956466388}