{"BCH-USD+":{"current":0.0871549167,"target":0.10058863,"change":0.0134337133},"BTC-USD":{"current":0.0570849736,"target":0.0855817492,"change":0.0284967756},"EOS-USD+":{"current":0.0582826072,"target":0.0585268527,"change":0.0002442455},"ETH-USD+":{"current":0.1426929881,"target":0.179163835,"change":0.0364708469},"LTC-USD+":{"current":0.1058619577,"target":0.1197888,"change":0.0139268423},"XLM-USD+":{"current":0.0339889158,"target":0.0386963507,"change":0.0047074349},"XRP-USD+":{"current":0.0771416579,"target":0.0837724417,"change":0.0066307838},"cash":{"current":0.4377919829,"target":0.333881341,"change":-0.1039106419}}