{"BCH-USD+":{"current":0.0634261245,"target":0.032468854,"change":-0.0309572705},"BTC-USD":{"current":0.0602378062,"target":0.0374872058,"change":-0.0227506004},"EOS-USD+":{"current":0.0639719594,"target":0.0539782566,"change":-0.0099937028},"ETH-USD+":{"current":0.0763254789,"target":0.0628563158,"change":-0.0134691631},"LTC-USD+":{"current":0.0633601752,"target":0.0320581124,"change":-0.0313020628},"XLM-USD+":{"current":0.0639374793,"target":0.0300843022,"change":-0.0338531771},"XRP-USD+":{"current":0.0715089531,"target":0.0352244082,"change":-0.0362845449},"cash":{"current":0.5372320236,"target":0.715842545,"change":0.1786105214}}