{"BCH-USD+":{"current":0.0108179135,"target":0.008928218,"change":-0.0018896955},"BTC-USD":{"current":0.0293418449,"target":0.0162423402,"change":-0.0130995047},"EOS-USD+":{"current":0.0528268753,"target":0.0292980233,"change":-0.023528852},"ETH-USD+":{"current":0.015664768,"target":0.0109153287,"change":-0.0047494393},"LTC-USD+":{"current":0.0149016326,"target":0.0152884964,"change":0.0003868638},"XLM-USD+":{"current":0.0213770974,"target":0.0064579204,"change":-0.014919177},"XRP-USD+":{"current":0.0150727936,"target":0.0133674527,"change":-0.0017053409},"cash":{"current":0.8399970745,"target":0.89950222,"change":0.0595051455}}