{"BCH-USD+":{"current":0.1101575975,"target":0.115304177,"change":0.0051465795},"BTC-USD":{"current":0.1025616053,"target":0.092984677,"change":-0.0095769283},"EOS-USD+":{"current":0.1432635968,"target":0.12027519,"change":-0.0229884068},"ETH-USD+":{"current":0.2053093777,"target":0.199888667,"change":-0.0054207107},"LTC-USD+":{"current":0.1084221662,"target":0.104018184,"change":-0.0044039822},"XLM-USD+":{"current":0.124794199,"target":0.122459205,"change":-0.002334994},"XRP-USD+":{"current":0.1270679794,"target":0.119048809,"change":-0.0080191704},"cash":{"current":0.0784234782,"target":0.12602109,"change":0.0475976118}}