{"D":-0.0118892546,"MTD":-0.0031849457,"M":-0.1452745479,"YTD":-0.1016982782,"Y":-0.4993867137,"Start (yearly)":5.0249291282}