{"D":0.0050480172,"MTD":-0.0911509714,"M":-0.0911509714,"YTD":0.4261602598,"Y":0.0682226983,"Start (yearly)":4.5879640884}