{"BCH-USD+":{"current":0.0666596924,"target":0.0618285086,"change":-0.0048311838},"BTC-USD":{"current":0.0934154937,"target":0.0930522108,"change":-0.0003632829},"EOS-USD+":{"current":0.0429177372,"target":0.0427162834,"change":-0.0002014538},"ETH-USD+":{"current":0.0496115898,"target":0.0486548887,"change":-0.0009567011},"LTC-USD+":{"current":0.0680996809,"target":0.0509511762,"change":-0.0171485047},"XLM-USD+":{"current":0.0326774002,"target":0.0188954473,"change":-0.0137819529},"XRP-USD+":{"current":0.0439274805,"target":0.0342273743,"change":-0.0097001062},"cash":{"current":0.6026909253,"target":0.649674111,"change":0.0469831857}}