{"BCH-USD+":{"current":0.1799933153,"target":0.185593392,"change":0.0056000767},"BTC-USD":{"current":0.0800620768,"target":0.0809289904,"change":0.0008669136},"EOS-USD+":{"current":0.1007738493,"target":0.104601058,"change":0.0038272087},"ETH-USD+":{"current":0.1294033723,"target":0.13408902,"change":0.0046856477},"LTC-USD+":{"current":0.1048002157,"target":0.100183306,"change":-0.0046169097},"XLM-USD+":{"current":0.068833003,"target":0.0671039441,"change":-0.0017290589},"XRP-USD+":{"current":0.0629421876,"target":0.0649497244,"change":0.0020075368},"cash":{"current":0.27319198,"target":0.262550564,"change":-0.010641416}}