{"BCH-USD+":{"current":0.0210393183,"target":0.0275829906,"change":0.0065436723},"BTC-USD":{"current":0.0251692913,"target":0.0336272502,"change":0.0084579589},"EOS-USD+":{"current":0.0087037835,"target":0.0160333445,"change":0.007329561},"ETH-USD+":{"current":0.022930081,"target":0.0425004399,"change":0.0195703589},"LTC-USD+":{"current":0.0196245029,"target":0.0362156412,"change":0.0165911383},"XLM-USD+":{"current":0.0113012657,"target":0.026770969,"change":0.0154697033},"XRP-USD+":{"current":0.0195326973,"target":0.0286200564,"change":0.0090873591},"cash":{"current":0.87169906,"target":0.788649308,"change":-0.083049752}}