{"D":0.014855794,"MTD":-0.1000690206,"M":0.3446306883,"YTD":0.8543688874,"Y":0.040413304,"Start (yearly)":5.1208651991}