{"D":-0.0157117242,"MTD":-0.0262530247,"M":-0.2043408758,"YTD":-0.4048575278,"Y":0.5250314092,"Start (yearly)":5.3087944001}