{"D":-0.0141561313,"MTD":-0.0400375148,"M":-0.2531425477,"YTD":-0.4132824428,"Y":0.4154536287,"Start (yearly)":5.2942868318}