{"D":0.0063543018,"MTD":0.1207547038,"M":0.1956830644,"YTD":0.3141255554,"Y":-0.3715831986,"Start (yearly)":5.0232322896}