{"D":-0.0075567849,"MTD":-0.0296623298,"M":-0.099616729,"YTD":-0.4069412541,"Y":-0.3625597584,"Start (yearly)":5.253503712}