{"D":-0.0109160933,"MTD":0.1365982921,"M":0.1365982921,"YTD":0.1541971433,"Y":-0.2789537204,"Start (yearly)":5.0282636615}