{"D":-0.0013401486,"MTD":0.1141425933,"M":0.0216084922,"YTD":0.1313937451,"Y":-0.3347499614,"Start (yearly)":5.0417656446}