{"BCH-USD+":{"current":0.1344732804,"target":0.118894157,"change":-0.0155791234},"BTC-USD":{"current":0.1080079178,"target":0.110780159,"change":0.0027722412},"EOS-USD+":{"current":0.1951147782,"target":0.196755785,"change":0.0016410068},"ETH-USD+":{"current":0.1926328818,"target":0.182368255,"change":-0.0102646268},"LTC-USD+":{"current":0.1005216307,"target":0.103555366,"change":0.0030337353},"XLM-USD+":{"current":0.1528558255,"target":0.161261864,"change":0.0084060385},"XRP-USD+":{"current":0.1163936857,"target":0.126384415,"change":0.0099907293},"cash":{"current":0.0,"target":0.0,"change":0.0}}