{"D":-0.0843121266,"MTD":0.222564189,"M":0.3534988257,"YTD":0.4335008709,"Y":-0.1395799739,"Start (yearly)":5.1351491099}