{"D":-0.0003323687,"MTD":-0.0425233583,"M":-0.2045487896,"YTD":-0.4148017605,"Y":0.3752624053,"Start (yearly)":5.2772590422}