{"D":-0.0104483856,"MTD":-0.0535211854,"M":-0.0584816721,"YTD":0.5996339703,"Y":0.2083017422,"Start (yearly)":4.7775160997}