{"D":-0.0195524877,"MTD":0.0316877856,"M":0.0957548942,"YTD":0.0476622243,"Y":-0.3910145385,"Start (yearly)":5.0293283486}