{"BCH-USD+":{"current":0.13773179,"target":0.132295578,"change":-0.005436212},"BTC-USD":{"current":0.0726801485,"target":0.072301554,"change":-0.0003785945},"EOS-USD+":{"current":0.0998471763,"target":0.112201991,"change":0.0123548147},"ETH-USD+":{"current":0.1466434799,"target":0.140605974,"change":-0.0060375059},"LTC-USD+":{"current":0.0915093819,"target":0.0909461652,"change":-0.0005632167},"XLM-USD+":{"current":0.0596563275,"target":0.0604182437,"change":0.0007619162},"XRP-USD+":{"current":0.0509313919,"target":0.0525233008,"change":0.0015919089},"cash":{"current":0.341000304,"target":0.338707193,"change":-0.002293111}}