{"D":-0.0145428335,"MTD":-0.0037375827,"M":-0.0983689761,"YTD":0.4214003063,"Y":0.2036701638,"Start (yearly)":4.5433889097}