{"BCH-USD+":{"current":0.0403423973,"target":0.0392421667,"change":-0.0011002306},"BTC-USD":{"current":0.0443951267,"target":0.0396331464,"change":-0.0047619803},"EOS-USD+":{"current":0.0389408053,"target":0.0432673088,"change":0.0043265035},"ETH-USD+":{"current":0.0411749775,"target":0.041066501,"change":-0.0001084765},"LTC-USD+":{"current":0.0455612727,"target":0.0425338017,"change":-0.003027471},"XLM-USD+":{"current":0.0330527148,"target":0.0326486849,"change":-0.0004040299},"XRP-USD+":{"current":0.0365085695,"target":0.0311045212,"change":-0.0054040483},"cash":{"current":0.7200241363,"target":0.730503869,"change":0.0104797327}}