{"D":0.0626109512,"MTD":0.0609629591,"M":-0.1171561624,"YTD":-0.0438899887,"Y":-0.468670552,"Start (yearly)":5.0620245271}