{"D":-0.0868882865,"MTD":-0.050724352,"M":-0.0630862393,"YTD":-0.4198141095,"Y":-0.3277297968,"Start (yearly)":5.2076677603}