{"D":0.1079734073,"MTD":0.0517721742,"M":0.023089773,"YTD":-0.357169462,"Y":-0.2379287195,"Start (yearly)":5.279790212}