{"BCH-USD+":{"current":0.0529105304,"target":0.0180882773,"change":-0.0348222531},"BTC-USD":{"current":0.0382379371,"target":0.0226650638,"change":-0.0155728733},"EOS-USD+":{"current":0.0396486603,"target":0.0106479214,"change":-0.0290007389},"ETH-USD+":{"current":0.043502756,"target":0.0169624948,"change":-0.0265402612},"LTC-USD+":{"current":0.0332308094,"target":0.0166407174,"change":-0.016590092},"XLM-USD+":{"current":0.0696993883,"target":0.043856744,"change":-0.0258426443},"XRP-USD+":{"current":0.1069000081,"target":0.0799802941,"change":-0.026919714},"cash":{"current":0.6158699104,"target":0.791158487,"change":0.1752885766}}