{"BCH-USD+":{"current":0.0966509211,"target":0.0967401676,"change":0.0000892465},"BTC-USD":{"current":0.0960765524,"target":0.102659308,"change":0.0065827556},"EOS-USD+":{"current":0.0619356595,"target":0.0618678742,"change":-0.0000677853},"ETH-USD+":{"current":0.1938582036,"target":0.196367797,"change":0.0025095934},"LTC-USD+":{"current":0.1117769913,"target":0.111812834,"change":0.0000358427},"XLM-USD+":{"current":0.0460455611,"target":0.0360331005,"change":-0.0100124606},"XRP-USD+":{"current":0.0932050153,"target":0.0939558308,"change":0.0007508155},"cash":{"current":0.3004510957,"target":0.300563089,"change":0.0001119933}}