{"D":0.0758408041,"MTD":0.036977462,"M":0.158312394,"YTD":0.0530338049,"Y":-0.4205707195,"Start (yearly)":5.0432319675}