{"D":0.0570109093,"MTD":-0.0025582429,"M":-0.0195570487,"YTD":1.0552964657,"Y":0.3605358374,"Start (yearly)":5.1165897126}