{"BCH-USD+":{"current":0.1106002194,"target":0.119561834,"change":0.0089616146},"BTC-USD":{"current":0.1318963927,"target":0.119700357,"change":-0.0121960357},"EOS-USD+":{"current":0.0986359085,"target":0.100723834,"change":0.0020879255},"ETH-USD+":{"current":0.2573534019,"target":0.250123853,"change":-0.0072295489},"LTC-USD+":{"current":0.112559694,"target":0.114436402,"change":0.001876708},"XLM-USD+":{"current":0.1087290353,"target":0.105649297,"change":-0.0030797383},"XRP-USD+":{"current":0.1802253481,"target":0.189804422,"change":0.0095790739},"cash":{"current":0.0,"target":0.0,"change":0.0}}