{"D":0.033603439,"MTD":0.3842277054,"M":0.3452321895,"YTD":0.850782079,"Y":0.0752592677,"Start (yearly)":5.1642965}