{"BCH-USD+":{"current":0.055869007,"target":0.0559033831,"change":0.0000343761},"BTC-USD":{"current":0.0722785982,"target":0.0686129866,"change":-0.0036656116},"EOS-USD+":{"current":0.1397256559,"target":0.119838842,"change":-0.0198868139},"ETH-USD+":{"current":0.0929803129,"target":0.0888678961,"change":-0.0041124168},"LTC-USD+":{"current":0.2195374547,"target":0.194031924,"change":-0.0255055307},"XLM-USD+":{"current":0.0279145104,"target":0.0194029349,"change":-0.0085115755},"XRP-USD+":{"current":0.0480130305,"target":0.0490094024,"change":0.0009963719},"cash":{"current":0.3436814305,"target":0.404332631,"change":0.0606512005}}