{"BCH-USD+":{"current":0.0460159839,"target":0.0601494796,"change":0.0141334957},"BTC-USD":{"current":0.0320799194,"target":0.0488455257,"change":0.0167656063},"EOS-USD+":{"current":0.0505288338,"target":0.0697275533,"change":0.0191987195},"ETH-USD+":{"current":0.0571385495,"target":0.0703693579,"change":0.0132308084},"LTC-USD+":{"current":0.0337491159,"target":0.0562086516,"change":0.0224595357},"XLM-USD+":{"current":0.0563981034,"target":0.0626703478,"change":0.0062722444},"XRP-USD+":{"current":0.0827000625,"target":0.0886601054,"change":0.0059600429},"cash":{"current":0.6413894315,"target":0.543368979,"change":-0.0980204525}}