{"BCH-USD+":{"current":0.0379080391,"target":0.0347629851,"change":-0.003145054},"BTC-USD":{"current":0.0338378416,"target":0.0375889001,"change":0.0037510585},"EOS-USD+":{"current":0.0332501723,"target":0.0296702625,"change":-0.0035799098},"ETH-USD+":{"current":0.0499922616,"target":0.0508555607,"change":0.0008632991},"LTC-USD+":{"current":0.0235727389,"target":0.0213412246,"change":-0.0022315143},"XLM-USD+":{"current":0.0503632421,"target":0.0460288889,"change":-0.0043343532},"XRP-USD+":{"current":0.0604192716,"target":0.0550930372,"change":-0.0053262344},"cash":{"current":0.7106564328,"target":0.724659141,"change":0.0140027082}}