{"D":-0.0280471777,"MTD":0.082894038,"M":0.0245016829,"YTD":0.0996613437,"Y":-0.3530456869,"Start (yearly)":5.0185564405}