{"D":-0.0025634297,"MTD":-0.0170302389,"M":-0.0732467919,"YTD":0.6613069382,"Y":0.2112975717,"Start (yearly)":4.8263014466}