{"D":-0.0025472222,"MTD":0.0017431219,"M":-0.0815364819,"YTD":0.5719290949,"Y":0.247475212,"Start (yearly)":4.7211592835}