{"D":0.0018079382,"MTD":-0.0066898938,"M":-0.1007366308,"YTD":0.4171881471,"Y":0.0879404465,"Start (yearly)":4.5727234199}