{"BCH-USD+":{"current":0.1146383511,"target":0.109273577,"change":-0.0053647741},"BTC-USD":{"current":0.0967839876,"target":0.0985600823,"change":0.0017760947},"EOS-USD+":{"current":0.1928841269,"target":0.190083702,"change":-0.0028004249},"ETH-USD+":{"current":0.1837620601,"target":0.185886563,"change":0.0021245029},"LTC-USD+":{"current":0.0944809039,"target":0.0994382533,"change":0.0049573494},"XLM-USD+":{"current":0.1662417928,"target":0.159156549,"change":-0.0070852438},"XRP-USD+":{"current":0.1512087776,"target":0.157601274,"change":0.0063924964},"cash":{"current":0.0,"target":0.0,"change":0.0}}