{"D":0.0018388184,"MTD":0.126848036,"M":0.1295007728,"YTD":0.0154837916,"Y":-0.4341423736,"Start (yearly)":5.0350397754}