{"D":0.0081572855,"MTD":-0.0524775202,"M":0.0099734296,"YTD":-0.0524775202,"Y":-0.5872329319,"Start (yearly)":5.1442031472}