{"BCH-USD+":{"current":0.0360916543,"target":0.0456449705,"change":0.0095533162},"BTC-USD":{"current":0.0502921156,"target":0.0518111699,"change":0.0015190543},"EOS-USD+":{"current":0.0128485131,"target":0.0298467228,"change":0.0169982097},"ETH-USD+":{"current":0.0164514779,"target":0.0235830708,"change":0.0071315929},"LTC-USD+":{"current":0.0159339593,"target":0.0176664191,"change":0.0017324598},"XLM-USD+":{"current":0.0116404176,"target":0.0282174757,"change":0.0165770581},"XRP-USD+":{"current":0.0153961927,"target":0.030826644,"change":0.0154304513},"cash":{"current":0.8413456695,"target":0.772403527,"change":-0.0689421425}}