{"D":-0.0057165302,"MTD":-0.071631164,"M":-0.0598328925,"YTD":0.5690264845,"Y":0.1601228721,"Start (yearly)":4.7410219917}