{"D":0.111273387,"MTD":0.4677297695,"M":0.3564733211,"YTD":0.9624285394,"Y":0.039806502,"Start (yearly)":5.2369698763}