{"BCH-USD+":{"current":0.1072531981,"target":0.112369878,"change":0.0051166799},"BTC-USD":{"current":0.1000392427,"target":0.109256531,"change":0.0092172883},"EOS-USD+":{"current":0.1065836848,"target":0.103465786,"change":-0.0031178988},"ETH-USD+":{"current":0.2108084417,"target":0.20138202,"change":-0.0094264217},"LTC-USD+":{"current":0.1720030878,"target":0.159519482,"change":-0.0124836058},"XLM-USD+":{"current":0.1326270819,"target":0.116914344,"change":-0.0157127379},"XRP-USD+":{"current":0.1206326978,"target":0.117142252,"change":-0.0034904458},"cash":{"current":0.0500525651,"target":0.079949707,"change":0.0298971419}}