{"BCH-USD+":{"current":0.0658105957,"target":0.0657398084,"change":-0.0000707873},"BTC-USD":{"current":0.0601330956,"target":0.0587743385,"change":-0.0013587571},"EOS-USD+":{"current":0.0778217682,"target":0.0743596952,"change":-0.003462073},"ETH-USD+":{"current":0.1016743878,"target":0.089492145,"change":-0.0121822428},"LTC-USD+":{"current":0.0854136839,"target":0.0830554585,"change":-0.0023582254},"XLM-USD+":{"current":0.0471983583,"target":0.0480510422,"change":0.0008526839},"XRP-USD+":{"current":0.0590451243,"target":0.0549208914,"change":-0.0041242329},"cash":{"current":0.5029029862,"target":0.525606621,"change":0.0227036348}}