{"BCH-USD+":{"current":0.1046616732,"target":0.103434701,"change":-0.0012269722},"BTC-USD":{"current":0.0837462325,"target":0.0865708868,"change":0.0028246543},"EOS-USD+":{"current":0.2133788428,"target":0.26512576,"change":0.0517469172},"ETH-USD+":{"current":0.1191445965,"target":0.1271045,"change":0.0079599035},"LTC-USD+":{"current":0.1963716165,"target":0.191095344,"change":-0.0052762725},"XLM-USD+":{"current":0.115693441,"target":0.144555973,"change":0.028862532},"XRP-USD+":{"current":0.0629008543,"target":0.0814978173,"change":0.018596963},"cash":{"current":0.1041027431,"target":0.0006150182,"change":-0.1034877249}}