{"D":0.0109621244,"MTD":-0.0937684031,"M":-0.1344213164,"YTD":-0.0937684031,"Y":-0.5301225005,"Start (yearly)":5.0555109151}