{"D":-0.0448592981,"MTD":0.0045904127,"M":0.0045904127,"YTD":-0.3860063887,"Y":-0.3860063887,"Start (yearly)":5.234638436}