{"BCH-USD+":{"current":0.0249174928,"target":0.0171674156,"change":-0.0077500772},"BTC-USD":{"current":0.0203749529,"target":0.0207851181,"change":0.0004101652},"EOS-USD+":{"current":0.0215193873,"target":0.0079083206,"change":-0.0136110667},"ETH-USD+":{"current":0.0189042444,"target":0.0148019793,"change":-0.0041022651},"LTC-USD+":{"current":0.0178907121,"target":0.013370804,"change":-0.0045199081},"XLM-USD+":{"current":0.0138651028,"target":0.0163882839,"change":0.0025231811},"XRP-USD+":{"current":0.0346465264,"target":0.0174125963,"change":-0.0172339301},"cash":{"current":0.8478815812,"target":0.892165482,"change":0.0442839008}}