{"BCH-USD+":{"current":0.1207538216,"target":0.12415861,"change":0.0034047884},"BTC-USD":{"current":0.174708723,"target":0.176563457,"change":0.001854734},"EOS-USD+":{"current":0.1283729314,"target":0.127112705,"change":-0.0012602264},"ETH-USD+":{"current":0.1526096808,"target":0.149310982,"change":-0.0032986988},"LTC-USD+":{"current":0.0862891898,"target":0.0818535117,"change":-0.0044356781},"XLM-USD+":{"current":0.0820696975,"target":0.0814139985,"change":-0.000655699},"XRP-USD+":{"current":0.0646019381,"target":0.0638195171,"change":-0.000782421},"cash":{"current":0.1905940178,"target":0.195767219,"change":0.0051732012}}