{"BCH-USD+":{"current":0.0517656968,"target":0.0531768346,"change":0.0014111378},"BTC-USD":{"current":0.0547259003,"target":0.0631425366,"change":0.0084166363},"EOS-USD+":{"current":0.0353291728,"target":0.0409227833,"change":0.0055936105},"ETH-USD+":{"current":0.0324245883,"target":0.0344563968,"change":0.0020318085},"LTC-USD+":{"current":0.0187841936,"target":0.0229136608,"change":0.0041294672},"XLM-USD+":{"current":0.0308850159,"target":0.0240522569,"change":-0.006832759},"XRP-USD+":{"current":0.0327336271,"target":0.0402696103,"change":0.0075359832},"cash":{"current":0.7433518051,"target":0.721065921,"change":-0.0222858841}}