{"BCH-USD+":{"current":0.0659560735,"target":0.0559722151,"change":-0.0099838584},"BTC-USD":{"current":0.0588520195,"target":0.0555972183,"change":-0.0032548012},"EOS-USD+":{"current":0.0743673496,"target":0.0762109961,"change":0.0018436465},"ETH-USD+":{"current":0.0888050444,"target":0.0880225217,"change":-0.0007825227},"LTC-USD+":{"current":0.0816927669,"target":0.0802106611,"change":-0.0014821058},"XLM-USD+":{"current":0.0478692038,"target":0.0447660844,"change":-0.0031031194},"XRP-USD+":{"current":0.0547075797,"target":0.0538169016,"change":-0.0008906781},"cash":{"current":0.5277499626,"target":0.545403402,"change":0.0176534394}}