{"BCH-USD+":{"current":0.0987649757,"target":0.09610094,"change":-0.0026640357},"BTC-USD":{"current":0.1313948495,"target":0.136933553,"change":0.0055387035},"EOS-USD+":{"current":0.1197818016,"target":0.107335988,"change":-0.0124458136},"ETH-USD+":{"current":0.2258188932,"target":0.226760624,"change":0.0009417308},"LTC-USD+":{"current":0.1520434329,"target":0.152202106,"change":0.0001586731},"XLM-USD+":{"current":0.122159276,"target":0.108803957,"change":-0.013355319},"XRP-USD+":{"current":0.1500367711,"target":0.144978246,"change":-0.0050585251},"cash":{"current":0.0,"target":0.0268845868,"change":0.0268845868}}