{"D":0.0618103855,"MTD":0.1491424382,"M":0.1512555025,"YTD":0.1669355203,"Y":-0.2841562541,"Start (yearly)":5.0393033783}