{"D":0.000007468,"MTD":-0.0316405627,"M":0.0688254116,"YTD":0.9953703711,"Y":0.2673980624,"Start (yearly)":5.1235027279}