{"BCH-USD+":{"current":0.131734867,"target":0.140150294,"change":0.008415427},"BTC-USD":{"current":0.2058640044,"target":0.1507794,"change":-0.0550846044},"EOS-USD+":{"current":0.1303047691,"target":0.149750553,"change":0.0194457839},"ETH-USD+":{"current":0.2031022551,"target":0.225249447,"change":0.0221471919},"LTC-USD+":{"current":0.0857258033,"target":0.0840703055,"change":-0.0016554978},"XLM-USD+":{"current":0.0489153211,"target":0.0829944548,"change":0.0340791337},"XRP-USD+":{"current":0.052067139,"target":0.104402021,"change":0.052334882},"cash":{"current":0.142285841,"target":0.0626035243,"change":-0.0796823167}}