{"BCH-USD+":{"current":0.1092577878,"target":0.104931528,"change":-0.0043262598},"BTC-USD":{"current":0.1025889975,"target":0.0984826358,"change":-0.0041063617},"EOS-USD+":{"current":0.1139997077,"target":0.108229167,"change":-0.0057705407},"ETH-USD+":{"current":0.1972367875,"target":0.168441928,"change":-0.0287948595},"LTC-USD+":{"current":0.1477258697,"target":0.171585836,"change":0.0238599663},"XLM-USD+":{"current":0.1298974761,"target":0.128004721,"change":-0.0018927551},"XRP-USD+":{"current":0.1383849469,"target":0.11788679,"change":-0.0204981569},"cash":{"current":0.0609084268,"target":0.102437394,"change":0.0415289672}}