{"BCH-USD+":{"current":0.118770349,"target":0.119818524,"change":0.001048175},"BTC-USD":{"current":0.1840573789,"target":0.194814011,"change":0.0107566321},"EOS-USD+":{"current":0.1476739763,"target":0.126241219,"change":-0.0214327573},"ETH-USD+":{"current":0.1790723531,"target":0.167074629,"change":-0.0119977241},"LTC-USD+":{"current":0.0881660483,"target":0.0764680014,"change":-0.0116980469},"XLM-USD+":{"current":0.0784698549,"target":0.0596734918,"change":-0.0187963631},"XRP-USD+":{"current":0.0706826998,"target":0.0537655924,"change":-0.0169171074},"cash":{"current":0.1331073397,"target":0.202144532,"change":0.0690371923}}