{"BCH-USD+":{"current":0.0325810299,"target":0.0377224415,"change":0.0051414116},"BTC-USD":{"current":0.0391296978,"target":0.044846927,"change":0.0057172292},"EOS-USD+":{"current":0.0256026005,"target":0.0294221488,"change":0.0038195483},"ETH-USD+":{"current":0.0429867736,"target":0.0429102833,"change":-0.0000764903},"LTC-USD+":{"current":0.0414156777,"target":0.04217852,"change":0.0007628423},"XLM-USD+":{"current":0.0316050507,"target":0.0378257096,"change":0.0062206589},"XRP-USD+":{"current":0.0289113299,"target":0.0387581155,"change":0.0098467856},"cash":{"current":0.7577678399,"target":0.726335854,"change":-0.0314319859}}