{"BCH-USD+":{"current":0.1294283235,"target":0.131979459,"change":0.0025511355},"BTC-USD":{"current":0.128403026,"target":0.138298987,"change":0.009895961},"EOS-USD+":{"current":0.1864306145,"target":0.183544096,"change":-0.0028865185},"ETH-USD+":{"current":0.1847002166,"target":0.191857783,"change":0.0071575664},"LTC-USD+":{"current":0.0984678263,"target":0.0936502622,"change":-0.0048175641},"XLM-USD+":{"current":0.1649178428,"target":0.15731665,"change":-0.0076011928},"XRP-USD+":{"current":0.1076521503,"target":0.103352762,"change":-0.0042993883},"cash":{"current":0.0,"target":0.0,"change":0.0}}