{"D":-0.0128229199,"MTD":0.018217199,"M":-0.1024212156,"YTD":0.3614076189,"Y":-0.389638066,"Start (yearly)":5.0104252609}