{"BCH-USD+":{"current":0.044540959,"target":0.0457083644,"change":0.0011674054},"BTC-USD":{"current":0.0426441684,"target":0.0370200785,"change":-0.0056240899},"EOS-USD+":{"current":0.0618609826,"target":0.0704196351,"change":0.0085586525},"ETH-USD+":{"current":0.047423549,"target":0.047637682,"change":0.000214133},"LTC-USD+":{"current":0.0994139997,"target":0.116654477,"change":0.0172404773},"XLM-USD+":{"current":0.0138185165,"target":0.0104836943,"change":-0.0033348222},"XRP-USD+":{"current":0.0468386456,"target":0.040115156,"change":-0.0067234896},"cash":{"current":0.6434591793,"target":0.631960913,"change":-0.0114982663}}