{"D":-0.0029479019,"MTD":-0.1035949072,"M":-0.1438070104,"YTD":-0.1035949072,"Y":-0.5563453804,"Start (yearly)":5.0512736174}