{"BCH-USD+":{"current":0.141427251,"target":0.144433202,"change":0.003005951},"BTC-USD":{"current":0.1081831718,"target":0.11021726,"change":0.0020340882},"EOS-USD+":{"current":0.1874473864,"target":0.194037811,"change":0.0065904246},"ETH-USD+":{"current":0.1967215556,"target":0.204608065,"change":0.0078865094},"LTC-USD+":{"current":0.0796737423,"target":0.0849972327,"change":0.0053234904},"XLM-USD+":{"current":0.1661994193,"target":0.130310307,"change":-0.0358891123},"XRP-USD+":{"current":0.1203474736,"target":0.0975197007,"change":-0.0228277729},"cash":{"current":0.0,"target":0.0338764207,"change":0.0338764207}}