{"D":0.0235900116,"MTD":-0.0518642395,"M":0.1063295679,"YTD":0.9536981119,"Y":0.2435415375,"Start (yearly)":5.1294633719}