{"BCH-USD+":{"current":0.025964833,"target":0.0389629552,"change":0.0129981222},"BTC-USD":{"current":0.0404517149,"target":0.0448781387,"change":0.0044264238},"EOS-USD+":{"current":0.0318153506,"target":0.0382170007,"change":0.0064016501},"ETH-USD+":{"current":0.0307114556,"target":0.0417168203,"change":0.0110053647},"LTC-USD+":{"current":0.0382496696,"target":0.0455313853,"change":0.0072817157},"XLM-USD+":{"current":0.0287138593,"target":0.0328319814,"change":0.0041181221},"XRP-USD+":{"current":0.0257289954,"target":0.03631955,"change":0.0105905546},"cash":{"current":0.7783641216,"target":0.721542168,"change":-0.0568219536}}