{"D":-0.0009534421,"MTD":0.0562985764,"M":0.1403377437,"YTD":0.0726540835,"Y":-0.3620250548,"Start (yearly)":5.0251910585}