{"BCH-USD+":{"current":0.0975629507,"target":0.0994274933,"change":0.0018645426},"BTC-USD":{"current":0.1315630797,"target":0.129890011,"change":-0.0016730687},"EOS-USD+":{"current":0.119483125,"target":0.120337767,"change":0.000854642},"ETH-USD+":{"current":0.2201777423,"target":0.223761848,"change":0.0035841057},"LTC-USD+":{"current":0.1366509851,"target":0.151713114,"change":0.0150621289},"XLM-USD+":{"current":0.1290142955,"target":0.123178455,"change":-0.0058358405},"XRP-USD+":{"current":0.1655478217,"target":0.151691312,"change":-0.0138565097},"cash":{"current":0.0,"target":0.0,"change":0.0}}