{"BCH-USD+":{"current":0.0549218094,"target":0.0563762698,"change":0.0014544604},"BTC-USD":{"current":0.038893956,"target":0.0401327817,"change":0.0012388257},"EOS-USD+":{"current":0.0315378417,"target":0.0426533852,"change":0.0111155435},"ETH-USD+":{"current":0.0446724611,"target":0.0491536555,"change":0.0044811944},"LTC-USD+":{"current":0.0310173964,"target":0.0351978305,"change":0.0041804341},"XLM-USD+":{"current":0.0638023924,"target":0.0663843757,"change":0.0025819833},"XRP-USD+":{"current":0.1045187817,"target":0.112810748,"change":0.0082919663},"cash":{"current":0.6306353613,"target":0.597290954,"change":-0.0333444073}}