{"D":0.0171075216,"MTD":0.013382636,"M":-0.1107049539,"YTD":0.7127074209,"Y":0.1844294941,"Start (yearly)":4.8709599134}