{"D":0.0050577636,"MTD":0.2287476297,"M":0.3396954491,"YTD":0.4407511794,"Y":-0.1341324833,"Start (yearly)":5.1352042432}