{"BCH-USD+":{"current":0.0084350471,"target":0.0106104802,"change":0.0021754331},"BTC-USD":{"current":0.0570994231,"target":0.0439369473,"change":-0.0131624758},"EOS-USD+":{"current":0.0098039379,"target":0.0083264313,"change":-0.0014775066},"ETH-USD+":{"current":0.0333237999,"target":0.0147985176,"change":-0.0185252823},"LTC-USD+":{"current":0.0552062148,"target":0.0375645764,"change":-0.0176416384},"XLM-USD+":{"current":0.0312675957,"target":0.0102047301,"change":-0.0210628656},"XRP-USD+":{"current":0.0222524534,"target":0.0189927282,"change":-0.0032597252},"cash":{"current":0.782611528,"target":0.855565589,"change":0.072954061}}