{"D":0.0151871441,"MTD":0.0336810104,"M":-0.119797546,"YTD":0.3820835127,"Y":-0.3784191901,"Start (yearly)":5.017368661}