{"BCH-USD+":{"current":0.051626982,"target":0.0383650725,"change":-0.0132619095},"BTC-USD":{"current":0.0481472045,"target":0.0399472084,"change":-0.0081999961},"EOS-USD+":{"current":0.0485055294,"target":0.0555952331,"change":0.0070897037},"ETH-USD+":{"current":0.069444553,"target":0.0625245038,"change":-0.0069200492},"LTC-USD+":{"current":0.038322171,"target":0.0270518359,"change":-0.0112703351},"XLM-USD+":{"current":0.049920237,"target":0.0508397545,"change":0.0009195175},"XRP-USD+":{"current":0.0809061345,"target":0.0773925794,"change":-0.0035135551},"cash":{"current":0.6131271886,"target":0.648283812,"change":0.0351566234}}