{"D":0.0034135705,"MTD":0.0108012743,"M":-0.058053904,"YTD":0.5861430915,"Y":0.1558247963,"Start (yearly)":4.7328026513}