{"D":-0.0414812895,"MTD":-0.0175379847,"M":-0.0420291233,"YTD":0.5416733019,"Y":0.1023493965,"Start (yearly)":4.65585365}