{"D":-0.0136569843,"MTD":-0.015790952,"M":-0.1601964027,"YTD":0.6634014441,"Y":0.1854859558,"Start (yearly)":4.8395431821}