{"BCH-USD+":{"current":0.1040908674,"target":0.10178181,"change":-0.0023090574},"BTC-USD":{"current":0.097999934,"target":0.093141482,"change":-0.004858452},"EOS-USD+":{"current":0.1070057105,"target":0.0910473274,"change":-0.0159583831},"ETH-USD+":{"current":0.1679012458,"target":0.163447662,"change":-0.0044535838},"LTC-USD+":{"current":0.1740207646,"target":0.181384755,"change":0.0073639904},"XLM-USD+":{"current":0.1265125792,"target":0.111129265,"change":-0.0153833142},"XRP-USD+":{"current":0.1179912346,"target":0.112079715,"change":-0.0059115196},"cash":{"current":0.1044776639,"target":0.145987983,"change":0.0415103191}}