{"BCH-USD+":{"current":0.0088028868,"target":0.0085640196,"change":-0.0002388672},"BTC-USD":{"current":0.0286801697,"target":0.0192492067,"change":-0.009430963},"EOS-USD+":{"current":0.0080422215,"target":0.0092206916,"change":0.00117847},"ETH-USD+":{"current":0.0112241601,"target":0.0091518347,"change":-0.0020723254},"LTC-USD+":{"current":0.0187676843,"target":0.0148053172,"change":-0.0039623671},"XLM-USD+":{"current":0.0102014827,"target":0.0056296144,"change":-0.0045718683},"XRP-USD+":{"current":0.0177866541,"target":0.0149063646,"change":-0.0028802895},"cash":{"current":0.8964947407,"target":0.918472951,"change":0.0219782103}}