{"D":-0.016030974,"MTD":0.0551821635,"M":0.0117514974,"YTD":-0.0490994793,"Y":-0.4741402377,"Start (yearly)":5.0407533216}