{"BCH-USD+":{"current":0.0784585965,"target":0.0789276391,"change":0.0004690426},"BTC-USD":{"current":0.0972776266,"target":0.0989678521,"change":0.0016902255},"EOS-USD+":{"current":0.1962283803,"target":0.206593572,"change":0.0103651917},"ETH-USD+":{"current":0.1266734503,"target":0.136433305,"change":0.0097598547},"LTC-USD+":{"current":0.1900998055,"target":0.188889182,"change":-0.0012106235},"XLM-USD+":{"current":0.0666854711,"target":0.0793795739,"change":0.0126941028},"XRP-USD+":{"current":0.0829666481,"target":0.0783698568,"change":-0.0045967913},"cash":{"current":0.1616100216,"target":0.132439019,"change":-0.0291710026}}