{"BCH-USD+":{"current":0.045603844,"target":0.0470003322,"change":0.0013964882},"BTC-USD":{"current":0.0370992447,"target":0.0390047108,"change":0.0019054661},"EOS-USD+":{"current":0.0703099807,"target":0.0710829016,"change":0.0007729209},"ETH-USD+":{"current":0.0476861907,"target":0.0477261727,"change":0.000039982},"LTC-USD+":{"current":0.1173147871,"target":0.123120437,"change":0.0058056499},"XLM-USD+":{"current":0.0104560973,"target":0.0119947365,"change":0.0015386392},"XRP-USD+":{"current":0.0399380698,"target":0.0371183343,"change":-0.0028197355},"cash":{"current":0.6315917857,"target":0.622952375,"change":-0.0086394107}}