{"BCH-USD+":{"current":0.069536719,"target":0.0642749688,"change":-0.0052617502},"BTC-USD":{"current":0.0659017932,"target":0.0602877677,"change":-0.0056140255},"EOS-USD+":{"current":0.0825857795,"target":0.0687858543,"change":-0.0137999252},"ETH-USD+":{"current":0.0802294559,"target":0.0784307122,"change":-0.0017987437},"LTC-USD+":{"current":0.0658304096,"target":0.0634753985,"change":-0.0023550111},"XLM-USD+":{"current":0.0756715539,"target":0.0654674006,"change":-0.0102041533},"XRP-USD+":{"current":0.0741324117,"target":0.0719952036,"change":-0.0021372081},"cash":{"current":0.4861118772,"target":0.527282694,"change":0.0411708168}}