{"BCH-USD+":{"current":0.0672970291,"target":0.0803656357,"change":0.0130686066},"BTC-USD":{"current":0.0768361614,"target":0.0806949622,"change":0.0038588008},"EOS-USD+":{"current":0.1793387616,"target":0.227018413,"change":0.0476796514},"ETH-USD+":{"current":0.1474576996,"target":0.147414588,"change":-0.0000431116},"LTC-USD+":{"current":0.2302029615,"target":0.212420567,"change":-0.0177823945},"XLM-USD+":{"current":0.0484109015,"target":0.0777071592,"change":0.0292962577},"XRP-USD+":{"current":0.0660628178,"target":0.087431512,"change":0.0213686942},"cash":{"current":0.1843936676,"target":0.0869471629,"change":-0.0974465047}}