{"BCH-USD+":{"current":0.054171851,"target":0.0555614793,"change":0.0013896283},"BTC-USD":{"current":0.0716914191,"target":0.0716282424,"change":-0.0000631767},"EOS-USD+":{"current":0.1291647482,"target":0.144811536,"change":0.0156467878},"ETH-USD+":{"current":0.086990241,"target":0.092494212,"change":0.005503971},"LTC-USD+":{"current":0.2347692246,"target":0.221529803,"change":-0.0132394216},"XLM-USD+":{"current":0.0223414945,"target":0.0278876034,"change":0.0055461089},"XRP-USD+":{"current":0.0428499485,"target":0.0476899209,"change":0.0048399724},"cash":{"current":0.3580210731,"target":0.338397203,"change":-0.0196238701}}