{"BCH-USD+":{"current":0.0471691872,"target":0.0585012823,"change":0.0113320951},"BTC-USD":{"current":0.0379400979,"target":0.0729160854,"change":0.0349759875},"EOS-USD+":{"current":0.078853501,"target":0.122810216,"change":0.043956715},"ETH-USD+":{"current":0.0546371016,"target":0.0829934084,"change":0.0283563068},"LTC-USD+":{"current":0.1745637568,"target":0.247036166,"change":0.0724724092},"XLM-USD+":{"current":0.0247620801,"target":0.0309889537,"change":0.0062268736},"XRP-USD+":{"current":0.0381395496,"target":0.0451920666,"change":0.007052517},"cash":{"current":0.5439347257,"target":0.339561822,"change":-0.2043729037}}