{"BCH-USD+":{"current":0.05827582,"target":0.0765069829,"change":0.0182311629},"BTC-USD":{"current":0.0625111097,"target":0.0667578392,"change":0.0042467295},"EOS-USD+":{"current":0.0837840746,"target":0.091404345,"change":0.0076202704},"ETH-USD+":{"current":0.0603733897,"target":0.0730602204,"change":0.0126868307},"LTC-USD+":{"current":0.0531212348,"target":0.064157683,"change":0.0110364482},"XLM-USD+":{"current":0.0223408703,"target":0.0646835554,"change":0.0423426851},"XRP-USD+":{"current":0.0346495471,"target":0.0801403951,"change":0.045490848},"cash":{"current":0.6249439537,"target":0.483288979,"change":-0.1416549747}}