{"D":0.0560451957,"MTD":0.1084895881,"M":0.0740403579,"YTD":-0.3225044589,"Y":-0.1593922427,"Start (yearly)":5.3341217318}