{"D":-0.0012625134,"MTD":-0.005366023,"M":-0.0619616693,"YTD":0.3298756646,"Y":-0.4187935564,"Start (yearly)":5.0111900686}