{"D":-0.0282187064,"MTD":0.024979486,"M":-0.0050309078,"YTD":0.6083914534,"Y":0.2411744392,"Start (yearly)":4.6908629461}