{"D":-0.01152567,"MTD":-0.01152567,"M":-0.1636683121,"YTD":-0.3958563452,"Y":0.8195761465,"Start (yearly)":5.3277279441}