{"BCH-USD+":{"current":0.0294404429,"target":0.103921725,"change":0.0744812821},"BTC-USD":{"current":0.0628369377,"target":0.0988476388,"change":0.0360107011},"EOS-USD+":{"current":0.1152994723,"target":0.145346223,"change":0.0300467507},"ETH-USD+":{"current":0.0565472526,"target":0.0861105093,"change":0.0295632567},"LTC-USD+":{"current":0.0888606727,"target":0.111942648,"change":0.0230819753},"XLM-USD+":{"current":0.0460059626,"target":0.065025801,"change":0.0190198384},"XRP-USD+":{"current":0.0377954516,"target":0.0554722473,"change":0.0176767957},"cash":{"current":0.5632138077,"target":0.333333208,"change":-0.2298805997}}