{"BCH-USD+":{"current":0.0541754092,"target":0.0523171095,"change":-0.0018582997},"BTC-USD":{"current":0.0538235431,"target":0.0520895928,"change":-0.0017339503},"EOS-USD+":{"current":0.0695125624,"target":0.0661698091,"change":-0.0033427533},"ETH-USD+":{"current":0.0750312568,"target":0.0679440785,"change":-0.0070871783},"LTC-USD+":{"current":0.0864225383,"target":0.0834889083,"change":-0.00293363},"XLM-USD+":{"current":0.0467420709,"target":0.0341367214,"change":-0.0126053495},"XRP-USD+":{"current":0.0467791547,"target":0.0445936271,"change":-0.0021855276},"cash":{"current":0.5675134646,"target":0.599260153,"change":0.0317466884}}