{"BCH-USD+":{"current":0.0389458497,"target":0.0387194645,"change":-0.0002263852},"BTC-USD":{"current":0.0387359671,"target":0.0320930814,"change":-0.0066428857},"EOS-USD+":{"current":0.039544484,"target":0.0302737348,"change":-0.0092707492},"ETH-USD+":{"current":0.0397444199,"target":0.0290563234,"change":-0.0106880965},"LTC-USD+":{"current":0.040723994,"target":0.0382502633,"change":-0.0024737307},"XLM-USD+":{"current":0.0319583962,"target":0.0306756893,"change":-0.0012827069},"XRP-USD+":{"current":0.0298676804,"target":0.0259154629,"change":-0.0039522175},"cash":{"current":0.7404792088,"target":0.77501598,"change":0.0345367712}}