{"D":0.0220883405,"MTD":-0.0367100328,"M":-0.1242896163,"YTD":-0.4112487257,"Y":-0.2198087137,"Start (yearly)":5.2555466382}