{"D":-0.0003731364,"MTD":0.0046411774,"M":-0.050882512,"YTD":0.5764767057,"Y":0.2622181846,"Start (yearly)":4.6991279877}