{"BCH-USD+":{"current":0.0992587202,"target":0.0984196651,"change":-0.0008390551},"BTC-USD":{"current":0.1256752764,"target":0.131878548,"change":0.0062032716},"EOS-USD+":{"current":0.1267888387,"target":0.118880474,"change":-0.0079083647},"ETH-USD+":{"current":0.2237427714,"target":0.21978185,"change":-0.0039609214},"LTC-USD+":{"current":0.1324132797,"target":0.136564588,"change":0.0041513083},"XLM-USD+":{"current":0.1357356367,"target":0.129130726,"change":-0.0066049107},"XRP-USD+":{"current":0.1563854768,"target":0.165344151,"change":0.0089586742},"cash":{"current":0.0,"target":0.0,"change":0.0}}