{"D":0.0392654129,"MTD":-0.0261561969,"M":0.0573915133,"YTD":1.0015377267,"Y":0.3050629172,"Start (yearly)":5.0649212984}