{"D":-0.0685830229,"MTD":0.3399886359,"M":0.2088800087,"YTD":0.7916322174,"Y":-0.0321428696,"Start (yearly)":5.1659556649}