{"D":-0.0698482767,"MTD":-0.0698482767,"M":0.3826223986,"YTD":0.9166407822,"Y":0.0820419579,"Start (yearly)":5.1540030748}