{"BCH-USD+":{"current":0.0392009581,"target":0.04248427,"change":0.0032833119},"BTC-USD":{"current":0.036186706,"target":0.0364658362,"change":0.0002791302},"EOS-USD+":{"current":0.0551232633,"target":0.0584442137,"change":0.0033209504},"ETH-USD+":{"current":0.0465194894,"target":0.0477479135,"change":0.0012284241},"LTC-USD+":{"current":0.0873926399,"target":0.0909393701,"change":0.0035467302},"XLM-USD+":{"current":0.0099337052,"target":0.0078015121,"change":-0.0021321932},"XRP-USD+":{"current":0.0316988274,"target":0.0473000328,"change":0.0156012054},"cash":{"current":0.6939444106,"target":0.668816851,"change":-0.0251275596}}