{"D":-0.0035960003,"MTD":-0.0026094879,"M":-0.1578078811,"YTD":0.6856792992,"Y":0.2091440717,"Start (yearly)":4.8512515782}