{"BCH-USD+":{"current":0.1003520995,"target":0.0875740704,"change":-0.0127780291},"BTC-USD":{"current":0.0843246173,"target":0.0553870522,"change":-0.0289375651},"EOS-USD+":{"current":0.0592839134,"target":0.0587140293,"change":-0.0005698841},"ETH-USD+":{"current":0.1786633751,"target":0.142766704,"change":-0.0358966711},"LTC-USD+":{"current":0.1328678987,"target":0.105588415,"change":-0.0272794837},"XLM-USD+":{"current":0.0470708724,"target":0.0339256562,"change":-0.0131452162},"XRP-USD+":{"current":0.0973104118,"target":0.0775985558,"change":-0.019711856},"cash":{"current":0.3001268118,"target":0.438445518,"change":0.1383187062}}