{"D":0.0350661684,"MTD":0.0644695991,"M":0.0353245177,"YTD":0.670359094,"Y":0.3540295863,"Start (yearly)":4.7203207287}