{"BCH-USD+":{"current":0.0230417759,"target":0.0317519652,"change":0.0087101893},"BTC-USD":{"current":0.0271267278,"target":0.0304717901,"change":0.0033450623},"EOS-USD+":{"current":0.0285177759,"target":0.0349850362,"change":0.0064672603},"ETH-USD+":{"current":0.0487645027,"target":0.0540151258,"change":0.0052506231},"LTC-USD+":{"current":0.0188778312,"target":0.0281100345,"change":0.0092322033},"XLM-USD+":{"current":0.0545246581,"target":0.0694679933,"change":0.0149433352},"XRP-USD+":{"current":0.0946025682,"target":0.124493619,"change":0.0298910508},"cash":{"current":0.70454416,"target":0.626704436,"change":-0.077839724}}