{"BCH-USD+":{"current":0.1205643891,"target":0.109936868,"change":-0.0106275211},"BTC-USD":{"current":0.1093521142,"target":0.104497174,"change":-0.0048549402},"EOS-USD+":{"current":0.2000650934,"target":0.169155201,"change":-0.0309098924},"ETH-USD+":{"current":0.1896896121,"target":0.206336864,"change":0.0166472519},"LTC-USD+":{"current":0.1068678433,"target":0.104383686,"change":-0.0024841573},"XLM-USD+":{"current":0.1359709991,"target":0.148220454,"change":0.0122494549},"XRP-USD+":{"current":0.1374899488,"target":0.157469753,"change":0.0199798042},"cash":{"current":0.0,"target":0.0,"change":0.0}}