{"BCH-USD+":{"current":0.1054146196,"target":0.0975034392,"change":-0.0079111804},"BTC-USD":{"current":0.1012055558,"target":0.080993736,"change":-0.0202118198},"EOS-USD+":{"current":0.0663971298,"target":0.0581711929,"change":-0.0082259369},"ETH-USD+":{"current":0.184850195,"target":0.177482563,"change":-0.007367632},"LTC-USD+":{"current":0.1362323716,"target":0.11932725,"change":-0.0169051216},"XLM-USD+":{"current":0.0376213976,"target":0.0351501814,"change":-0.0024712162},"XRP-USD+":{"current":0.0783613571,"target":0.0702079098,"change":-0.0081534473},"cash":{"current":0.2899173734,"target":0.361163728,"change":0.0712463546}}