{"BCH-USD+":{"current":0.1047864816,"target":0.109943639,"change":0.0051571574},"BTC-USD":{"current":0.0950981803,"target":0.101502239,"change":0.0064040587},"EOS-USD+":{"current":0.1189617794,"target":0.116600828,"change":-0.0023609514},"ETH-USD+":{"current":0.1999930489,"target":0.199223704,"change":-0.0007693449},"LTC-USD+":{"current":0.1089566982,"target":0.136158899,"change":0.0272022008},"XLM-USD+":{"current":0.1225006292,"target":0.132489179,"change":0.0099885498},"XRP-USD+":{"current":0.1198573494,"target":0.144150455,"change":0.0242931056},"cash":{"current":0.1298458328,"target":0.0599310549,"change":-0.0699147779}}