{"BCH-USD+":{"current":0.1338583133,"target":0.134484908,"change":0.0006265947},"BTC-USD":{"current":0.1404959335,"target":0.149482741,"change":0.0089868075},"EOS-USD+":{"current":0.1831798771,"target":0.183686806,"change":0.0005069289},"ETH-USD+":{"current":0.192098952,"target":0.197384293,"change":0.005285341},"LTC-USD+":{"current":0.0940201506,"target":0.0900662352,"change":-0.0039539154},"XLM-USD+":{"current":0.1541792058,"target":0.144725864,"change":-0.0094533418},"XRP-USD+":{"current":0.1021675677,"target":0.100169153,"change":-0.0019984147},"cash":{"current":0.0,"target":0.0,"change":0.0}}