{"D":-0.0018986911,"MTD":-0.0453951728,"M":-0.0304948591,"YTD":0.6133676595,"Y":0.1770993464,"Start (yearly)":4.7982797822}