{"D":0.0419288633,"MTD":0.3962686926,"M":0.2478636354,"YTD":0.8668814846,"Y":0.0096241894,"Start (yearly)":5.1842687823}