{"BCH-USD+":{"current":0.119464809,"target":0.102700143,"change":-0.016764666},"BTC-USD":{"current":0.1106032888,"target":0.0855048568,"change":-0.025098432},"EOS-USD+":{"current":0.0665452432,"target":0.0592132087,"change":-0.0073320345},"ETH-USD+":{"current":0.2163377257,"target":0.182069811,"change":-0.0342679147},"LTC-USD+":{"current":0.1339665794,"target":0.135402557,"change":0.0014359776},"XLM-USD+":{"current":0.0532873432,"target":0.047497496,"change":-0.0057898472},"XRP-USD+":{"current":0.1013827575,"target":0.0977523394,"change":-0.0036304181},"cash":{"current":0.1984122533,"target":0.289859588,"change":0.0914473347}}