{"D":-0.0016151225,"MTD":0.1156377137,"M":0.0795875389,"YTD":0.1329120156,"Y":-0.3295627826,"Start (yearly)":5.0461358387}