{"D":-0.0105800702,"MTD":-0.0547926925,"M":-0.2007937357,"YTD":-0.4223006304,"Y":-0.0759324747,"Start (yearly)":5.2563871153}