{"D":-0.0271479631,"MTD":0.2412810388,"M":0.3104659021,"YTD":0.4554470563,"Y":-0.2480893559,"Start (yearly)":5.107584914}