{"D":0.0074341795,"MTD":0.0074341795,"M":-0.0611916343,"YTD":0.5808594672,"Y":0.1708751194,"Start (yearly)":4.7337102746}