{"D":0.005103107,"MTD":0.0829888261,"M":0.1359009092,"YTD":0.0829888261,"Y":-0.5104996495,"Start (yearly)":5.2638725085}