{"D":0.0123440217,"MTD":-0.180334081,"M":-0.1743929592,"YTD":0.6846564663,"Y":0.1037288419,"Start (yearly)":4.9204921583}