{"D":-0.0078656326,"MTD":-0.0885947539,"M":0.3343111875,"YTD":0.8780123931,"Y":0.070082063,"Start (yearly)":5.1159311943}