{"D":-0.0049939983,"MTD":-0.0973796752,"M":-0.1162247074,"YTD":0.4163862164,"Y":0.087723875,"Start (yearly)":4.5952462358}