{"D":0.1570094181,"MTD":0.2179528401,"M":0.1302883125,"YTD":0.6284642192,"Y":-0.1654511686,"Start (yearly)":5.1133277517}