{"BCH-USD+":{"current":0.0555167153,"target":0.0555098215,"change":-0.0000068938},"BTC-USD":{"current":0.0555262913,"target":0.0563571757,"change":0.0008308844},"EOS-USD+":{"current":0.0752136538,"target":0.0798773068,"change":0.004663653},"ETH-USD+":{"current":0.0874094531,"target":0.0862000488,"change":-0.0012094043},"LTC-USD+":{"current":0.0786870811,"target":0.083084291,"change":0.0043972099},"XLM-USD+":{"current":0.0444818027,"target":0.0475318706,"change":0.0030500679},"XRP-USD+":{"current":0.0537076886,"target":0.0535401393,"change":-0.0001675493},"cash":{"current":0.5494573141,"target":0.537899346,"change":-0.0115579681}}