{"BCH-USD+":{"current":0.009016522,"target":0.0122897988,"change":0.0032732768},"BTC-USD":{"current":0.0165009845,"target":0.0285127491,"change":0.0120117646},"EOS-USD+":{"current":0.0309652592,"target":0.0455021342,"change":0.014536875},"ETH-USD+":{"current":0.0111695223,"target":0.0235731044,"change":0.0124035821},"LTC-USD+":{"current":0.0159881595,"target":0.0355893515,"change":0.019601192},"XLM-USD+":{"current":0.0065612219,"target":0.0148682885,"change":0.0083070666},"XRP-USD+":{"current":0.0136118291,"target":0.0151409678,"change":0.0015291387},"cash":{"current":0.8961865016,"target":0.824523606,"change":-0.0716628956}}