{"BCH-USD+":{"current":0.0559490856,"target":0.0590846533,"change":0.0031355677},"BTC-USD":{"current":0.0905218241,"target":0.0937066285,"change":0.0031848044},"EOS-USD+":{"current":0.217114413,"target":0.179047255,"change":-0.038067158},"ETH-USD+":{"current":0.1199469351,"target":0.10108854,"change":-0.0188583951},"LTC-USD+":{"current":0.2417046098,"target":0.236592923,"change":-0.0051116868},"XLM-USD+":{"current":0.1044681434,"target":0.160519087,"change":0.0560509436},"XRP-USD+":{"current":0.0748404191,"target":0.0802429989,"change":0.0054025798},"cash":{"current":0.09545457,"target":0.0897179152,"change":-0.0057366548}}