{"BCH-USD+":{"current":0.0350906098,"target":0.0282027794,"change":-0.0068878304},"BTC-USD":{"current":0.0397610004,"target":0.0314909056,"change":-0.0082700948},"EOS-USD+":{"current":0.0545783803,"target":0.0492619262,"change":-0.0053164541},"ETH-USD+":{"current":0.0457758428,"target":0.0459639177,"change":0.0001880749},"LTC-USD+":{"current":0.0806254894,"target":0.0810795193,"change":0.0004540299},"XLM-USD+":{"current":0.0070201089,"target":0.0129101592,"change":0.0058900503},"XRP-USD+":{"current":0.0278523336,"target":0.0262463089,"change":-0.0016060247},"cash":{"current":0.7092962348,"target":0.724844484,"change":0.0155482492}}