{"D":-0.0348138711,"MTD":-0.0658303543,"M":0.0682777194,"YTD":0.9199955712,"Y":0.2600544404,"Start (yearly)":5.050144574}