{"D":0.0026855369,"MTD":-0.1786773419,"M":-0.2427584208,"YTD":0.6880615563,"Y":0.0615822064,"Start (yearly)":4.8931131468}