{"BCH-USD+":{"current":0.0782424917,"target":0.0650672183,"change":-0.0131752734},"BTC-USD":{"current":0.0823301916,"target":0.0587964413,"change":-0.0235337503},"EOS-USD+":{"current":0.1040649191,"target":0.0711966233,"change":-0.0328682958},"ETH-USD+":{"current":0.1261777301,"target":0.091248682,"change":-0.0349290481},"LTC-USD+":{"current":0.1200752392,"target":0.0982971433,"change":-0.0217780959},"XLM-USD+":{"current":0.0695259097,"target":0.0440453825,"change":-0.0254805272},"XRP-USD+":{"current":0.0617571462,"target":0.0568113009,"change":-0.0049458453},"cash":{"current":0.3578263725,"target":0.514537208,"change":0.1567108355}}