{"D":-0.0045914636,"MTD":0.2759196586,"M":0.3207607526,"YTD":0.4960620949,"Y":-0.2414096898,"Start (yearly)":5.1372419172}