{"D":0.0071119813,"MTD":0.039605159,"M":0.0270022617,"YTD":-0.3646057958,"Y":-0.2574851762,"Start (yearly)":5.278618295}