{"D":-0.056181799,"MTD":0.139653395,"M":0.1031321174,"YTD":0.0270236214,"Y":-0.4310738677,"Start (yearly)":5.0533473327}