{"BCH-USD+":{"current":0.0767693754,"target":0.076971193,"change":0.0002018176},"BTC-USD":{"current":0.0898536879,"target":0.0908306955,"change":0.0009770076},"EOS-USD+":{"current":0.2376505447,"target":0.242553475,"change":0.0049029303},"ETH-USD+":{"current":0.1445288932,"target":0.141994772,"change":-0.0025341212},"LTC-USD+":{"current":0.2048010913,"target":0.20104109,"change":-0.0037600013},"XLM-USD+":{"current":0.083410838,"target":0.0839988596,"change":0.0005880216},"XRP-USD+":{"current":0.0722939918,"target":0.0706276029,"change":-0.0016663889},"cash":{"current":0.0906915777,"target":0.0919823119,"change":0.0012907342}}