{"BCH-USD+":{"current":0.0085285603,"target":0.0113213548,"change":0.0027927945},"BTC-USD":{"current":0.0197879052,"target":0.0298245046,"change":0.0100365994},"EOS-USD+":{"current":0.0106866354,"target":0.0547940539,"change":0.0441074185},"ETH-USD+":{"current":0.0089745725,"target":0.0161781215,"change":0.007203549},"LTC-USD+":{"current":0.01465923,"target":0.015169237,"change":0.000510007},"XLM-USD+":{"current":0.0058816391,"target":0.0217800639,"change":0.0158984248},"XRP-USD+":{"current":0.0150473766,"target":0.0151062607,"change":0.0000588841},"cash":{"current":0.9164340809,"target":0.835826404,"change":-0.0806076769}}