{"BCH-USD+":{"current":0.0974897749,"target":0.104363018,"change":0.0068732431},"BTC-USD":{"current":0.1032722172,"target":0.105620403,"change":0.0023481858},"EOS-USD+":{"current":0.0792671428,"target":0.0799099885,"change":0.0006428457},"ETH-USD+":{"current":0.0742491014,"target":0.0758771011,"change":0.0016279997},"LTC-USD+":{"current":0.0853135964,"target":0.0887504778,"change":0.0034368814},"XLM-USD+":{"current":0.0802136545,"target":0.0881740201,"change":0.0079603656},"XRP-USD+":{"current":0.1175261056,"target":0.132797379,"change":0.0152712734},"cash":{"current":0.3626684072,"target":0.324507613,"change":-0.0381607942}}