{"D":-0.0444289462,"MTD":0.1733612566,"M":0.2387604979,"YTD":0.3758086473,"Y":-0.3068845914,"Start (yearly)":5.0616374646}