{"BCH-USD+":{"current":0.0430666882,"target":0.0436310818,"change":0.0005643936},"BTC-USD":{"current":0.0364957527,"target":0.0432014933,"change":0.0067057406},"EOS-USD+":{"current":0.0584275007,"target":0.0605037112,"change":0.0020762105},"ETH-USD+":{"current":0.0477230091,"target":0.047596423,"change":-0.0001265861},"LTC-USD+":{"current":0.0929282955,"target":0.0965184583,"change":0.0035901628},"XLM-USD+":{"current":0.0077792091,"target":0.0141442962,"change":0.0063650871},"XRP-USD+":{"current":0.0468148795,"target":0.0481116048,"change":0.0012967253},"cash":{"current":0.6667646651,"target":0.646292931,"change":-0.0204717341}}