{"BCH-USD+":{"current":0.033347912,"target":0.0277106791,"change":-0.0056372329},"BTC-USD":{"current":0.0334013001,"target":0.0270778122,"change":-0.0063234879},"EOS-USD+":{"current":0.0325946339,"target":0.0279879888,"change":-0.0046066451},"ETH-USD+":{"current":0.056811189,"target":0.048314224,"change":-0.008496965},"LTC-USD+":{"current":0.0181550299,"target":0.0184733025,"change":0.0003182726},"XLM-USD+":{"current":0.059315765,"target":0.0545634674,"change":-0.0047522976},"XRP-USD+":{"current":0.094195412,"target":0.095636912,"change":0.0014415},"cash":{"current":0.6721787583,"target":0.700235614,"change":0.0280568557}}