{"BCH-USD+":{"current":0.0630488683,"target":0.0624597436,"change":-0.0005891247},"BTC-USD":{"current":0.0947055035,"target":0.0846080188,"change":-0.0100974847},"EOS-USD+":{"current":0.1621822743,"target":0.223838663,"change":0.0616563887},"ETH-USD+":{"current":0.1004121099,"target":0.127648025,"change":0.0272359151},"LTC-USD+":{"current":0.2269402456,"target":0.246013439,"change":0.0190731934},"XLM-USD+":{"current":0.0683189805,"target":0.0722962157,"change":0.0039772352},"XRP-USD+":{"current":0.0743081773,"target":0.0793034733,"change":0.004995296},"cash":{"current":0.2100838406,"target":0.103832422,"change":-0.1062514186}}