{"BCH-USD+":{"current":0.1015522997,"target":0.100218039,"change":-0.0013342607},"BTC-USD":{"current":0.0964104173,"target":0.0939005694,"change":-0.0025098479},"EOS-USD+":{"current":0.2710568906,"target":0.257484651,"change":-0.0135722396},"ETH-USD+":{"current":0.1265013159,"target":0.129720676,"change":0.0032193601},"LTC-USD+":{"current":0.1783299299,"target":0.172910973,"change":-0.0054189569},"XLM-USD+":{"current":0.14794661,"target":0.159931955,"change":0.011985345},"XRP-USD+":{"current":0.0752573278,"target":0.085833137,"change":0.0105758092},"cash":{"current":0.0029452087,"target":0.0,"change":-0.0029452087}}