{"D":-0.0054221764,"MTD":0.0044074586,"M":-0.0640121768,"YTD":0.5761099555,"Y":0.1423364064,"Start (yearly)":4.7258189956}