{"BCH-USD+":{"current":0.0283708593,"target":0.0321086316,"change":0.0037377723},"BTC-USD":{"current":0.0283080703,"target":0.0290675365,"change":0.0007594662},"EOS-USD+":{"current":0.0402202735,"target":0.0377016996,"change":-0.0025185739},"ETH-USD+":{"current":0.0328520182,"target":0.0480409437,"change":0.0151889255},"LTC-USD+":{"current":0.0237538412,"target":0.031080113,"change":0.0073262718},"XLM-USD+":{"current":0.0419264888,"target":0.0476605224,"change":0.0057340336},"XRP-USD+":{"current":0.0473556231,"target":0.0573345032,"change":0.0099788801},"cash":{"current":0.7572128255,"target":0.71700605,"change":-0.0402067755}}