{"BCH-USD+":{"current":0.2570402769,"target":0.257705601,"change":0.0006653241},"BTC-USD":{"current":0.2821997686,"target":0.332901794,"change":0.0507020254},"LTC-USD+":{"current":0.2936140654,"target":0.272964036,"change":-0.0206500294},"cash":{"current":0.1671458891,"target":0.136428569,"change":-0.0307173201}}