{"XLM-USD+":{"current":0.0354021179,"target":0.027098336,"change":-0.0083037819},"XRP-USD+":{"current":0.054642961,"target":0.0617824415,"change":0.0071394805},"cash":{"current":0.9099549211,"target":0.911119223,"change":0.0011643019}}