{"D":-0.0000881571,"MTD":-0.0067219821,"M":-0.1222631322,"YTD":-0.3224677534,"Y":0.1707540042,"Start (yearly)":5.2075252555}