{"D":0.0227821566,"MTD":0.0808963704,"M":-0.0540295804,"YTD":0.9220419528,"Y":-0.2200026909,"Start (yearly)":3.422611879}