{"D":0.00744335,"MTD":0.0222376822,"M":-0.0709887095,"YTD":1.4349745765,"Y":0.5737037114,"Start (yearly)":3.3060339443}