{"EOS-USD+":{"current":0.0916386554,"target":0.0705229515,"change":-0.0211157039},"ETH-USD+":{"current":0.1194261544,"target":0.0766666667,"change":-0.0427594877},"cash":{"current":0.7889351903,"target":0.852810382,"change":0.0638751917}}