{"D":-0.0020414084,"MTD":-0.0554777047,"M":-0.0480729254,"YTD":0.5394428814,"Y":0.2681273702,"Start (yearly)":4.6655665167}