{"EOS-USD+":{"current":0.0329119509,"target":0.0440320634,"change":0.0111201125},"ETH-USD+":{"current":0.0343580807,"target":0.0343682363,"change":0.0000101556},"cash":{"current":0.9327299684,"target":0.9215997,"change":-0.0111302684}}