{"D":0.0269862329,"MTD":0.1281143298,"M":-0.0052449154,"YTD":1.0060045799,"Y":-0.0767517161,"Start (yearly)":3.4400278569}