{"XLM-USD+":{"current":0.1665610153,"target":0.133793317,"change":-0.0327676983},"XRP-USD+":{"current":0.2309715005,"target":0.220277778,"change":-0.0106937225},"cash":{"current":0.6024674842,"target":0.645928905,"change":0.0434614208}}