{"D":0.0071578724,"MTD":-0.0617481436,"M":-0.0779774357,"YTD":0.4439810539,"Y":0.2878062684,"Start (yearly)":4.5482335502}