{"D":-0.0123592,"MTD":-0.0122807201,"M":-0.1289617123,"YTD":1.0923580988,"Y":0.7006330221,"Start (yearly)":3.1667163215}