{"EOS-USD+":{"current":0.6958768657,"target":0.684804612,"change":-0.0110722537},"ETH-USD+":{"current":0.3041231343,"target":0.315195388,"change":0.0110722537},"cash":{"current":0.0,"target":0.0,"change":0.0}}