{"XLM-USD+":{"current":0.4472503404,"target":0.424377168,"change":-0.0228731724},"XRP-USD+":{"current":0.2919481619,"target":0.278804262,"change":-0.0131438999},"cash":{"current":0.2608014977,"target":0.29681857,"change":0.0360170723}}