{"D":-0.0029486143,"MTD":-0.0008568429,"M":-0.0414989963,"YTD":-0.2319713769,"Y":-0.4053276252,"Start (yearly)":3.7769932031}