{"D":0.0155154742,"MTD":0.0225442955,"M":0.0107294526,"YTD":0.0113517688,"Y":-0.383541902,"Start (yearly)":4.2822387488}