{"D":-0.008032254,"MTD":-0.0167578466,"M":-0.1346517695,"YTD":1.0828738738,"Y":0.6755397404,"Start (yearly)":3.1576299876}