{"D":-0.0017790038,"MTD":-0.0457325342,"M":-0.0514303336,"YTD":0.5553261839,"Y":0.305731002,"Start (yearly)":4.6778751289}