{"D":-0.0172535543,"MTD":0.0677740234,"M":0.0677740234,"YTD":0.2031809464,"Y":-0.4174410492,"Start (yearly)":4.8845477692}