{"XLM-USD+":{"current":0.0536047572,"target":0.0514835526,"change":-0.0021212046},"XRP-USD+":{"current":0.057850256,"target":0.0541666667,"change":-0.0036835893},"cash":{"current":0.8885449868,"target":0.894349781,"change":0.0058047942}}