{"XLM-USD+":{"current":0.0805879733,"target":0.079402645,"change":-0.0011853283},"XRP-USD+":{"current":0.0890327418,"target":0.071704351,"change":-0.0173283908},"cash":{"current":0.8303792849,"target":0.848893004,"change":0.0185137191}}