{"EOS-USD+":{"current":0.0911025463,"target":0.0966882114,"change":0.0055856651},"ETH-USD+":{"current":0.0943667829,"target":0.095,"change":0.0006332171},"cash":{"current":0.8145306708,"target":0.808311789,"change":-0.0062188818}}