{"BCH-USD+":{"current":0.0754093309,"target":0.0853700114,"change":0.0099606805},"BTC-USD":{"current":0.0752424386,"target":0.0772843873,"change":0.0020419487},"LTC-USD+":{"current":0.0631373639,"target":0.0826353994,"change":0.0194980355},"cash":{"current":0.7862108666,"target":0.754710202,"change":-0.0315006646}}