{"XLM-USD+":{"current":0.1610935257,"target":0.172288764,"change":0.0111952383},"XRP-USD+":{"current":0.1455624192,"target":0.1725,"change":0.0269375808},"cash":{"current":0.6933440551,"target":0.655211236,"change":-0.0381328191}}