{"BCH-USD+":{"current":0.0890612954,"target":0.10290455,"change":0.0138432546},"BTC-USD":{"current":0.10696229,"target":0.122339717,"change":0.015377427},"LTC-USD+":{"current":0.1132110897,"target":0.115060464,"change":0.0018493743},"cash":{"current":0.6907653249,"target":0.659695269,"change":-0.0310700559}}