{"BCH-USD+":{"current":0.1689166437,"target":0.169175779,"change":0.0002591353},"BTC-USD":{"current":0.2510680957,"target":0.253516642,"change":0.0024485463},"LTC-USD+":{"current":0.545342451,"target":0.577307578,"change":0.031965127},"cash":{"current":0.0346728096,"target":0.0,"change":-0.0346728096}}