{"XLM-USD+":{"current":0.2233023802,"target":0.17534018,"change":-0.0479622002},"XRP-USD+":{"current":0.1816630405,"target":0.151294501,"change":-0.0303685395},"cash":{"current":0.5950345793,"target":0.673365318,"change":0.0783307387}}