{"EOS-USD+":{"current":0.2595300692,"target":0.285402373,"change":0.0258723038},"ETH-USD+":{"current":0.4913273686,"target":0.559565899,"change":0.0682385304},"cash":{"current":0.2491425623,"target":0.155031727,"change":-0.0941108353}}