{"BCH-USD+":{"current":0.3151944147,"target":0.245359962,"change":-0.0698344527},"BTC-USD":{"current":0.4524669783,"target":0.435835229,"change":-0.0166317493},"LTC-USD+":{"current":0.232338607,"target":0.201915112,"change":-0.030423495},"cash":{"current":0.0,"target":0.116889697,"change":0.116889697}}