{"EOS-USD+":{"current":0.2619764411,"target":0.291941556,"change":0.0299651149},"ETH-USD+":{"current":0.3847593715,"target":0.365846689,"change":-0.0189126825},"cash":{"current":0.3532641874,"target":0.342211754,"change":-0.0110524334}}