{"D":0.0119836644,"MTD":0.0347981232,"M":0.0228416952,"YTD":0.023471469,"Y":-0.4071500679,"Start (yearly)":4.2866838253}