{"XLM-USD+":{"current":0.0728651101,"target":0.0374077873,"change":-0.0354573228},"XRP-USD+":{"current":0.2132279798,"target":0.0984387928,"change":-0.114789187},"cash":{"current":0.7139069101,"target":0.86415342,"change":0.1502465099}}