{"XLM-USD+":{"current":0.352810327,"target":0.353918757,"change":0.00110843},"XRP-USD+":{"current":0.5848057405,"target":0.635833333,"change":0.0510275925},"cash":{"current":0.0623839325,"target":0.0102479098,"change":-0.0521360227}}