{"BCH-USD+":{"current":0.0236768844,"target":0.0230968616,"change":-0.0005800228},"BTC-USD":{"current":0.0771402696,"target":0.0519144378,"change":-0.0252258318},"LTC-USD+":{"current":0.050478928,"target":0.039929423,"change":-0.010549505},"cash":{"current":0.8487039179,"target":0.885059278,"change":0.0363553601}}