{"D":0.0010084739,"MTD":-0.0014987537,"M":-0.1287887831,"YTD":0.62742123,"Y":0.2951308518,"Start (yearly)":4.7666349974}