{"XLM-USD+":{"current":0.3658598099,"target":0.235960978,"change":-0.1298988319},"XRP-USD+":{"current":0.2666180125,"target":0.202777778,"change":-0.0638402345},"cash":{"current":0.3675221775,"target":0.561261244,"change":0.1937390665}}