{"D":-0.0117599973,"MTD":-0.0179881805,"M":-0.170868468,"YTD":0.600545707,"Y":0.279321941,"Start (yearly)":4.7499479033}