{"D":-0.0002994651,"MTD":-0.1699703103,"M":-0.237150623,"YTD":0.6396541434,"Y":0.2498899211,"Start (yearly)":4.808381285}