{"BCH-USD+":{"current":0.3144570641,"target":0.269538402,"change":-0.0449186621},"BTC-USD":{"current":0.4043462414,"target":0.257306292,"change":-0.1470399494},"LTC-USD+":{"current":0.2811966944,"target":0.27857484,"change":-0.0026218544},"cash":{"current":0.0,"target":0.194580466,"change":0.194580466}}