{"D":-0.0186998507,"MTD":-0.0462590575,"M":-0.1065705154,"YTD":-0.1361159866,"Y":-0.3868497172,"Start (yearly)":3.9856923754}