{"D":0.0834427056,"MTD":0.1531286015,"M":0.1638103912,"YTD":0.0751518498,"Y":-0.2987866154,"Start (yearly)":4.2078065491}