{"D":-0.00049982,"MTD":0.0185647102,"M":-0.054151262,"YTD":-0.2731335156,"Y":-0.3937223176,"Start (yearly)":3.6465345475}