{"BCH-USD+":{"current":0.1768219162,"target":0.179011709,"change":0.0021897928},"BTC-USD":{"current":0.2146692365,"target":0.168132623,"change":-0.0465366135},"LTC-USD+":{"current":0.1052310614,"target":0.0905311535,"change":-0.0146999079},"cash":{"current":0.5032777858,"target":0.562324515,"change":0.0590467292}}