{"XLM-USD+":{"current":0.1226652839,"target":0.0959373745,"change":-0.0267279094},"XRP-USD+":{"current":0.2482979776,"target":0.250155429,"change":0.0018574514},"cash":{"current":0.6290367386,"target":0.653907196,"change":0.0248704574}}