{"D":-0.0015128991,"MTD":-0.1769671699,"M":-0.1857044216,"YTD":0.6258324333,"Y":0.2502075807,"Start (yearly)":4.8153506258}