{"XLM-USD+":{"current":0.141709898,"target":0.180148235,"change":0.038438337},"XRP-USD+":{"current":0.2458726147,"target":0.322843725,"change":0.0769711103},"cash":{"current":0.6124174873,"target":0.49700804,"change":-0.1154094473}}