{"XLM-USD+":{"current":0.3981098871,"target":0.361174005,"change":-0.0369358821},"XRP-USD+":{"current":0.4586754505,"target":0.462461654,"change":0.0037862035},"cash":{"current":0.1432146623,"target":0.176364342,"change":0.0331496797}}