{"BCH-USD+":{"current":0.1496403932,"target":0.151667768,"change":0.0020273748},"BTC-USD":{"current":0.235319552,"target":0.234633822,"change":-0.00068573},"LTC-USD+":{"current":0.6150400548,"target":0.61369841,"change":-0.0013416448},"cash":{"current":0.0,"target":0.0,"change":0.0}}