{"BCH-USD+":{"current":0.0801777919,"target":0.0688747494,"change":-0.0113030425},"BTC-USD":{"current":0.0779638017,"target":0.0701034543,"change":-0.0078603474},"LTC-USD+":{"current":0.056109843,"target":0.0414758306,"change":-0.0146340124},"cash":{"current":0.7857485634,"target":0.819545966,"change":0.0337974026}}