{"XLM-USD+":{"current":0.3055210368,"target":0.317625995,"change":0.0121049582},"XRP-USD+":{"current":0.4068982857,"target":0.475277778,"change":0.0683794923},"cash":{"current":0.2875806775,"target":0.207096227,"change":-0.0804844505}}