{"EOS-USD+":{"current":0.2136433853,"target":0.215310719,"change":0.0016673337},"ETH-USD+":{"current":0.200118597,"target":0.204444444,"change":0.004325847},"cash":{"current":0.5862380177,"target":0.580244836,"change":-0.0059931817}}