{"D":0.0279004065,"MTD":-0.0182911142,"M":0.0368310973,"YTD":0.0288969286,"Y":-0.2726134915,"Start (yearly)":4.1093409124}