{"D":0.0163459786,"MTD":0.2217350014,"M":0.3181204918,"YTD":2.467959184,"Y":1.0378786053,"Start (yearly)":3.6202726662}