{"D":-0.0350711071,"MTD":-0.0488216007,"M":-0.0535521683,"YTD":-0.2093851637,"Y":0.1517268202,"Start (yearly)":4.5852772046}