{"D":-0.0018759829,"MTD":-0.0058880803,"M":-0.0342764135,"YTD":-0.235838825,"Y":-0.3672963204,"Start (yearly)":3.7587401008}