{"XLM-USD+":{"current":0.1163691192,"target":0.0372114123,"change":-0.0791577069},"XRP-USD+":{"current":0.0968151013,"target":0.105537193,"change":0.0087220917},"cash":{"current":0.7868157795,"target":0.857251395,"change":0.0704356155}}