{"EOS-USD+":{"current":0.1687658762,"target":0.141409995,"change":-0.0273558812},"ETH-USD+":{"current":0.2013559762,"target":0.164668366,"change":-0.0366876102},"cash":{"current":0.6298781476,"target":0.693921638,"change":0.0640434904}}