{"BCH-USD+":{"current":0.0322688996,"target":0.0254599692,"change":-0.0068089304},"BTC-USD":{"current":0.0758097061,"target":0.0644531113,"change":-0.0113565948},"LTC-USD+":{"current":0.0947990268,"target":0.0552777778,"change":-0.039521249},"cash":{"current":0.7971223676,"target":0.854809142,"change":0.0576867744}}