{"D":-0.0117693186,"MTD":0.0649853373,"M":0.0187833285,"YTD":-0.0595123083,"Y":-0.3371230296,"Start (yearly)":4.9604946988}