{"D":0.0857659192,"MTD":0.1027831212,"M":0.1557959209,"YTD":0.0906764217,"Y":-0.2985376772,"Start (yearly)":4.3643575881}