{"EOS-USD+":{"current":0.0352539963,"target":0.063982711,"change":0.0287287147},"ETH-USD+":{"current":0.0350552137,"target":0.0731083448,"change":0.0380531311},"cash":{"current":0.92969079,"target":0.862908944,"change":-0.066781846}}