{"D":0.0286908216,"MTD":0.0171189084,"M":0.024762473,"YTD":-0.2741652664,"Y":-0.390001283,"Start (yearly)":3.6373969277}