{"EOS-USD+":{"current":0.0819335487,"target":0.12042398,"change":0.0384904313},"ETH-USD+":{"current":0.0295543658,"target":0.0623875585,"change":0.0328331927},"cash":{"current":0.8885120855,"target":0.817188461,"change":-0.0713236245}}