{"D":0.0000384273,"MTD":-0.0092169306,"M":-0.0791871856,"YTD":-0.2031962796,"Y":-0.4130853339,"Start (yearly)":3.860394334}