{"XLM-USD+":{"current":0.193088332,"target":0.162654611,"change":-0.030433721},"XRP-USD+":{"current":0.3979287706,"target":0.276066343,"change":-0.1218624276},"cash":{"current":0.4089828974,"target":0.561279046,"change":0.1522961486}}