{"D":-0.0107061227,"MTD":-0.0107061227,"M":0.1194159755,"YTD":0.2408287953,"Y":-0.4105681297,"Start (yearly)":4.8987055706}