{"D":-0.0027162488,"MTD":-0.063197643,"M":-0.0847234819,"YTD":-0.063197643,"Y":-0.4620141784,"Start (yearly)":4.4516164696}