{"D":-0.0068947155,"MTD":-0.0328661741,"M":-0.0311082924,"YTD":-0.0328661741,"Y":-0.4618737409,"Start (yearly)":4.5141533744}