{"D":-0.0118308783,"MTD":0.0042250854,"M":-0.0639552283,"YTD":-0.2833665353,"Y":-0.436857879,"Start (yearly)":3.6627203597}