{"D":0.0596886037,"MTD":0.0596886037,"M":0.0555442947,"YTD":0.0596886037,"Y":-0.5742396766,"Start (yearly)":3.3789814116}