{"XLM-USD+":{"current":0.036535767,"target":0.0343375881,"change":-0.0021981789},"XRP-USD+":{"current":0.068622011,"target":0.0569444444,"change":-0.0116775666},"cash":{"current":0.894842222,"target":0.908717967,"change":0.013875745}}