{"D":0.0107471601,"MTD":0.0649740782,"M":0.0478143084,"YTD":-0.2735626211,"Y":-0.290573492,"Start (yearly)":5.1779668596}