{"EOS-USD+":{"current":0.6147039185,"target":0.616529465,"change":0.0018255465},"ETH-USD+":{"current":0.3452999577,"target":0.337340453,"change":-0.0079595047},"cash":{"current":0.0399961238,"target":0.0461300811,"change":0.0061339573}}