{"EOS-USD+":{"current":0.2870167974,"target":0.364857603,"change":0.0778408056},"ETH-USD+":{"current":0.5329043454,"target":0.635142397,"change":0.1022380516},"cash":{"current":0.1800788573,"target":0.0,"change":-0.1800788573}}