{"D":0.0065101765,"MTD":-0.0348125245,"M":-0.1020881972,"YTD":-0.6277914219,"Y":-0.6860283675,"Start (yearly)":3.3598165895}