{"BCH-USD+":{"current":0.0715915921,"target":0.0835346511,"change":0.011943059},"BTC-USD":{"current":0.1113383943,"target":0.136565989,"change":0.0252275947},"LTC-USD+":{"current":0.045083329,"target":0.061439652,"change":0.016356323},"cash":{"current":0.7719866846,"target":0.718459708,"change":-0.0535269766}}