{"D":-0.0153832319,"MTD":0.0043923058,"M":-0.0217430616,"YTD":0.0043923058,"Y":-0.5687311493,"Start (yearly)":4.5756936143}