{"XLM-USD+":{"current":0.5058225477,"target":0.45423008,"change":-0.0515924677},"XRP-USD+":{"current":0.2354865288,"target":0.238055556,"change":0.0025690272},"cash":{"current":0.2586909235,"target":0.307714364,"change":0.0490234405}}