{"D":0.0042761465,"MTD":-0.0089496186,"M":-0.0818103575,"YTD":-0.292768246,"Y":-0.4758548549,"Start (yearly)":3.6731242786}