{"D":0.0096453628,"MTD":0.0154888698,"M":-0.0701388995,"YTD":1.4188988763,"Y":0.768884625,"Start (yearly)":3.2916407974}