{"BCH-USD+":{"current":0.35671209,"target":0.372121822,"change":0.015409732},"BTC-USD":{"current":0.3289162663,"target":0.318338273,"change":-0.0105779933},"LTC-USD+":{"current":0.3143716437,"target":0.309539905,"change":-0.0048317387},"cash":{"current":0.0,"target":0.0,"change":0.0}}