{"EOS-USD+":{"current":0.107769123,"target":0.110277778,"change":0.002508655},"ETH-USD+":{"current":0.092781598,"target":0.0763384941,"change":-0.0164431039},"cash":{"current":0.799449279,"target":0.813383728,"change":0.013934449}}