{"EOS-USD+":{"current":0.060786848,"target":0.0647222222,"change":0.0039353742},"ETH-USD+":{"current":0.3086983896,"target":0.307846414,"change":-0.0008519756},"cash":{"current":0.6305147625,"target":0.627431364,"change":-0.0030833985}}