{"D":-0.0092189039,"MTD":0.0111874145,"M":-0.0066623924,"YTD":-0.0487242989,"Y":-0.4104499139,"Start (yearly)":4.3823500674}