{"BCH-USD+":{"current":0.174805613,"target":0.144589422,"change":-0.030216191},"BTC-USD":{"current":0.1611773266,"target":0.135777329,"change":-0.0253999976},"LTC-USD+":{"current":0.2643045468,"target":0.204166667,"change":-0.0601378798},"cash":{"current":0.3997125135,"target":0.515466582,"change":0.1157540685}}