{"EOS-USD+":{"current":0.3803835981,"target":0.2725,"change":-0.1078835981},"ETH-USD+":{"current":0.5305708914,"target":0.335420622,"change":-0.1951502694},"cash":{"current":0.0890455106,"target":0.392079378,"change":0.3030338674}}