{"D":-0.0000530033,"MTD":0.0228258932,"M":0.0151945034,"YTD":0.0228258932,"Y":-0.4803864296,"Start (yearly)":4.5721827883}