{"D":0.008721735,"MTD":-0.0170690794,"M":-0.1440364651,"YTD":1.0822145667,"Y":0.6908437254,"Start (yearly)":3.1469878692}