{"EOS-USD+":{"current":0.148030051,"target":0.165163199,"change":0.017133148},"ETH-USD+":{"current":0.4675648911,"target":0.516634264,"change":0.0490693729},"cash":{"current":0.3844050579,"target":0.318202537,"change":-0.0662025209}}