{"D":-0.0027954319,"MTD":0.0085630215,"M":-0.0764807484,"YTD":1.4024014756,"Y":0.7794185331,"Start (yearly)":3.2846932829}