{"D":-0.0466549945,"MTD":0.0481876194,"M":0.1220180924,"YTD":0.0481876194,"Y":-0.3229897768,"Start (yearly)":5.1820848389}