{"D":0.0136147276,"MTD":-0.0551094312,"M":-0.164998475,"YTD":-0.0551094312,"Y":-0.5841490807,"Start (yearly)":3.2775066797}