{"XLM-USD+":{"current":0.0754588803,"target":0.0520682301,"change":-0.0233906502},"XRP-USD+":{"current":0.0919719442,"target":0.0561111111,"change":-0.0358608331},"cash":{"current":0.8325691755,"target":0.891820659,"change":0.0592514835}}