{"D":-0.0016788714,"MTD":0.0057094142,"M":-0.0503456416,"YTD":0.4551627461,"Y":0.2720176744,"Start (yearly)":4.5162724612}