{"D":-0.0021874712,"MTD":-0.09032759,"M":-0.0819666425,"YTD":-0.09032759,"Y":-0.4963069846,"Start (yearly)":5.0022989025}