{"D":-0.0003085559,"MTD":-0.0284069285,"M":-0.1756607637,"YTD":-0.192416588,"Y":1.9142293107,"Start (yearly)":4.6530850525}