{"EOS-USD+":{"current":0.5905717414,"target":0.594444444,"change":0.0038727026},"ETH-USD+":{"current":0.3610708692,"target":0.367370107,"change":0.0062992378},"cash":{"current":0.0483573894,"target":0.0381854487,"change":-0.0101719407}}