{"D":-0.0182938533,"MTD":-0.0818232043,"M":-0.0693465345,"YTD":1.407252276,"Y":0.5974304917,"Start (yearly)":3.311963009}