{"D":-0.074538953,"MTD":-0.0039108744,"M":-0.0039108744,"YTD":-0.6158747119,"Y":-0.6158747119,"Start (yearly)":3.3511274712}