{"D":0.0092733497,"MTD":-0.0682914253,"M":0.0304636486,"YTD":-0.0682914253,"Y":-0.5544972922,"Start (yearly)":5.0576318979}