{"BCH-USD+":{"current":0.1432848081,"target":0.109166667,"change":-0.0341181411},"BTC-USD":{"current":0.1940722675,"target":0.185211392,"change":-0.0088608755},"LTC-USD+":{"current":0.1071401125,"target":0.0736111111,"change":-0.0335290014},"cash":{"current":0.5555028119,"target":0.63201083,"change":0.0765080181}}