{"D":-0.1149142447,"MTD":-0.0548624486,"M":-0.0808213401,"YTD":-0.6355233433,"Y":-0.6476640938,"Start (yearly)":3.3324026032}