{"EOS-USD+":{"current":0.6214738138,"target":0.640761636,"change":0.0192878222},"ETH-USD+":{"current":0.3785261862,"target":0.359238364,"change":-0.0192878222},"cash":{"current":0.0,"target":0.0,"change":0.0}}