{"BCH-USD+":{"current":0.2443995748,"target":0.245143736,"change":0.0007441612},"BTC-USD":{"current":0.2201066076,"target":0.223154865,"change":0.0030482574},"LTC-USD+":{"current":0.5354938176,"target":0.531701399,"change":-0.0037924186},"cash":{"current":0.0,"target":0.0,"change":0.0}}