{"D":0.0018976543,"MTD":0.0251382956,"M":-0.1079794193,"YTD":-0.0633457637,"Y":-0.5771094184,"Start (yearly)":3.2453789673}