{"BCH-USD+":{"current":0.0799817225,"target":0.278115169,"change":0.1981334465},"BTC-USD":{"current":0.1707109679,"target":0.264535907,"change":0.0938249391},"LTC-USD+":{"current":0.241410419,"target":0.29958075,"change":0.058170331},"cash":{"current":0.5078968906,"target":0.157768175,"change":-0.3501287156}}