{"BCH-USD+":{"current":0.3163150576,"target":0.324533548,"change":0.0082184904},"BTC-USD":{"current":0.4576501086,"target":0.461512618,"change":0.0038625094},"LTC-USD+":{"current":0.2260348338,"target":0.213953834,"change":-0.0120809998},"cash":{"current":0.0,"target":0.0,"change":0.0}}