{"EOS-USD+":{"current":0.0945600393,"target":0.104166667,"change":0.0096066277},"ETH-USD+":{"current":0.0938800216,"target":0.0947766194,"change":0.0008965978},"cash":{"current":0.8115599391,"target":0.801056714,"change":-0.0105032251}}