{"BCH-USD+":{"current":0.1413421669,"target":0.145173037,"change":0.0038308701},"BTC-USD":{"current":0.1494247694,"target":0.172379456,"change":0.0229546866},"LTC-USD+":{"current":0.0512887644,"target":0.0625544142,"change":0.0112656498},"cash":{"current":0.6579442994,"target":0.619893092,"change":-0.0380512074}}