{"BCH-USD+":{"current":0.2418947102,"target":0.137651013,"change":-0.1042436972},"BTC-USD":{"current":0.3380518918,"target":0.214388312,"change":-0.1236635798},"LTC-USD+":{"current":0.2761230672,"target":0.168267703,"change":-0.1078553642},"cash":{"current":0.1439303307,"target":0.479692972,"change":0.3357626413}}