{"D":-0.0385122908,"MTD":-0.0632168607,"M":0.0626630348,"YTD":0.8505366434,"Y":0.39664545,"Start (yearly)":4.9574170039}