{"D":0.0026106326,"MTD":0.0026106326,"M":0.0043554643,"YTD":-0.0563416932,"Y":-0.4115066585,"Start (yearly)":4.3658383876}