{"XLM-USD+":{"current":0.1328412425,"target":0.137603766,"change":0.0047625235},"XRP-USD+":{"current":0.2132773289,"target":0.232777778,"change":0.0195004491},"cash":{"current":0.6538814286,"target":0.629618456,"change":-0.0242629726}}