{"XLM-USD+":{"current":0.4684234083,"target":0.394722222,"change":-0.0737011863},"XRP-USD+":{"current":0.2648668627,"target":0.2475,"change":-0.0173668627},"cash":{"current":0.266709729,"target":0.357777778,"change":0.091068049}}