{"D":-0.0071032472,"MTD":-0.0432082131,"M":-0.0422867843,"YTD":0.5594404838,"Y":0.3208776627,"Start (yearly)":4.6973781555}