{"D":0.0046147968,"MTD":-0.0551730831,"M":0.0173649086,"YTD":-0.0551730831,"Y":-0.5867682304,"Start (yearly)":3.2895104572}