{"D":0.0290395512,"MTD":0.4179905695,"M":0.2595050951,"YTD":0.778524633,"Y":0.0811286731,"Start (yearly)":5.0801597375}