{"XLM-USD+":{"current":0.0701147571,"target":0.0805555556,"change":0.0104407985},"XRP-USD+":{"current":0.0628261859,"target":0.0891125481,"change":0.0262863622},"cash":{"current":0.867059057,"target":0.830331896,"change":-0.036727161}}