{"BCH-USD+":{"current":0.3033246709,"target":0.309449192,"change":0.0061245211},"BTC-USD":{"current":0.5016830674,"target":0.481619801,"change":-0.0200632664},"LTC-USD+":{"current":0.1949922616,"target":0.208931007,"change":0.0139387454},"cash":{"current":0.0,"target":0.0,"change":0.0}}