{"D":-0.0012825238,"MTD":0.4507808489,"M":0.314929463,"YTD":1.5797678041,"Y":0.2821059006,"Start (yearly)":3.5450761184}