{"BCH-USD+":{"current":0.1447179921,"target":0.135726538,"change":-0.0089914541},"BTC-USD":{"current":0.1812389728,"target":0.179678496,"change":-0.0015604768},"LTC-USD+":{"current":0.6231558535,"target":0.604444444,"change":-0.0187114095},"cash":{"current":0.0508871817,"target":0.0801505209,"change":0.0292633392}}