{"XLM-USD+":{"current":0.4273021575,"target":0.469445356,"change":0.0421431985},"XRP-USD+":{"current":0.2155615862,"target":0.251944444,"change":0.0363828578},"cash":{"current":0.3571362563,"target":0.2786102,"change":-0.0785260563}}