{"D":0.029235947,"MTD":0.1738800188,"M":0.2664901194,"YTD":2.3321202941,"Y":0.9429655642,"Start (yearly)":3.6039654688}