{"BCH-USD+":{"current":0.1824543034,"target":0.18293341,"change":0.0004791066},"BTC-USD":{"current":0.1667139158,"target":0.175555556,"change":0.0088416402},"LTC-USD+":{"current":0.2368022062,"target":0.258616429,"change":0.0218142228},"cash":{"current":0.4140295746,"target":0.382894605,"change":-0.0311349696}}