{"D":0.0011841756,"MTD":-0.0286906399,"M":-0.0360195869,"YTD":-0.0286906399,"Y":-0.4265156366,"Start (yearly)":4.5108837109}