{"D":0.0230642191,"MTD":-0.0120081425,"M":0.0979148349,"YTD":0.0195830376,"Y":-0.2261578858,"Start (yearly)":4.915297602}