{"EOS-USD+":{"current":0.2204804767,"target":0.240833333,"change":0.0203528563},"ETH-USD+":{"current":0.1588745091,"target":0.1925,"change":0.0336254909},"cash":{"current":0.6206450142,"target":0.566666667,"change":-0.0539783472}}