{"EOS-USD+":{"current":0.3982100527,"target":0.413985494,"change":0.0157754413},"ETH-USD+":{"current":0.6017899473,"target":0.586014506,"change":-0.0157754413},"cash":{"current":0.0,"target":0.0,"change":0.0}}