{"EOS-USD+":{"current":0.0337272531,"target":0.07839511,"change":0.0446678569},"ETH-USD+":{"current":0.0431850094,"target":0.0619430629,"change":0.0187580535},"cash":{"current":0.9230877375,"target":0.859661827,"change":-0.0634259105}}