{"D":-0.0225296437,"MTD":0.0594045611,"M":0.0388213743,"YTD":-0.1856492029,"Y":-0.333766541,"Start (yearly)":3.7740463464}