{"BCH-USD+":{"current":0.1555219771,"target":0.130593326,"change":-0.0249286511},"BTC-USD":{"current":0.2552850608,"target":0.255280201,"change":-0.0000048598},"LTC-USD+":{"current":0.1175478823,"target":0.101056256,"change":-0.0164916263},"cash":{"current":0.4716450798,"target":0.513070216,"change":0.0414251362}}