{"D":0.0155751308,"MTD":-0.0650833245,"M":0.0733254512,"YTD":-0.0201444544,"Y":-0.3212746538,"Start (yearly)":4.1120692151}