{"BCH-USD+":{"current":0.250937329,"target":0.263329398,"change":0.012392069},"BTC-USD":{"current":0.2139138456,"target":0.253511967,"change":0.0395981214},"LTC-USD+":{"current":0.310089281,"target":0.343589661,"change":0.03350038},"cash":{"current":0.2250595444,"target":0.139568974,"change":-0.0854905704}}