{"D":-0.0020382164,"MTD":0.0002244427,"M":-0.1155952046,"YTD":1.1188487013,"Y":0.5654570384,"Start (yearly)":3.1777125489}