{"BCH-USD+":{"current":0.137918461,"target":0.142004858,"change":0.004086397},"BTC-USD":{"current":0.1825222884,"target":0.183068531,"change":0.0005462426},"LTC-USD+":{"current":0.5977091359,"target":0.566189179,"change":-0.0315199569},"cash":{"current":0.0818501146,"target":0.108737431,"change":0.0268873164}}