{"D":-0.0106885958,"MTD":-0.0218951922,"M":-0.1907391456,"YTD":-0.0880365018,"Y":-0.481770474,"Start (yearly)":4.1640422785}