{"BCH-USD+":{"current":0.2656542122,"target":0.269101605,"change":0.0034473928},"BTC-USD":{"current":0.2326718908,"target":0.220883136,"change":-0.0117887548},"LTC-USD+":{"current":0.501673897,"target":0.510015259,"change":0.008341362},"cash":{"current":0.0,"target":0.0,"change":0.0}}