{"D":-0.0074224594,"MTD":-0.0067720921,"M":-0.0359231738,"YTD":-0.065619725,"Y":-0.4264343698,"Start (yearly)":4.4117038816}