{"BCH-USD+":{"current":0.3920471469,"target":0.356793418,"change":-0.0352537289},"BTC-USD":{"current":0.3148892922,"target":0.332443851,"change":0.0175545588},"LTC-USD+":{"current":0.293063561,"target":0.310762731,"change":0.01769917},"cash":{"current":0.0,"target":0.0,"change":0.0}}