{"BCH-USD+":{"current":0.4276979921,"target":0.437628557,"change":0.0099305649},"BTC-USD":{"current":0.3265712915,"target":0.32102362,"change":-0.0055476715},"LTC-USD+":{"current":0.2457307165,"target":0.241347822,"change":-0.0043828945},"cash":{"current":0.0,"target":0.0,"change":0.0}}