{"D":-0.0104428846,"MTD":-0.0113276733,"M":-0.1819958297,"YTD":-0.0781835787,"Y":-0.5146894749,"Start (yearly)":4.1729970918}