{"XLM-USD+":{"current":0.0587207012,"target":0.163084364,"change":0.1043636628},"XRP-USD+":{"current":0.0944942796,"target":0.214722222,"change":0.1202279424},"cash":{"current":0.8467850192,"target":0.622193414,"change":-0.2245916052}}