{"D":-0.0041403836,"MTD":0.0140016275,"M":-0.0583885834,"YTD":-0.2763898153,"Y":-0.395852931,"Start (yearly)":3.642172966}