{"XLM-USD+":{"current":0.3961871386,"target":0.421666667,"change":0.0254795284},"XRP-USD+":{"current":0.2126268829,"target":0.21545946,"change":0.0028325771},"cash":{"current":0.3911859785,"target":0.362873873,"change":-0.0283121055}}