{"D":-0.0156791825,"MTD":-0.0351279516,"M":-0.1040158611,"YTD":0.3960750887,"Y":0.3062817319,"Start (yearly)":4.4502146372}