{"D":0.0094667191,"MTD":0.4314142879,"M":0.271428476,"YTD":0.7953614261,"Y":0.1464476523,"Start (yearly)":5.0832428361}