{"BCH-USD+":{"current":0.2767552949,"target":0.27047471,"change":-0.0062805849},"BTC-USD":{"current":0.2605608088,"target":0.247513926,"change":-0.0130468828},"LTC-USD+":{"current":0.4626838962,"target":0.482011364,"change":0.0193274678},"cash":{"current":0.0,"target":0.0,"change":0.0}}