{"D":-0.0599683652,"MTD":0.0726899336,"M":0.2001008492,"YTD":0.2087202546,"Y":-0.324208758,"Start (yearly)":4.9006816535}