{"D":-0.0514103399,"MTD":-0.0268464809,"M":-0.0338091371,"YTD":-0.0268464809,"Y":-0.4707939937,"Start (yearly)":4.5334214311}