{"D":0.0294069481,"MTD":-0.0322577934,"M":0.1818442477,"YTD":2.1361389632,"Y":0.8181694227,"Start (yearly)":3.5537366252}