{"D":0.0030601795,"MTD":-0.0252068636,"M":-0.0355716989,"YTD":-0.2160556415,"Y":-0.4315800641,"Start (yearly)":3.8240324121}