{"D":-0.0557002232,"MTD":0.1411211004,"M":0.2730689731,"YTD":0.2858293378,"Y":-0.2424979291,"Start (yearly)":4.9457629998}