{"D":0.0282032942,"MTD":-0.1357570174,"M":-0.1737671336,"YTD":-0.0942152371,"Y":-0.3538856613,"Start (yearly)":4.0269857626}