{"EOS-USD+":{"current":0.1143839159,"target":0.113888889,"change":-0.0004950269},"ETH-USD+":{"current":0.1322243033,"target":0.129722222,"change":-0.0025020813},"cash":{"current":0.7533917808,"target":0.756388889,"change":0.0029971082}}