{"XLM-USD+":{"current":0.0621942654,"target":0.0768677693,"change":0.0146735039},"XRP-USD+":{"current":0.1029647166,"target":0.0922222222,"change":-0.0107424944},"cash":{"current":0.8348410179,"target":0.830910009,"change":-0.0039310089}}