{"D":0.0118853629,"MTD":0.0371601771,"M":-0.002080352,"YTD":1.4705200238,"Y":0.8531550483,"Start (yearly)":3.2847278098}