{"XLM-USD+":{"current":0.2241602019,"target":0.259432604,"change":0.0352724021},"XRP-USD+":{"current":0.1784051906,"target":0.260555556,"change":0.0821503654},"cash":{"current":0.5974346074,"target":0.48001184,"change":-0.1174227674}}