{"D":0.3044758084,"MTD":0.2949237725,"M":0.6054021653,"YTD":0.7411756418,"Y":-0.0755952955,"Start (yearly)":3.4441861322}