{"XLM-USD+":{"current":0.1769560115,"target":0.173055556,"change":-0.0039004555},"XRP-USD+":{"current":0.1655943695,"target":0.16,"change":-0.0055943695},"cash":{"current":0.657449619,"target":0.666944444,"change":0.009494825}}