{"BCH-USD+":{"current":0.2999535456,"target":0.279817408,"change":-0.0201361376},"BTC-USD":{"current":0.2816452197,"target":0.262620362,"change":-0.0190248577},"LTC-USD+":{"current":0.4055628376,"target":0.45756223,"change":0.0519993924},"cash":{"current":0.0128383971,"target":0.0,"change":-0.0128383971}}