{"D":-0.0015541437,"MTD":-0.0045440527,"M":-0.0396333542,"YTD":-0.2348056881,"Y":-0.3790230852,"Start (yearly)":3.7705851874}