{"D":0.0037058021,"MTD":-0.1088127688,"M":-0.1940680297,"YTD":-0.1927761851,"Y":-0.4832430988,"Start (yearly)":3.8955186984}