{"D":0.1870539993,"MTD":0.1676533831,"M":0.2820773531,"YTD":0.3163468686,"Y":0.0141658349,"Start (yearly)":5.0304933735}