{"D":-0.0098231441,"MTD":-0.1583652058,"M":0.3621904465,"YTD":0.7645205656,"Y":0.2846143387,"Start (yearly)":5.00096234}