{"D":0.0092037905,"MTD":-0.0656776416,"M":-0.0510569185,"YTD":-0.0207673386,"Y":-0.3209228473,"Start (yearly)":4.1065773717}