{"EOS-USD+":{"current":0.1784149158,"target":0.183055556,"change":0.0046406402},"ETH-USD+":{"current":0.117194168,"target":0.121388889,"change":0.004194721},"cash":{"current":0.7043909161,"target":0.695555556,"change":-0.0088353601}}