{"D":-0.0122121021,"MTD":-0.0227942237,"M":0.070178588,"YTD":0.9303881776,"Y":0.4708864242,"Start (yearly)":4.9692580751}