{"BCH-USD+":{"current":0.1479740774,"target":0.15211393,"change":0.0041398526},"BTC-USD":{"current":0.1047907436,"target":0.108285901,"change":0.0034951574},"LTC-USD+":{"current":0.0835691808,"target":0.0949704611,"change":0.0114012803},"cash":{"current":0.6636659982,"target":0.644629708,"change":-0.0190362902}}