{"EOS-USD+":{"current":0.2113065927,"target":0.330006961,"change":0.1187003683},"ETH-USD+":{"current":0.1464130269,"target":0.223014041,"change":0.0766010141},"cash":{"current":0.6422803804,"target":0.446978998,"change":-0.1953013824}}