{"D":0.0088878462,"MTD":0.0150887761,"M":-0.1189630515,"YTD":1.6613336104,"Y":0.6916746698,"Start (yearly)":3.4006927156}