{"D":-0.0035617059,"MTD":0.0057876828,"M":-0.0917771392,"YTD":1.3957906068,"Y":0.7359691581,"Start (yearly)":3.2927523429}