{"D":-0.0085267295,"MTD":0.0455820889,"M":0.0455820889,"YTD":-0.015896908,"Y":-0.3578075843,"Start (yearly)":4.3153049952}