{"XLM-USD+":{"current":0.1848428076,"target":0.191944444,"change":0.0071016364},"XRP-USD+":{"current":0.1583851429,"target":0.16926843,"change":0.0108832871},"cash":{"current":0.6567720494,"target":0.638787126,"change":-0.0179849234}}