{"XLM-USD+":{"current":0.0823995801,"target":0.0268561295,"change":-0.0555434506},"XRP-USD+":{"current":0.058641951,"target":0.0499837977,"change":-0.0086581533},"cash":{"current":0.8589584689,"target":0.923160073,"change":0.0642016041}}