{"EOS-USD+":{"current":0.0657760447,"target":0.0938888889,"change":0.0281128442},"ETH-USD+":{"current":0.0739285128,"target":0.104444444,"change":0.0305159312},"cash":{"current":0.8602954426,"target":0.801666667,"change":-0.0586287756}}