{"D":-0.0011947071,"MTD":-0.0281070452,"M":-0.2040304321,"YTD":-0.1921673265,"Y":2.0986583406,"Start (yearly)":4.6628924554}