{"D":0.0016996686,"MTD":0.0054081664,"M":0.0267647999,"YTD":0.7878093852,"Y":-0.2673142089,"Start (yearly)":3.3985281527}