{"XLM-USD+":{"current":0.4784918677,"target":0.436841998,"change":-0.0416498697},"XRP-USD+":{"current":0.2566942984,"target":0.233611111,"change":-0.0230831874},"cash":{"current":0.2648138339,"target":0.329546891,"change":0.0647330571}}