{"D":-0.1170480005,"MTD":-0.0947938283,"M":-0.0911346859,"YTD":0.8978004678,"Y":0.4407615398,"Start (yearly)":4.9971507372}