{"D":-0.0209763844,"MTD":-0.1059783576,"M":-0.1730349555,"YTD":-0.1902088186,"Y":-0.4151065171,"Start (yearly)":3.9233802395}