{"BCH-USD+":{"current":0.2000561686,"target":0.169341976,"change":-0.0307141926},"BTC-USD":{"current":0.2627060111,"target":0.25463598,"change":-0.0080700311},"LTC-USD+":{"current":0.5372378203,"target":0.540610353,"change":0.0033725327},"cash":{"current":0.0,"target":0.0354116909,"change":0.0354116909}}