{"D":-0.0389472405,"MTD":-0.0392055228,"M":-0.0523180068,"YTD":-0.2614495189,"Y":-0.5097536613,"Start (yearly)":3.7147058432}