{"D":0.0017425155,"MTD":-0.0391212707,"M":-0.0345429482,"YTD":0.5661016442,"Y":0.3318492445,"Start (yearly)":4.6940807927}