{"BCH-USD+":{"current":0.3021036386,"target":0.221388889,"change":-0.0807147496},"BTC-USD":{"current":0.2567197096,"target":0.223623714,"change":-0.0330959956},"LTC-USD+":{"current":0.4411766519,"target":0.33387999,"change":-0.1072966619},"cash":{"current":0.0,"target":0.221107407,"change":0.221107407}}