{"D":-0.0106083448,"MTD":-0.019475787,"M":-0.1727143585,"YTD":-0.1849930668,"Y":2.1141587887,"Start (yearly)":4.6752960984}