{"EOS-USD+":{"current":0.395858909,"target":0.338333333,"change":-0.057525576},"ETH-USD+":{"current":0.48002626,"target":0.447769093,"change":-0.032257167},"cash":{"current":0.124114831,"target":0.213897574,"change":0.089782743}}