{"D":0.0000282887,"MTD":-0.1123172285,"M":-0.1123172285,"YTD":-0.1959504713,"Y":-0.4389543787,"Start (yearly)":3.8816180388}