{"D":-0.0124118043,"MTD":-0.1406502478,"M":0.2292343113,"YTD":0.8016606743,"Y":0.2922763257,"Start (yearly)":5.008395232}