{"EOS-USD+":{"current":0.1168764343,"target":0.0840046665,"change":-0.0328717678},"ETH-USD+":{"current":0.0436148007,"target":0.0269924278,"change":-0.0166223729},"cash":{"current":0.839508765,"target":0.889002906,"change":0.049494141}}