{"D":-0.012719376,"MTD":0.076965403,"M":0.0455504578,"YTD":0.0136411042,"Y":-0.3522521205,"Start (yearly)":4.3560325871}