{"D":0.0632735029,"MTD":0.1405033952,"M":0.2549109978,"YTD":2.237378989,"Y":0.8874011349,"Start (yearly)":3.5955608455}