{"D":-0.0415641721,"MTD":-0.0494448738,"M":-0.0639712852,"YTD":-0.0598494242,"Y":-0.4563834232,"Start (yearly)":4.2166760522}