{"D":0.0431972779,"MTD":-0.0276199806,"M":0.1640577149,"YTD":2.1511686118,"Y":0.8207018935,"Start (yearly)":3.5456351093}