{"D":-0.0046487985,"MTD":-0.0064904469,"M":-0.1714047007,"YTD":0.619285449,"Y":0.2980821245,"Start (yearly)":4.760391127}