{"EOS-USD+":{"current":0.3437927947,"target":0.381614761,"change":0.0378219663},"ETH-USD+":{"current":0.2315385472,"target":0.243745475,"change":0.0122069278},"cash":{"current":0.4246686581,"target":0.374639764,"change":-0.0500288941}}