{"D":0.0193061615,"MTD":-0.0155347281,"M":-0.0131749506,"YTD":0.4244245587,"Y":0.3367923567,"Start (yearly)":4.4565804599}