{"XLM-USD+":{"current":0.0699392212,"target":0.0493308864,"change":-0.0206083348},"XRP-USD+":{"current":0.061182013,"target":0.0586111111,"change":-0.0025709019},"cash":{"current":0.8688787659,"target":0.892058002,"change":0.0231792361}}