{"D":0.0309262482,"MTD":0.0776687643,"M":0.0309165134,"YTD":-0.0483115841,"Y":-0.3331572591,"Start (yearly)":4.9721402492}