{"D":0.0430732122,"MTD":0.4795854822,"M":0.4182241975,"YTD":1.6309879904,"Y":0.3702891764,"Start (yearly)":3.5487895121}