{"D":-0.0066140427,"MTD":-0.0340513436,"M":0.1563585874,"YTD":2.130326648,"Y":0.8351226211,"Start (yearly)":3.5401759003}