{"BCH-USD+":{"current":0.2777654313,"target":0.268273766,"change":-0.0094916653},"BTC-USD":{"current":0.3516894763,"target":0.359476479,"change":0.0077870027},"LTC-USD+":{"current":0.3705450924,"target":0.372249755,"change":0.0017046626},"cash":{"current":0.0,"target":0.0,"change":0.0}}