{"D":-0.039724162,"MTD":0.2355864258,"M":0.2110480384,"YTD":0.1289376907,"Y":-0.5072345842,"Start (yearly)":3.3067679894}