{"D":0.0082680132,"MTD":-0.0038394128,"M":-0.0266462602,"YTD":0.0280129636,"Y":-0.2189821505,"Start (yearly)":4.9109521853}