{"BCH-USD+":{"current":0.1042494175,"target":0.112455114,"change":0.0082056965},"BTC-USD":{"current":0.0958853302,"target":0.108997875,"change":0.0131125448},"LTC-USD+":{"current":0.0805685792,"target":0.0638888889,"change":-0.0166796903},"cash":{"current":0.7192966732,"target":0.714658122,"change":-0.0046385512}}