{"D":0.0442292796,"MTD":0.1740757314,"M":0.2470495081,"YTD":0.2484144093,"Y":-0.3937459737,"Start (yearly)":3.313065825}