{"BCH-USD+":{"current":0.1508816742,"target":0.178320068,"change":0.0274383938},"BTC-USD":{"current":0.1859858789,"target":0.208011457,"change":0.0220255781},"LTC-USD+":{"current":0.5784396946,"target":0.613668474,"change":0.0352287794},"cash":{"current":0.0846927523,"target":0.0,"change":-0.0846927523}}