{"EOS-USD+":{"current":0.1703306294,"target":0.165833333,"change":-0.0044972964},"ETH-USD+":{"current":0.1105893502,"target":0.0772222222,"change":-0.033367128},"cash":{"current":0.7190800204,"target":0.756944444,"change":0.0378644236}}