{"BCH-USD+":{"current":0.0300957438,"target":0.0239651086,"change":-0.0061306352},"BTC-USD":{"current":0.1558376337,"target":0.136432333,"change":-0.0194053007},"LTC-USD+":{"current":0.1528567604,"target":0.143392424,"change":-0.0094643364},"cash":{"current":0.661209862,"target":0.696210134,"change":0.035000272}}