{"XLM-USD+":{"current":0.1985813073,"target":0.2025,"change":0.0039186927},"XRP-USD+":{"current":0.2175269777,"target":0.221944444,"change":0.0044174663},"cash":{"current":0.5838917151,"target":0.575555556,"change":-0.0083361591}}