{"XLM-USD+":{"current":0.2589934935,"target":0.260387423,"change":0.0013939295},"XRP-USD+":{"current":0.1350736751,"target":0.172420183,"change":0.0373465079},"cash":{"current":0.6059328314,"target":0.567192394,"change":-0.0387404374}}