{"EOS-USD+":{"current":0.5620449772,"target":0.503722046,"change":-0.0583229312},"ETH-USD+":{"current":0.3103187896,"target":0.292391868,"change":-0.0179269216},"cash":{"current":0.1276362332,"target":0.203886086,"change":0.0762498528}}