{"D":0.0032985809,"MTD":0.007705375,"M":-0.0191344682,"YTD":0.007705375,"Y":-0.5276700843,"Start (yearly)":4.5747636409}