{"BCH-USD+":{"current":0.1976838814,"target":0.200880086,"change":0.0031962046},"BTC-USD":{"current":0.1685443982,"target":0.181589791,"change":0.0130453928},"LTC-USD+":{"current":0.187107133,"target":0.183333333,"change":-0.0037738},"cash":{"current":0.4466645874,"target":0.434196789,"change":-0.0124677984}}