{"EOS-USD+":{"current":0.0873093009,"target":0.075,"change":-0.0123093009},"ETH-USD+":{"current":0.1521767424,"target":0.129468638,"change":-0.0227081044},"cash":{"current":0.7605139567,"target":0.795531362,"change":0.0350174053}}