{"D":0.0060752849,"MTD":0.0025577877,"M":-0.1135320463,"YTD":1.1237915968,"Y":0.5808088216,"Start (yearly)":3.1805435258}