{"D":-0.019553183,"MTD":-0.0344441228,"M":-0.0984904472,"YTD":0.5737247591,"Y":0.290183174,"Start (yearly)":4.724114079}