{"D":-0.0271917177,"MTD":0.2190895846,"M":0.3600529559,"YTD":0.373685188,"Y":-0.1042571419,"Start (yearly)":4.9974816603}