{"D":-0.0087746438,"MTD":0.0176993323,"M":0.0138254139,"YTD":0.0065598373,"Y":-0.3659911473,"Start (yearly)":4.2903989397}