{"XLM-USD+":{"current":0.2232707001,"target":0.232372654,"change":0.0091019539},"XRP-USD+":{"current":0.1803350267,"target":0.183055556,"change":0.0027205293},"cash":{"current":0.5963942731,"target":0.58457179,"change":-0.0118224831}}