{"D":0.0094425954,"MTD":-0.1710850175,"M":-0.2118118392,"YTD":0.6374521327,"Y":0.24484442,"Start (yearly)":4.8137258889}