{"D":-0.0868525696,"MTD":-0.1061081393,"M":-0.1380257772,"YTD":1.129254275,"Y":0.5864748897,"Start (yearly)":3.2049624333}