{"EOS-USD+":{"current":0.2941970316,"target":0.292800514,"change":-0.0013965176},"ETH-USD+":{"current":0.4945904636,"target":0.500277778,"change":0.0056873144},"cash":{"current":0.2112125048,"target":0.206921708,"change":-0.0042907968}}