{"D":-0.0123316976,"MTD":-0.0723609524,"M":-0.2287646936,"YTD":-0.6422713517,"Y":-0.6127890465,"Start (yearly)":3.3517856596}