{"D":-0.04310004,"MTD":0.0434007411,"M":0.051500005,"YTD":0.0434007411,"Y":-0.5952767282,"Start (yearly)":3.3667949699}