{"XLM-USD+":{"current":0.0440389229,"target":0.0376236144,"change":-0.0064153085},"XRP-USD+":{"current":0.082138375,"target":0.0709549922,"change":-0.0111833828},"cash":{"current":0.8738227021,"target":0.891421393,"change":0.0175986909}}