{"D":0.0009739153,"MTD":-0.0236029095,"M":-0.1395615476,"YTD":-0.3339825281,"Y":0.1379340769,"Start (yearly)":5.1727680305}