{"D":-0.0609547095,"MTD":0.0570323702,"M":0.0116288033,"YTD":-0.5923729581,"Y":-0.6023988768,"Start (yearly)":3.3944327835}