{"EOS-USD+":{"current":0.6128218959,"target":0.511388889,"change":-0.1014330069},"ETH-USD+":{"current":0.3385593199,"target":0.288725768,"change":-0.0498335519},"cash":{"current":0.0486187842,"target":0.199885343,"change":0.1512665588}}