{"XLM-USD+":{"current":0.3534519601,"target":0.354414088,"change":0.0009621279},"XRP-USD+":{"current":0.5772051958,"target":0.581388889,"change":0.0041836932},"cash":{"current":0.0693428441,"target":0.0641970227,"change":-0.0051458214}}