{"XLM-USD+":{"current":0.0263914148,"target":0.0208003525,"change":-0.0055910623},"XRP-USD+":{"current":0.0842159975,"target":0.126111111,"change":0.0418951135},"cash":{"current":0.8893925877,"target":0.853088536,"change":-0.0363040517}}