{"BCH-USD+":{"current":0.093439234,"target":0.074882433,"change":-0.018556801},"BTC-USD":{"current":0.1058755443,"target":0.0836128808,"change":-0.0222626635},"LTC-USD+":{"current":0.2146894577,"target":0.215277778,"change":0.0005883203},"cash":{"current":0.5859957639,"target":0.626226908,"change":0.0402311441}}