{"EOS-USD+":{"current":0.1984368904,"target":0.210555556,"change":0.0121186656},"ETH-USD+":{"current":0.2306131817,"target":0.227222222,"change":-0.0033909597},"cash":{"current":0.5709499279,"target":0.562222222,"change":-0.0087277059}}