{"BCH-USD+":{"current":0.0292153562,"target":0.0241276235,"change":-0.0050877327},"BTC-USD":{"current":0.0792419392,"target":0.0438933133,"change":-0.0353486259},"LTC-USD+":{"current":0.040244036,"target":0.0413156449,"change":0.0010716089},"cash":{"current":0.8512986686,"target":0.890663418,"change":0.0393647494}}