{"XLM-USD+":{"current":0.0899326354,"target":0.0738888889,"change":-0.0160437465},"XRP-USD+":{"current":0.0932256856,"target":0.0696112022,"change":-0.0236144834},"cash":{"current":0.8168416789,"target":0.856499909,"change":0.0396582301}}