{"D":-0.0804813338,"MTD":0.2071203237,"M":0.3622599751,"YTD":0.3601980771,"Y":-0.012562585,"Start (yearly)":5.0278484199}