{"BCH-USD+":{"current":0.1387035294,"target":0.149003415,"change":0.0102998856},"BTC-USD":{"current":0.2182640979,"target":0.217535083,"change":-0.0007290149},"LTC-USD+":{"current":0.1700677144,"target":0.188612536,"change":0.0185448216},"cash":{"current":0.4729646583,"target":0.444848966,"change":-0.0281156923}}