{"D":-0.0000613544,"MTD":-0.0513835575,"M":-0.0508259931,"YTD":1.0095236942,"Y":0.6328921714,"Start (yearly)":3.1259071302}