{"BCH-USD+":{"current":0.2081590982,"target":0.206642033,"change":-0.0015170652},"BTC-USD":{"current":0.2314064232,"target":0.242910209,"change":0.0115037858},"LTC-USD+":{"current":0.5604344786,"target":0.550447758,"change":-0.0099867206},"cash":{"current":0.0,"target":0.0,"change":0.0}}