{"EOS-USD+":{"current":0.1488053006,"target":0.169590697,"change":0.0207853964},"ETH-USD+":{"current":0.4535091904,"target":0.462519527,"change":0.0090103366},"cash":{"current":0.397685509,"target":0.367889776,"change":-0.029795733}}