{"EOS-USD+":{"current":0.0815954694,"target":0.0904669943,"change":0.0088715249},"ETH-USD+":{"current":0.0773401835,"target":0.0932951541,"change":0.0159549706},"cash":{"current":0.8410643471,"target":0.816237852,"change":-0.0248264951}}