{"D":-0.0082986741,"MTD":0.1219305927,"M":0.0307688853,"YTD":0.0460635097,"Y":-0.3280829216,"Start (yearly)":4.2076176951}