{"D":0.0020836988,"MTD":0.0020836988,"M":-0.0386780671,"YTD":-0.2297110199,"Y":-0.4030869048,"Start (yearly)":3.783019852}