{"D":-0.0065894041,"MTD":-0.0255678187,"M":-0.162835074,"YTD":1.0642110648,"Y":0.6784106962,"Start (yearly)":3.1483327829}