{"D":0.1151098556,"MTD":0.2217880903,"M":0.1861654033,"YTD":0.1163303483,"Y":-0.5208930004,"Start (yearly)":3.3071507673}