{"EOS-USD+":{"current":0.1347754424,"target":0.18591537,"change":0.0511399276},"ETH-USD+":{"current":0.1524055225,"target":0.187626621,"change":0.0352210985},"cash":{"current":0.7128190352,"target":0.626458008,"change":-0.0863610272}}