{"EOS-USD+":{"current":0.3705359696,"target":0.316944444,"change":-0.0535915256},"ETH-USD+":{"current":0.2465728301,"target":0.235033864,"change":-0.0115389661},"cash":{"current":0.3828912002,"target":0.448021692,"change":0.0651304918}}