{"XLM-USD+":{"current":0.0562518305,"target":0.107306242,"change":0.0510544115},"XRP-USD+":{"current":0.1377487759,"target":0.141593903,"change":0.0038451271},"cash":{"current":0.8059993935,"target":0.751099855,"change":-0.0548995385}}