{"D":0.0264332734,"MTD":0.4642464395,"M":0.5770385643,"YTD":0.9686353053,"Y":0.0432773833,"Start (yearly)":3.4804077719}