{"D":-0.0390962119,"MTD":-0.0868958379,"M":-0.1549576661,"YTD":-0.0868958379,"Y":-0.5978949402,"Start (yearly)":3.2484681572}