{"BCH-USD+":{"current":0.3785670375,"target":0.410303588,"change":0.0317365505},"BTC-USD":{"current":0.3794234166,"target":0.341043501,"change":-0.0383799156},"LTC-USD+":{"current":0.2420095459,"target":0.248652911,"change":0.0066433651},"cash":{"current":0.0,"target":0.0,"change":0.0}}