{"XLM-USD+":{"current":0.2179581926,"target":0.221840293,"change":0.0038821004},"XRP-USD+":{"current":0.1709850324,"target":0.192071915,"change":0.0210868826},"cash":{"current":0.611056775,"target":0.586087792,"change":-0.024968983}}