{"BCH-USD+":{"current":0.3253296925,"target":0.311564553,"change":-0.0137651395},"BTC-USD":{"current":0.2473666613,"target":0.245140722,"change":-0.0022259393},"LTC-USD+":{"current":0.4273036463,"target":0.443294725,"change":0.0159910787},"cash":{"current":0.0,"target":0.0,"change":0.0}}