{"EOS-USD+":{"current":0.1705311858,"target":0.152222222,"change":-0.0183089638},"ETH-USD+":{"current":0.5543946829,"target":0.468055556,"change":-0.0863391269},"cash":{"current":0.2750741313,"target":0.379722222,"change":0.1046480907}}