{"EOS-USD+":{"current":0.0757060405,"target":0.0526027012,"change":-0.0231033393},"ETH-USD+":{"current":0.0993766153,"target":0.0546240528,"change":-0.0447525625},"cash":{"current":0.8249173442,"target":0.892773246,"change":0.0678559018}}