{"EOS-USD+":{"current":0.4912805879,"target":0.484154849,"change":-0.0071257389},"ETH-USD+":{"current":0.5087194121,"target":0.515845151,"change":0.0071257389},"cash":{"current":0.0,"target":0.0,"change":0.0}}