{"D":0.028747142,"MTD":0.0375478911,"M":0.0178171161,"YTD":0.5967988628,"Y":0.4173814642,"Start (yearly)":4.6354086577}