{"D":-0.009614241,"MTD":-0.0803242798,"M":-0.0298072767,"YTD":-0.0803242798,"Y":-0.4324218826,"Start (yearly)":5.0343570065}