{"D":0.0070050629,"MTD":-0.0253683644,"M":-0.141697009,"YTD":-0.3351867757,"Y":-0.1336330693,"Start (yearly)":5.1641199202}