{"D":0.0034289009,"MTD":-0.1058034173,"M":-0.1718800541,"YTD":-0.1900503604,"Y":-0.4445411085,"Start (yearly)":3.9163275693}