{"EOS-USD+":{"current":0.5232782084,"target":0.511206378,"change":-0.0120718304},"ETH-USD+":{"current":0.4767217916,"target":0.488793622,"change":0.0120718304},"cash":{"current":0.0,"target":0.0,"change":0.0}}