{"EOS-USD+":{"current":0.0491782456,"target":0.0822222222,"change":0.0330439766},"ETH-USD+":{"current":0.0552835582,"target":0.103542286,"change":0.0482587278},"cash":{"current":0.8955381962,"target":0.814235492,"change":-0.0813027042}}