{"BCH-USD+":{"current":0.5378909333,"target":0.507155304,"change":-0.0307356293},"BTC-USD":{"current":0.2159602032,"target":0.222860119,"change":0.0068999158},"LTC-USD+":{"current":0.2461488634,"target":0.269984577,"change":0.0238357136},"cash":{"current":0.0,"target":0.0,"change":0.0}}