{"D":0.0864254134,"MTD":0.6715389499,"M":0.6715389499,"YTD":1.0965394703,"Y":0.3921835419,"Start (yearly)":5.156172396}