{"EOS-USD+":{"current":0.084940057,"target":0.114977685,"change":0.030037628},"ETH-USD+":{"current":0.1203151895,"target":0.1325,"change":0.0121848105},"cash":{"current":0.7947447535,"target":0.752522315,"change":-0.0422224385}}