{"BCH-USD+":{"current":0.0261867926,"target":0.0241200188,"change":-0.0020667738},"BTC-USD":{"current":0.1199455611,"target":0.07830699,"change":-0.0416385711},"LTC-USD+":{"current":0.1012121601,"target":0.0527845384,"change":-0.0484276217},"cash":{"current":0.7526554861,"target":0.844788453,"change":0.0921329669}}