{"D":-0.006089466,"MTD":0.1080558795,"M":0.1667518379,"YTD":0.1782143938,"Y":-0.454796519,"Start (yearly)":3.2922246018}