{"BCH-USD+":{"current":0.5045067215,"target":0.478943079,"change":-0.0255636425},"BTC-USD":{"current":0.2196627057,"target":0.22131564,"change":0.0016529343},"LTC-USD+":{"current":0.2758305728,"target":0.257777778,"change":-0.0180527948},"cash":{"current":0.0,"target":0.0419635033,"change":0.0419635033}}