{"D":-0.0426523849,"MTD":-0.0566444008,"M":-0.1116345161,"YTD":1.4732654145,"Y":0.6438350308,"Start (yearly)":3.3516337149}