{"D":-0.0142370612,"MTD":0.0212396586,"M":-0.0247814974,"YTD":1.4325972798,"Y":0.8060071592,"Start (yearly)":3.2737930703}