{"D":-0.0195979683,"MTD":-0.0149442587,"M":-0.0692951393,"YTD":-0.1812264826,"Y":0.1502988866,"Start (yearly)":4.6273714658}