{"XLM-USD+":{"current":0.0683052274,"target":0.088487304,"change":0.0201820766},"XRP-USD+":{"current":0.1052064527,"target":0.129043535,"change":0.0238370823},"cash":{"current":0.8264883199,"target":0.782469161,"change":-0.0440191589}}