{"D":0.0162324159,"MTD":-0.0403993008,"M":-0.0437093783,"YTD":1.5158563994,"Y":0.6300560554,"Start (yearly)":3.3501696525}