{"D":0.0722060547,"MTD":0.1416649138,"M":0.1297443397,"YTD":2.2406760208,"Y":0.9063011459,"Start (yearly)":3.5810852395}