{"BCH-USD+":{"current":0.0779893121,"target":0.0615942435,"change":-0.0163950686},"BTC-USD":{"current":0.0816293185,"target":0.0746053526,"change":-0.0070239659},"LTC-USD+":{"current":0.0871128934,"target":0.0655555556,"change":-0.0215573378},"cash":{"current":0.753268476,"target":0.798244848,"change":0.044976372}}