{"D":0.0035953108,"MTD":-0.0087295623,"M":-0.1275861025,"YTD":1.0998807765,"Y":0.7033155042,"Start (yearly)":3.1630494564}