{"BCH-USD+":{"current":0.1522983127,"target":0.145580611,"change":-0.0067177017},"BTC-USD":{"current":0.1773216821,"target":0.179050418,"change":0.0017287359},"LTC-USD+":{"current":0.053448465,"target":0.0445503325,"change":-0.0088981325},"cash":{"current":0.6169315402,"target":0.630818638,"change":0.0138870978}}