{"D":-0.0008824163,"MTD":0.0288237866,"M":-0.1024631756,"YTD":0.2904094617,"Y":-0.3436864262,"Start (yearly)":4.8989121873}