{"D":-0.0601267826,"MTD":0.1147979956,"M":0.0155761678,"YTD":0.0394132323,"Y":-0.3478743825,"Start (yearly)":4.2145211092}