{"BCH-USD+":{"current":0.1449328057,"target":0.0731761482,"change":-0.0717566575},"BTC-USD":{"current":0.2131671233,"target":0.121805238,"change":-0.0913618853},"LTC-USD+":{"current":0.1765328528,"target":0.0863603052,"change":-0.0901725476},"cash":{"current":0.4653672183,"target":0.718658309,"change":0.2532910907}}