{"XLM-USD+":{"current":0.3602149282,"target":0.317589177,"change":-0.0426257512},"XRP-USD+":{"current":0.3276382015,"target":0.318208271,"change":-0.0094299305},"cash":{"current":0.3121468702,"target":0.364202552,"change":0.0520556818}}