{"D":-0.0549998871,"MTD":-0.0871784107,"M":0.0519923049,"YTD":1.9581590357,"Y":0.7781070324,"Start (yearly)":3.509565855}