{"D":0.0029872441,"MTD":-0.1749017651,"M":-0.1163316507,"YTD":0.6299124674,"Y":0.2329249981,"Start (yearly)":4.829450277}