{"EOS-USD+":{"current":0.0525392761,"target":0.0884004891,"change":0.035861213},"ETH-USD+":{"current":0.0497566201,"target":0.133075585,"change":0.0833189649},"cash":{"current":0.8977041038,"target":0.778523926,"change":-0.1191801778}}