{"EOS-USD+":{"current":0.2361442497,"target":0.239166667,"change":0.0030224173},"ETH-USD+":{"current":0.477508966,"target":0.484444444,"change":0.006935478},"cash":{"current":0.2863467843,"target":0.276388889,"change":-0.0099578953}}