{"D":0.0205099512,"MTD":0.6462427719,"M":0.7493792683,"YTD":1.9273367538,"Y":0.538437234,"Start (yearly)":3.5931571936}