{"XLM-USD+":{"current":0.1057761066,"target":0.117530628,"change":0.0117545214},"XRP-USD+":{"current":0.1342479519,"target":0.116944444,"change":-0.0173035079},"cash":{"current":0.7599759415,"target":0.765524928,"change":0.0055489865}}