{"BCH-USD+":{"current":0.1440388168,"target":0.178356493,"change":0.0343176762},"BTC-USD":{"current":0.1645957686,"target":0.247964076,"change":0.0833683074},"LTC-USD+":{"current":0.1607409252,"target":0.184195534,"change":0.0234546088},"cash":{"current":0.5306244894,"target":0.389483897,"change":-0.1411405924}}