{"EOS-USD+":{"current":0.2103778564,"target":0.204917406,"change":-0.0054604504},"ETH-USD+":{"current":0.1967365594,"target":0.185149265,"change":-0.0115872944},"cash":{"current":0.5928855842,"target":0.609933329,"change":0.0170477448}}