{"D":-0.0006347988,"MTD":-0.0063266001,"M":-0.0354907569,"YTD":-0.0652006279,"Y":-0.4271093264,"Start (yearly)":4.4061527093}