{"D":-0.0198405811,"MTD":0.0438554094,"M":-0.0106049311,"YTD":-0.0781721306,"Y":-0.3632165716,"Start (yearly)":4.9431925931}