{"D":-0.0080880372,"MTD":-0.0339528008,"M":-0.1651004873,"YTD":-0.1249691667,"Y":-0.3836931697,"Start (yearly)":3.9977455719}