{"BCH-USD+":{"current":0.269885064,"target":0.279164627,"change":0.009279563},"BTC-USD":{"current":0.2298606276,"target":0.232174906,"change":0.0023142784},"LTC-USD+":{"current":0.5002543084,"target":0.488660467,"change":-0.0115938414},"cash":{"current":0.0,"target":0.0,"change":0.0}}