{"D":0.0001843145,"MTD":-0.0021843499,"M":-0.1782867979,"YTD":-0.1188298048,"Y":-0.3684341554,"Start (yearly)":4.9355904195}