{"D":0.0066763785,"MTD":-0.1021286078,"M":0.0584181844,"YTD":0.8824228129,"Y":0.3656859436,"Start (yearly)":5.0147876968}