{"XLM-USD+":{"current":0.0638029615,"target":0.0477363465,"change":-0.016066615},"XRP-USD+":{"current":0.0764699727,"target":0.0519151478,"change":-0.0245548249},"cash":{"current":0.8597270658,"target":0.900348506,"change":0.0406214402}}