{"XLM-USD+":{"current":0.1859236517,"target":0.207761295,"change":0.0218376433},"XRP-USD+":{"current":0.1208922456,"target":0.169384805,"change":0.0484925594},"cash":{"current":0.6931841028,"target":0.6228539,"change":-0.0703302028}}