{"D":0.0005076993,"MTD":-0.010857362,"M":-0.0902774975,"YTD":-0.0694629473,"Y":-0.4228377221,"Start (yearly)":4.4208011718}