{"D":0.0333858474,"MTD":0.4599183472,"M":0.6981513657,"YTD":0.9628163153,"Y":0.0815548607,"Start (yearly)":3.5021663805}