{"BCH-USD+":{"current":0.1663325043,"target":0.171017258,"change":0.0046847537},"BTC-USD":{"current":0.2530555868,"target":0.256469667,"change":0.0034140802},"LTC-USD+":{"current":0.134744824,"target":0.136576219,"change":0.001831395},"cash":{"current":0.4458670849,"target":0.435936856,"change":-0.0099302289}}