{"D":0.0183751359,"MTD":0.0590223056,"M":0.006613599,"YTD":-0.0125907993,"Y":-0.3619703992,"Start (yearly)":4.1684635474}