{"BCH-USD+":{"current":0.1563745642,"target":0.1925,"change":0.0361254358},"BTC-USD":{"current":0.1685699894,"target":0.177568891,"change":0.0089989016},"LTC-USD+":{"current":0.1408905553,"target":0.162777778,"change":0.0218872227},"cash":{"current":0.534164891,"target":0.467153332,"change":-0.067011559}}