{"D":0.0031295501,"MTD":-0.0298394803,"M":-0.0280760972,"YTD":-0.0298394803,"Y":-0.4212894913,"Start (yearly)":4.5131475999}