{"D":-0.004063906,"MTD":-0.0002805397,"M":-0.1396696652,"YTD":1.6210387339,"Y":0.5792149226,"Start (yearly)":3.4031414639}