{"BCH-USD+":{"current":0.1231883174,"target":0.161111111,"change":0.0379227936},"BTC-USD":{"current":0.0858804045,"target":0.130833333,"change":0.0449529285},"LTC-USD+":{"current":0.0903489712,"target":0.150555556,"change":0.0602065848},"cash":{"current":0.7005823068,"target":0.5575,"change":-0.1430823068}}