{"XLM-USD+":{"current":0.4070398464,"target":0.395505064,"change":-0.0115347824},"XRP-USD+":{"current":0.232595621,"target":0.213606646,"change":-0.018988975},"cash":{"current":0.3603645326,"target":0.39088829,"change":0.0305237574}}