{"D":0.0159182402,"MTD":0.0297324393,"M":-0.1078903561,"YTD":0.2915491458,"Y":-0.3625710718,"Start (yearly)":4.9027614284}