{"XLM-USD+":{"current":0.077352034,"target":0.0926273653,"change":0.0152753313},"XRP-USD+":{"current":0.0707592652,"target":0.0949106352,"change":0.02415137},"cash":{"current":0.8518887007,"target":0.812461999,"change":-0.0394267017}}