{"XLM-USD+":{"current":0.1713327318,"target":0.080425438,"change":-0.0909072938},"XRP-USD+":{"current":0.1916219472,"target":0.0941666667,"change":-0.0974552805},"cash":{"current":0.6370453209,"target":0.825407895,"change":0.1883625741}}