{"D":-0.0046779709,"MTD":-0.0113592941,"M":-0.0770468408,"YTD":-0.0699351405,"Y":-0.4257097084,"Start (yearly)":4.4234130402}