{"XLM-USD+":{"current":0.1784763702,"target":0.164149682,"change":-0.0143266882},"XRP-USD+":{"current":0.2894227956,"target":0.266388889,"change":-0.0230339066},"cash":{"current":0.5321008343,"target":0.569461429,"change":0.0373605947}}