{"BCH-USD+":{"current":0.3803519371,"target":0.368616209,"change":-0.0117357281},"BTC-USD":{"current":0.3840364472,"target":0.378442542,"change":-0.0055939052},"LTC-USD+":{"current":0.2356116157,"target":0.252941248,"change":0.0173296323},"cash":{"current":0.0,"target":0.0,"change":0.0}}