{"EOS-USD+":{"current":0.184981631,"target":0.176111111,"change":-0.00887052},"ETH-USD+":{"current":0.199667568,"target":0.180833333,"change":-0.018834235},"cash":{"current":0.615350801,"target":0.643055556,"change":0.027704755}}