{"D":0.0036175551,"MTD":0.0036175551,"M":-0.146429106,"YTD":1.6312586586,"Y":0.5658754604,"Start (yearly)":3.4070175699}