{"D":-0.0062000056,"MTD":-0.0417406244,"M":-0.0453110684,"YTD":-0.2293523586,"Y":-0.4158030191,"Start (yearly)":3.7945281447}