{"EOS-USD+":{"current":0.5133102706,"target":0.450489415,"change":-0.0628208556},"ETH-USD+":{"current":0.4866897294,"target":0.549510585,"change":0.0628208556},"cash":{"current":0.0,"target":0.0,"change":0.0}}