{"D":0.0013423797,"MTD":-0.1109149847,"M":-0.1109149847,"YTD":1.1178043485,"Y":0.536983904,"Start (yearly)":3.1917338988}