{"BCH-USD+":{"current":0.2992754843,"target":0.312157102,"change":0.0128816177},"BTC-USD":{"current":0.2716052071,"target":0.288189887,"change":0.0165846799},"LTC-USD+":{"current":0.311185836,"target":0.38658869,"change":0.075402854},"cash":{"current":0.1179334726,"target":0.0130643215,"change":-0.1048691511}}