{"D":0.059349805,"MTD":0.112356042,"M":0.174985832,"YTD":0.112356042,"Y":-0.5706691735,"Start (yearly)":3.3915328748}