{"EOS-USD+":{"current":0.1877809177,"target":0.18986651,"change":0.0020855923},"ETH-USD+":{"current":0.1273582574,"target":0.127479347,"change":0.0001210896},"cash":{"current":0.6848608249,"target":0.682654143,"change":-0.0022066819}}