{"EOS-USD+":{"current":0.1319876054,"target":0.137263508,"change":0.0052759026},"ETH-USD+":{"current":0.1535509397,"target":0.155296159,"change":0.0017452193},"cash":{"current":0.7144614549,"target":0.707440334,"change":-0.0070211209}}