{"D":0.0162706954,"MTD":-0.041055423,"M":-0.1321025916,"YTD":-0.6301988924,"Y":-0.6727593723,"Start (yearly)":3.3585435709}