{"D":0.0063895776,"MTD":-0.0868232102,"M":-0.1569115127,"YTD":-0.172858378,"Y":-0.4034696997,"Start (yearly)":3.9422167524}