{"D":0.0002299392,"MTD":-0.0342816814,"M":0.0811099688,"YTD":-0.0034027008,"Y":-0.2442646276,"Start (yearly)":4.9030473239}