{"XLM-USD+":{"current":0.0344074303,"target":0.0271605168,"change":-0.0072469135},"XRP-USD+":{"current":0.0706045092,"target":0.0878998363,"change":0.0172953271},"cash":{"current":0.8949880605,"target":0.884939647,"change":-0.0100484135}}