{"D":0.0002971468,"MTD":0.1685834962,"M":0.173365709,"YTD":0.0319751422,"Y":-0.2596332711,"Start (yearly)":4.9740174304}