{"D":0.0049980474,"MTD":0.0508079578,"M":0.0508079578,"YTD":-0.0109783141,"Y":-0.3541546153,"Start (yearly)":4.3155567868}