{"EOS-USD+":{"current":0.3481653829,"target":0.347915729,"change":-0.0002496539},"ETH-USD+":{"current":0.5115802012,"target":0.549607123,"change":0.0380269218},"cash":{"current":0.1402544158,"target":0.102477148,"change":-0.0377772678}}