{"D":-0.004331988,"MTD":-0.10647885,"M":-0.1914460286,"YTD":-0.190662157,"Y":-0.463272103,"Start (yearly)":3.9064059495}