{"D":-0.0009695299,"MTD":-0.1120385801,"M":-0.2064285966,"YTD":-0.1956980758,"Y":-0.4819054733,"Start (yearly)":3.8959109415}