{"XLM-USD+":{"current":0.1343830444,"target":0.149355559,"change":0.0149725146},"XRP-USD+":{"current":0.1670596501,"target":0.228217807,"change":0.0611581569},"cash":{"current":0.6985573055,"target":0.622426634,"change":-0.0761306715}}