{"XLM-USD+":{"current":0.3287912955,"target":0.412813202,"change":0.0840219065},"XRP-USD+":{"current":0.1787590814,"target":0.232735972,"change":0.0539768906},"cash":{"current":0.4924496231,"target":0.354450826,"change":-0.1379987971}}