{"D":-0.0015675225,"MTD":-0.0584831722,"M":-0.2402923114,"YTD":-0.6369196154,"Y":-0.4049018891,"Start (yearly)":3.3657683463}