{"XLM-USD+":{"current":0.6201139529,"target":0.3925,"change":-0.2276139529},"XRP-USD+":{"current":0.3798860471,"target":0.274444444,"change":-0.1054416031},"cash":{"current":0.0,"target":0.333055556,"change":0.333055556}}