{"D":0.018348879,"MTD":0.1768996781,"M":0.1878016667,"YTD":0.0973154808,"Y":-0.2826553931,"Start (yearly)":4.2171563058}