{"XLM-USD+":{"current":0.2267813716,"target":0.328822447,"change":0.1020410754},"XRP-USD+":{"current":0.3065839063,"target":0.509166667,"change":0.2025827607},"cash":{"current":0.4666347221,"target":0.162010886,"change":-0.3046238361}}