{"EOS-USD+":{"current":0.2732045987,"target":0.188776726,"change":-0.0844278727},"ETH-USD+":{"current":0.3312579907,"target":0.241944444,"change":-0.0893135467},"cash":{"current":0.3955374106,"target":0.569278829,"change":0.1737414184}}