{"D":-0.0183472222,"MTD":0.1618346766,"M":0.1278953322,"YTD":0.026015265,"Y":-0.2644311006,"Start (yearly)":4.9767909906}