{"D":0.0351556272,"MTD":0.5112426923,"M":0.7142656457,"YTD":1.0318203539,"Y":0.1156404707,"Start (yearly)":3.513639747}