{"BCH-USD+":{"current":0.3853166053,"target":0.425873514,"change":0.0405569087},"BTC-USD":{"current":0.3209691299,"target":0.306737355,"change":-0.0142317749},"LTC-USD+":{"current":0.2937142649,"target":0.267389131,"change":-0.0263251339},"cash":{"current":0.0,"target":0.0,"change":0.0}}