{"D":0.007527837,"MTD":0.2278939075,"M":0.110579199,"YTD":0.3056401782,"Y":-0.3810641907,"Start (yearly)":3.3254286996}