{"D":0.0109348481,"MTD":-0.056593661,"M":-0.0487389875,"YTD":-0.0112467162,"Y":-0.3147961961,"Start (yearly)":4.0993410359}