{"BCH-USD+":{"current":0.0225334612,"target":0.0284007146,"change":0.0058672534},"BTC-USD":{"current":0.1525359149,"target":0.117604545,"change":-0.0349313699},"LTC-USD+":{"current":0.1474783813,"target":0.100547835,"change":-0.0469305463},"cash":{"current":0.6774522426,"target":0.753446905,"change":0.0759946624}}