{"BCH-USD+":{"current":0.2702242084,"target":0.273051666,"change":0.0028274576},"BTC-USD":{"current":0.2567066849,"target":0.25583924,"change":-0.0008674449},"LTC-USD+":{"current":0.4730691068,"target":0.471109093,"change":-0.0019600138},"cash":{"current":0.0,"target":0.0,"change":0.0}}