{"D":0.0316283619,"MTD":-0.0161623451,"M":0.3921578532,"YTD":1.7926750294,"Y":0.4448287043,"Start (yearly)":3.5432344341}