{"XLM-USD+":{"current":0.0361581232,"target":0.0426566279,"change":0.0064985047},"XRP-USD+":{"current":0.0903529812,"target":0.0453227834,"change":-0.0450301978},"cash":{"current":0.8734888956,"target":0.912020589,"change":0.0385316934}}