{"D":0.0172821341,"MTD":0.2817735442,"M":0.2375619623,"YTD":0.1319331823,"Y":-0.1831337865,"Start (yearly)":5.059269826}