{"BCH-USD+":{"current":0.0895454276,"target":0.0744913137,"change":-0.0150541139},"BTC-USD":{"current":0.0896887846,"target":0.0727900528,"change":-0.0168987318},"LTC-USD+":{"current":0.0487496761,"target":0.0496595757,"change":0.0009098996},"cash":{"current":0.7720161118,"target":0.803059058,"change":0.0310429462}}