{"EOS-USD+":{"current":0.6192898547,"target":0.587889178,"change":-0.0314006767},"ETH-USD+":{"current":0.3807101453,"target":0.412110822,"change":0.0314006767},"cash":{"current":0.0,"target":0.0,"change":0.0}}