{"D":0.0717723213,"MTD":0.4526438993,"M":0.3166180569,"YTD":1.5830806664,"Y":0.2547472599,"Start (yearly)":3.5478696377}