{"D":-0.0275533223,"MTD":-0.0682501401,"M":-0.133070111,"YTD":-0.1560351741,"Y":-0.3919756379,"Start (yearly)":3.958148378}