{"XLM-USD+":{"current":0.0913407989,"target":0.0352777778,"change":-0.0560630211},"XRP-USD+":{"current":0.1187611503,"target":0.055,"change":-0.0637611503},"cash":{"current":0.7898980508,"target":0.909722222,"change":0.1198241712}}