{"XLM-USD+":{"current":0.1528529812,"target":0.153055556,"change":0.0002025748},"XRP-USD+":{"current":0.1304977259,"target":0.133055556,"change":0.0025578301},"cash":{"current":0.7166492929,"target":0.713888889,"change":-0.0027604039}}