{"EOS-USD+":{"current":0.1863635285,"target":0.161388889,"change":-0.0249746395},"ETH-USD+":{"current":0.1227659797,"target":0.111237568,"change":-0.0115284117},"cash":{"current":0.6908704918,"target":0.727373543,"change":0.0365030512}}