{"D":0.0009692242,"MTD":-0.0914533068,"M":-0.0738545556,"YTD":1.3820043213,"Y":0.6159355093,"Start (yearly)":3.3031979272}