{"XLM-USD+":{"current":0.0733088547,"target":0.069643738,"change":-0.0036651167},"XRP-USD+":{"current":0.0693430362,"target":0.0620549138,"change":-0.0072881224},"cash":{"current":0.8573481091,"target":0.868301348,"change":0.0109532389}}