{"XLM-USD+":{"current":0.0296168989,"target":0.0579214167,"change":0.0283045178},"XRP-USD+":{"current":0.0834543698,"target":0.0894184769,"change":0.0059641071},"cash":{"current":0.8869287313,"target":0.852660106,"change":-0.0342686253}}