{"EOS-USD+":{"current":0.1649682895,"target":0.187967846,"change":0.0229995565},"ETH-USD+":{"current":0.1264671434,"target":0.127157041,"change":0.0006898976},"cash":{"current":0.7085645671,"target":0.684875113,"change":-0.0236894541}}