{"EOS-USD+":{"current":0.1467218731,"target":0.155555556,"change":0.0088336829},"ETH-USD+":{"current":0.1238211644,"target":0.127086203,"change":0.0032650386},"cash":{"current":0.7294569625,"target":0.717358241,"change":-0.0120987215}}