{"D":-0.0019350395,"MTD":-0.0161507305,"M":-0.0434196204,"YTD":-0.2087725533,"Y":-0.3993987063,"Start (yearly)":3.8427402826}