{"D":0.0137307438,"MTD":-0.1396298217,"M":0.4188491132,"YTD":0.8038000379,"Y":0.1569548209,"Start (yearly)":5.0291547012}