{"EOS-USD+":{"current":0.0234078981,"target":0.0432245956,"change":0.0198166975},"ETH-USD+":{"current":0.0616680086,"target":0.114577737,"change":0.0529097284},"cash":{"current":0.9149240933,"target":0.842197668,"change":-0.0727264253}}