{"D":0.0421636259,"MTD":0.4307434655,"M":0.3956129243,"YTD":0.7945200424,"Y":0.1891161387,"Start (yearly)":5.0727313152}