{"BCH-USD+":{"current":0.075210648,"target":0.0619514787,"change":-0.0132591693},"BTC-USD":{"current":0.0990985108,"target":0.0576732424,"change":-0.0414252684},"LTC-USD+":{"current":0.0854463101,"target":0.0362723128,"change":-0.0491739973},"cash":{"current":0.7402445311,"target":0.844102966,"change":0.1038584349}}