{"EOS-USD+":{"current":0.0915677706,"target":0.183888889,"change":0.0923211184},"ETH-USD+":{"current":0.0767366565,"target":0.114001883,"change":0.0372652265},"cash":{"current":0.8316955729,"target":0.702109228,"change":-0.1295863449}}