{"EOS-USD+":{"current":0.2129621107,"target":0.210588713,"change":-0.0023733977},"ETH-USD+":{"current":0.2047922853,"target":0.198205618,"change":-0.0065866673},"cash":{"current":0.582245604,"target":0.591205669,"change":0.008960065}}