{"EOS-USD+":{"current":0.3614765534,"target":0.366388889,"change":0.0049123356},"ETH-USD+":{"current":0.5474607825,"target":0.531856034,"change":-0.0156047485},"cash":{"current":0.0910626641,"target":0.101755077,"change":0.0106924129}}