{"D":0.0079507192,"MTD":-0.0012082139,"M":0.1668893925,"YTD":1.0940064022,"Y":0.5951939825,"Start (yearly)":5.070221946}