{"BCH-USD+":{"current":0.1543411149,"target":0.154037515,"change":-0.0003035999},"BTC-USD":{"current":0.1543677377,"target":0.156388889,"change":0.0020211513},"LTC-USD+":{"current":0.2187566721,"target":0.230555556,"change":0.0117988839},"cash":{"current":0.4725344753,"target":0.45901804,"change":-0.0135164353}}