{"EOS-USD+":{"current":0.1764023296,"target":0.211632538,"change":0.0352302084},"ETH-USD+":{"current":0.1803503261,"target":0.205909111,"change":0.0255587849},"cash":{"current":0.6432473443,"target":0.582458351,"change":-0.0607889933}}