{"D":0.0273239679,"MTD":-0.0449377395,"M":-0.0420045663,"YTD":0.0009694734,"Y":-0.2921515138,"Start (yearly)":4.1012610335}