{"D":-0.0077677972,"MTD":-0.0242319054,"M":-0.1660131278,"YTD":-0.3344115772,"Y":0.1198535329,"Start (yearly)":5.1869870288}