{"EOS-USD+":{"current":0.3371849104,"target":0.336281342,"change":-0.0009035684},"ETH-USD+":{"current":0.4920696815,"target":0.562777778,"change":0.0707080965},"cash":{"current":0.1707454081,"target":0.100940881,"change":-0.0698045271}}