{"D":0.0484231472,"MTD":-0.0577729226,"M":-0.0582194813,"YTD":0.9754162577,"Y":0.5034548199,"Start (yearly)":5.0207914643}