{"D":-0.0028971744,"MTD":-0.0013037149,"M":0.0101415259,"YTD":-0.0600258817,"Y":-0.410147401,"Start (yearly)":4.3462876761}