{"D":-0.0093917544,"MTD":-0.0798615896,"M":0.0563593531,"YTD":-0.03563307,"Y":-0.3373359021,"Start (yearly)":4.105483887}