{"D":0.0006055913,"MTD":0.1605570998,"M":0.1158939936,"YTD":0.0603844658,"Y":-0.540596372,"Start (yearly)":3.2636540713}