{"XLM-USD+":{"current":0.106265404,"target":0.125282376,"change":0.019016972},"XRP-USD+":{"current":0.213795729,"target":0.250507253,"change":0.036711524},"cash":{"current":0.6799388669,"target":0.624210371,"change":-0.0557284959}}