{"XLM-USD+":{"current":0.1446769344,"target":0.149311399,"change":0.0046344646},"XRP-USD+":{"current":0.1176350037,"target":0.129774548,"change":0.0121395443},"cash":{"current":0.7376880619,"target":0.720914053,"change":-0.0167740089}}