{"D":0.0275982909,"MTD":-0.0482676939,"M":0.0820803733,"YTD":-0.0025205427,"Y":-0.3623187052,"Start (yearly)":4.1378214055}