{"XLM-USD+":{"current":0.0267830768,"target":0.0279126886,"change":0.0011296118},"XRP-USD+":{"current":0.050193169,"target":0.0471839578,"change":-0.0030092112},"cash":{"current":0.9230237543,"target":0.924903354,"change":0.0018795997}}