{"EOS-USD+":{"current":0.1491982818,"target":0.149722222,"change":0.0005239402},"ETH-USD+":{"current":0.3652813349,"target":0.458333333,"change":0.0930519981},"cash":{"current":0.4855203834,"target":0.391944444,"change":-0.0935759394}}