{"D":0.0158516281,"MTD":0.1299886963,"M":0.1936112704,"YTD":0.1299886963,"Y":-0.5560540373,"Start (yearly)":3.3975883073}