{"D":0.024725997,"MTD":0.2553394942,"M":0.3763664774,"YTD":0.4145320334,"Y":-0.0162529452,"Start (yearly)":5.0311161083}