{"D":-0.0040445663,"MTD":-0.0340385514,"M":-0.1777800885,"YTD":-0.1970975654,"Y":1.2078455711,"Start (yearly)":4.6396179789}