{"XLM-USD+":{"current":0.0554524174,"target":0.0378296047,"change":-0.0176228127},"XRP-USD+":{"current":0.0493753477,"target":0.0349164463,"change":-0.0144589014},"cash":{"current":0.895172235,"target":0.927253949,"change":0.032081714}}