{"BCH-USD+":{"current":0.1209141401,"target":0.146692263,"change":0.0257781229},"BTC-USD":{"current":0.0972561665,"target":0.182837455,"change":0.0855812885},"LTC-USD+":{"current":0.4474791235,"target":0.619444444,"change":0.1719653205},"cash":{"current":0.3343505699,"target":0.0510258368,"change":-0.2833247331}}