{"BCH-USD+":{"current":0.429499095,"target":0.419257163,"change":-0.010241932},"BTC-USD":{"current":0.3285404618,"target":0.319935966,"change":-0.0086044958},"LTC-USD+":{"current":0.2419604433,"target":0.246727887,"change":0.0047674437},"cash":{"current":0.0,"target":0.0140789845,"change":0.0140789845}}