{"D":-0.0265048125,"MTD":-0.0519737027,"M":-0.1387361059,"YTD":1.0082735464,"Y":0.6321019261,"Start (yearly)":3.1273586962}