{"D":0.038005496,"MTD":-0.0126715938,"M":-0.0243630593,"YTD":-0.1793374547,"Y":0.1890411639,"Start (yearly)":4.6068777561}