{"D":0.0116389611,"MTD":0.0006552307,"M":-0.0796404905,"YTD":-0.0586324627,"Y":-0.4177827935,"Start (yearly)":4.4252012238}