{"BCH-USD+":{"current":0.142926038,"target":0.143737051,"change":0.000811013},"BTC-USD":{"current":0.1849056255,"target":0.176415591,"change":-0.0084900345},"LTC-USD+":{"current":0.561628359,"target":0.498888889,"change":-0.06273947},"cash":{"current":0.1105399775,"target":0.180958469,"change":0.0704184915}}