{"EOS-USD+":{"current":0.0768079163,"target":0.0943885495,"change":0.0175806332},"ETH-USD+":{"current":0.1313391284,"target":0.145731145,"change":0.0143920166},"cash":{"current":0.7918529553,"target":0.759880306,"change":-0.0319726493}}