{"D":0.0129164433,"MTD":0.0129164433,"M":-0.0228986818,"YTD":0.0129164433,"Y":-0.351625412,"Start (yearly)":4.5874850416}