{"D":0.0675971122,"MTD":0.073370855,"M":-0.0189486794,"YTD":0.9086601367,"Y":-0.2268379827,"Start (yearly)":3.4293429228}