{"D":-0.0024394676,"MTD":-0.0441981558,"M":-0.0420654974,"YTD":-0.231328745,"Y":-0.4099121939,"Start (yearly)":3.7909200779}