{"BCH-USD+":{"current":0.1693039211,"target":0.0868537534,"change":-0.0824501677},"BTC-USD":{"current":0.1607933146,"target":0.100277778,"change":-0.0605155366},"LTC-USD+":{"current":0.1691278827,"target":0.0857550251,"change":-0.0833728576},"cash":{"current":0.5007748816,"target":0.727113444,"change":0.2263385624}}