{"XLM-USD+":{"current":0.6410236341,"target":0.6025,"change":-0.0385236341},"XRP-USD+":{"current":0.3589763659,"target":0.334722222,"change":-0.0242541439},"cash":{"current":0.0,"target":0.0627777778,"change":0.0627777778}}