{"EOS-USD+":{"current":0.4214615242,"target":0.410555556,"change":-0.0109059682},"ETH-USD+":{"current":0.495613009,"target":0.491663676,"change":-0.003949333},"cash":{"current":0.0829254668,"target":0.0977807681,"change":0.0148553013}}