{"D":-0.1166088308,"MTD":-0.1557725157,"M":-0.1788665974,"YTD":-0.1151928253,"Y":-0.3705278013,"Start (yearly)":4.0163061847}