{"D":0.1314866406,"MTD":0.1685620628,"M":0.0728512202,"YTD":0.4656771762,"Y":-0.1303368969,"Start (yearly)":4.9715688755}