{"XLM-USD+":{"current":0.038739086,"target":0.0710146078,"change":0.0322755218},"XRP-USD+":{"current":0.045433778,"target":0.0367958232,"change":-0.0086379548},"cash":{"current":0.9158271359,"target":0.892189569,"change":-0.0236375669}}