{"D":0.031011973,"MTD":0.0491181525,"M":0.1870988551,"YTD":0.4248892934,"Y":-0.0217495995,"Start (yearly)":3.3563543701}