{"BCH-USD+":{"current":0.0758443715,"target":0.106211944,"change":0.0303675725},"BTC-USD":{"current":0.083824013,"target":0.0961111111,"change":0.0122870981},"LTC-USD+":{"current":0.2163828885,"target":0.232777778,"change":0.0163948895},"cash":{"current":0.623948727,"target":0.564899168,"change":-0.059049559}}