{"EOS-USD+":{"current":0.1173173171,"target":0.116538225,"change":-0.0007790921},"ETH-USD+":{"current":0.0619483185,"target":0.04388123,"change":-0.0180670885},"cash":{"current":0.8207343644,"target":0.839580545,"change":0.0188461806}}