{"XLM-USD+":{"current":0.3615238671,"target":0.342904663,"change":-0.0186192041},"XRP-USD+":{"current":0.4638981157,"target":0.422278864,"change":-0.0416192517},"cash":{"current":0.1745780173,"target":0.234816473,"change":0.0602384557}}