{"EOS-USD+":{"current":0.5864443572,"target":0.60327608,"change":0.0168317228},"ETH-USD+":{"current":0.4135556428,"target":0.39672392,"change":-0.0168317228},"cash":{"current":0.0,"target":0.0,"change":0.0}}