{"D":-0.0027502965,"MTD":-0.0310790975,"M":-0.177927941,"YTD":-0.1946376818,"Y":1.7676690596,"Start (yearly)":4.6480403897}