{"BCH-USD+":{"current":0.1797769965,"target":0.215179889,"change":0.0354028925},"BTC-USD":{"current":0.2052597936,"target":0.216061665,"change":0.0108018714},"LTC-USD+":{"current":0.6149632099,"target":0.568758446,"change":-0.0462047639},"cash":{"current":0.0,"target":0.0,"change":0.0}}