{"XLM-USD+":{"current":0.0491836851,"target":0.0445275002,"change":-0.0046561849},"XRP-USD+":{"current":0.0584940729,"target":0.0377316137,"change":-0.0207624592},"cash":{"current":0.8923222421,"target":0.917740886,"change":0.0254186439}}