{"XLM-USD+":{"current":0.0870411967,"target":0.0503239723,"change":-0.0367172244},"XRP-USD+":{"current":0.1170074869,"target":0.0911572722,"change":-0.0258502147},"cash":{"current":0.7959513164,"target":0.858518756,"change":0.0625674396}}