{"D":0.0070766537,"MTD":0.0200845022,"M":-0.0159840741,"YTD":0.0200845022,"Y":-0.4042517951,"Start (yearly)":4.5890320172}