{"D":-0.0409281286,"MTD":-0.0205577696,"M":-0.055530101,"YTD":1.3330356254,"Y":0.6783507524,"Start (yearly)":3.2488567862}