{"EOS-USD+":{"current":0.4881167352,"target":0.48202765,"change":-0.0060890852},"ETH-USD+":{"current":0.5118832648,"target":0.51797235,"change":0.0060890852},"cash":{"current":0.0,"target":0.0,"change":0.0}}