{"BCH-USD+":{"current":0.3736882092,"target":0.37406158,"change":0.0003733708},"BTC-USD":{"current":0.231365474,"target":0.22450989,"change":-0.006855584},"LTC-USD+":{"current":0.2958724272,"target":0.314100013,"change":0.0182275858},"cash":{"current":0.0990738895,"target":0.0873285176,"change":-0.0117453719}}