{"D":-0.1483084007,"MTD":-0.0738128719,"M":0.0086539895,"YTD":-0.0738128719,"Y":-0.5233679171,"Start (yearly)":5.0674868525}