{"D":0.0017254091,"MTD":0.0004783923,"M":0.001966565,"YTD":-0.0587988237,"Y":-0.4120626892,"Start (yearly)":4.3670798062}