{"D":0.0157096462,"MTD":0.0017506224,"M":0.0090030121,"YTD":-0.0571511358,"Y":-0.4127225405,"Start (yearly)":4.3538741494}