{"BCH-USD+":{"current":0.1430215993,"target":0.135277778,"change":-0.0077438213},"BTC-USD":{"current":0.1717676122,"target":0.166646914,"change":-0.0051206982},"LTC-USD+":{"current":0.0631073821,"target":0.0505637883,"change":-0.0125435938},"cash":{"current":0.6221034065,"target":0.64751152,"change":0.0254081135}}