{"D":-0.0758984831,"MTD":-0.0644089115,"M":-0.0805921793,"YTD":0.4398860997,"Y":0.2606139268,"Start (yearly)":4.5493522484}