{"BCH-USD+":{"current":0.2089002495,"target":0.211944444,"change":0.0030441945},"BTC-USD":{"current":0.2559387845,"target":0.25417493,"change":-0.0017638545},"LTC-USD+":{"current":0.535160966,"target":0.477777778,"change":-0.057383188},"cash":{"current":0.0,"target":0.0561028482,"change":0.0561028482}}