{"D":-0.0331684337,"MTD":-0.1204999991,"M":-0.1398670609,"YTD":-0.1204999991,"Y":-0.5131097805,"Start (yearly)":4.9682958409}