{"D":-0.0084552123,"MTD":-0.0094633714,"M":-0.0794162224,"YTD":-0.2033944712,"Y":-0.4182653899,"Start (yearly)":3.8625864299}