{"BCH-USD+":{"current":0.1441663624,"target":0.1175,"change":-0.0266663624},"BTC-USD":{"current":0.1643484419,"target":0.149327809,"change":-0.0150206329},"LTC-USD+":{"current":0.1333556574,"target":0.124166667,"change":-0.0091889904},"cash":{"current":0.5581295382,"target":0.609005525,"change":0.0508759868}}