{"D":0.0461752208,"MTD":-0.0107129493,"M":0.0834092928,"YTD":0.9542537235,"Y":0.4659588801,"Start (yearly)":4.9807020051}