{"D":0.0624705082,"MTD":-0.0476629879,"M":0.1120948161,"YTD":0.996612135,"Y":0.5021694068,"Start (yearly)":5.0512859421}