{"D":-0.0297180017,"MTD":0.4158754224,"M":0.4811477529,"YTD":0.9036019274,"Y":-0.1227674665,"Start (yearly)":3.4507193157}