{"EOS-USD+":{"current":0.516164418,"target":0.565947297,"change":0.049782879},"ETH-USD+":{"current":0.2870420252,"target":0.308915264,"change":0.0218732388},"cash":{"current":0.1967935568,"target":0.125137439,"change":-0.0716561178}}