{"D":-0.0086075576,"MTD":-0.0476375947,"M":-0.0509227042,"YTD":1.4968792269,"Y":0.7282434741,"Start (yearly)":3.3446214533}