{"EOS-USD+":{"current":0.3127305138,"target":0.314166667,"change":0.0014361532},"ETH-USD+":{"current":0.3410265065,"target":0.346720518,"change":0.0056940115},"cash":{"current":0.3462429797,"target":0.339112815,"change":-0.0071301647}}