{"D":-0.0003933777,"MTD":-0.0789271713,"M":-0.0885876647,"YTD":-0.2919830443,"Y":-0.4853197542,"Start (yearly)":3.686589679}