{"D":-0.0141429579,"MTD":-0.2062259674,"M":-0.2054398547,"YTD":1.5723644735,"Y":0.4786781306,"Start (yearly)":3.4138264382}