{"XLM-USD+":{"current":0.0266991576,"target":0.0146918701,"change":-0.0120072875},"XRP-USD+":{"current":0.0465509469,"target":0.0389018421,"change":-0.0076491048},"cash":{"current":0.9267498955,"target":0.946406288,"change":0.0196563925}}