{"BCH-USD+":{"current":0.2457634455,"target":0.25646823,"change":0.0107047845},"BTC-USD":{"current":0.2137931495,"target":0.253773681,"change":0.0399805315},"LTC-USD+":{"current":0.2996927691,"target":0.30457772,"change":0.0048849509},"cash":{"current":0.2407506359,"target":0.185180369,"change":-0.0555702669}}