{"BCH-USD+":{"current":0.1458944067,"target":0.129444444,"change":-0.0164499627},"BTC-USD":{"current":0.1771690696,"target":0.181961168,"change":0.0047920984},"LTC-USD+":{"current":0.1304724933,"target":0.130555556,"change":0.0000830627},"cash":{"current":0.5464640305,"target":0.558038832,"change":0.0115748015}}