{"D":-0.0091803459,"MTD":-0.074530564,"M":-0.074530564,"YTD":-0.0846605324,"Y":-0.51258398,"Start (yearly)":4.1874240385}