{"D":-0.0029118362,"MTD":-0.1881788971,"M":-0.1318438989,"YTD":1.6308491814,"Y":0.5073818209,"Start (yearly)":3.4328684905}