{"D":0.0008697959,"MTD":-0.0167813491,"M":-0.1164914249,"YTD":0.4226208206,"Y":0.3354847299,"Start (yearly)":4.4667970664}