{"EOS-USD+":{"current":0.5165153501,"target":0.539391756,"change":0.0228764059},"ETH-USD+":{"current":0.4834846499,"target":0.460608244,"change":-0.0228764059},"cash":{"current":0.0,"target":0.0,"change":0.0}}