{"D":-0.0373693693,"MTD":0.1057920786,"M":0.1649724815,"YTD":0.0936883414,"Y":-0.2784192781,"Start (yearly)":4.3493742289}