{"BCH-USD+":{"current":0.1091067715,"target":0.115853666,"change":0.0067468945},"BTC-USD":{"current":0.0883145812,"target":0.0907046248,"change":0.0023900436},"LTC-USD+":{"current":0.1044257205,"target":0.111451372,"change":0.0070256515},"cash":{"current":0.6981529268,"target":0.681990337,"change":-0.0161625898}}