{"D":0.0082848525,"MTD":0.0050960972,"M":-0.0630744854,"YTD":0.4542753367,"Y":0.3738792153,"Start (yearly)":4.4991828084}