{"EOS-USD+":{"current":0.5483372368,"target":0.675944177,"change":0.1276069402},"ETH-USD+":{"current":0.3061757098,"target":0.324055823,"change":0.0178801132},"cash":{"current":0.1454870534,"target":0.0,"change":-0.1454870534}}