{"XLM-USD+":{"current":0.2267743574,"target":0.227633306,"change":0.0008589486},"XRP-USD+":{"current":0.19655028,"target":0.191397774,"change":-0.005152506},"cash":{"current":0.5766753626,"target":0.58096892,"change":0.0042935574}}