{"XLM-USD+":{"current":0.3927828002,"target":0.455989636,"change":0.0632068358},"XRP-USD+":{"current":0.3971706278,"target":0.484444444,"change":0.0872738162},"cash":{"current":0.210046572,"target":0.0595659197,"change":-0.1504806523}}