{"D":-0.0028600534,"MTD":-0.0028600534,"M":-0.1471268898,"YTD":0.6252024966,"Y":0.2771416936,"Start (yearly)":4.7841610971}