{"D":-0.0092075795,"MTD":-0.1152174427,"M":-0.1445648921,"YTD":1.107555875,"Y":0.5660865034,"Start (yearly)":3.1966837775}