{"EOS-USD+":{"current":0.3305695323,"target":0.340163406,"change":0.0095938737},"ETH-USD+":{"current":0.5040598819,"target":0.486388889,"change":-0.0176709929},"cash":{"current":0.1653705858,"target":0.173447705,"change":0.0080771192}}