{"D":-0.0037584727,"MTD":-0.1580485864,"M":0.361524773,"YTD":0.7651843707,"Y":0.1148640453,"Start (yearly)":5.017814141}