{"EOS-USD+":{"current":0.4330978829,"target":0.467252879,"change":0.0341549961},"ETH-USD+":{"current":0.5669021171,"target":0.532747121,"change":-0.0341549961},"cash":{"current":0.0,"target":0.0,"change":0.0}}