{"D":-0.022977994,"MTD":-0.0353584201,"M":-0.0353584201,"YTD":-0.1981946338,"Y":-0.1981946338,"Start (yearly)":4.5821173491}