{"D":-0.053774295,"MTD":0.3544409938,"M":0.2366859205,"YTD":0.6988171312,"Y":0.1473994563,"Start (yearly)":5.0419474646}