{"XLM-USD+":{"current":0.4883670949,"target":0.513027283,"change":0.0246601881},"XRP-USD+":{"current":0.3880924907,"target":0.472059813,"change":0.0839673223},"cash":{"current":0.1235404145,"target":0.0149129032,"change":-0.1086275113}}