{"XLM-USD+":{"current":0.1746668454,"target":0.207647174,"change":0.0329803286},"XRP-USD+":{"current":0.2173115437,"target":0.205005879,"change":-0.0123056647},"cash":{"current":0.6080216109,"target":0.587346947,"change":-0.0206746639}}