{"D":0.0390296487,"MTD":-0.0104936089,"M":0.1560412568,"YTD":1.0745392051,"Y":0.5593892699,"Start (yearly)":5.0672302237}