{"D":-0.0261559887,"MTD":-0.0926209789,"M":-0.1481487849,"YTD":-0.1781099086,"Y":-0.4085964814,"Start (yearly)":3.9411187725}