{"D":-0.050460163,"MTD":-0.0721041865,"M":0.0285937606,"YTD":0.8329804754,"Y":0.4133291572,"Start (yearly)":4.9316847996}