{"XLM-USD+":{"current":0.062947124,"target":0.0794444444,"change":0.0164973204},"XRP-USD+":{"current":0.1207296592,"target":0.135856037,"change":0.0151263778},"cash":{"current":0.8163232169,"target":0.784699519,"change":-0.0316236979}}