{"BCH-USD+":{"current":0.1106695253,"target":0.107914157,"change":-0.0027553683},"BTC-USD":{"current":0.1217872002,"target":0.108989333,"change":-0.0127978672},"LTC-USD+":{"current":0.1249862369,"target":0.116966002,"change":-0.0080202349},"cash":{"current":0.6425570376,"target":0.666130509,"change":0.0235734714}}