{"EOS-USD+":{"current":0.562142416,"target":0.560742268,"change":-0.001400148},"ETH-USD+":{"current":0.437857584,"target":0.439257732,"change":0.001400148},"cash":{"current":0.0,"target":0.0,"change":0.0}}