{"D":0.0399124807,"MTD":-0.0138489271,"M":-0.0179140158,"YTD":1.0890360512,"Y":0.7000450058,"Start (yearly)":3.14148479}