{"D":-0.0075028778,"MTD":0.0133095032,"M":-0.0791026533,"YTD":1.4137076155,"Y":0.5397322019,"Start (yearly)":3.3000142193}