{"XLM-USD+":{"current":0.0372777084,"target":0.0283188992,"change":-0.0089588092},"XRP-USD+":{"current":0.1263549075,"target":0.108360376,"change":-0.0179945315},"cash":{"current":0.8363673841,"target":0.863320724,"change":0.0269533399}}