{"D":-0.0114349802,"MTD":0.0190740638,"M":-0.1271013194,"YTD":-0.2727700316,"Y":-0.391903046,"Start (yearly)":3.6531293377}