{"D":-0.0255108185,"MTD":0.2599980884,"M":0.230572612,"YTD":0.1127032948,"Y":-0.2048555005,"Start (yearly)":5.0506729147}