{"XLM-USD+":{"current":0.4559529755,"target":0.349694596,"change":-0.1062583795},"XRP-USD+":{"current":0.4820860727,"target":0.359166667,"change":-0.1229194057},"cash":{"current":0.0619609518,"target":0.291138737,"change":0.2291777852}}