{"EOS-USD+":{"current":0.4731344672,"target":0.415833333,"change":-0.0573011342},"ETH-USD+":{"current":0.5268655328,"target":0.501111111,"change":-0.0257544218},"cash":{"current":0.0,"target":0.0830555556,"change":0.0830555556}}