{"XLM-USD+":{"current":0.2230271028,"target":0.224722222,"change":0.0016951192},"XRP-USD+":{"current":0.2160217201,"target":0.197034838,"change":-0.0189868821},"cash":{"current":0.5609511772,"target":0.57824294,"change":0.0172917628}}