{"EOS-USD+":{"current":0.0561936335,"target":0.0206505269,"change":-0.0355431066},"ETH-USD+":{"current":0.049364704,"target":0.0386515275,"change":-0.0107131765},"cash":{"current":0.8944416626,"target":0.940697946,"change":0.0462562834}}