{"D":0.026799599,"MTD":0.0125795262,"M":0.0142111637,"YTD":1.1450213797,"Y":0.7455847834,"Start (yearly)":3.1480867461}