{"EOS-USD+":{"current":0.5503001642,"target":0.542262488,"change":-0.0080376762},"ETH-USD+":{"current":0.4496998358,"target":0.457737512,"change":0.0080376762},"cash":{"current":0.0,"target":0.0,"change":0.0}}