{"D":0.0848970796,"MTD":0.0115656211,"M":0.1764748523,"YTD":0.0439105756,"Y":-0.2459882781,"Start (yearly)":4.9650432503}