{"BCH-USD+":{"current":0.1572012237,"target":0.144961376,"change":-0.0122398477},"BTC-USD":{"current":0.2141617774,"target":0.219495766,"change":0.0053339886},"LTC-USD+":{"current":0.6286369989,"target":0.635542858,"change":0.0069058591},"cash":{"current":0.0,"target":0.0,"change":0.0}}