{"D":0.0044287075,"MTD":-0.0001820301,"M":-0.0630799582,"YTD":0.4466384049,"Y":0.2815120401,"Start (yearly)":4.5295792046}