{"D":0.0020042908,"MTD":0.0453403104,"M":-0.0000094428,"YTD":-0.0768608156,"Y":-0.3575963496,"Start (yearly)":4.9543447614}