{"BCH-USD+":{"current":0.4778196162,"target":0.494642589,"change":0.0168229728},"BTC-USD":{"current":0.2125369531,"target":0.215691544,"change":0.0031545909},"LTC-USD+":{"current":0.2782081033,"target":0.267008051,"change":-0.0112000523},"cash":{"current":0.0314353274,"target":0.0226578161,"change":-0.0087775113}}