{"D":0.0101994366,"MTD":-0.190758368,"M":-0.1230960807,"YTD":1.6224899517,"Y":0.4885677515,"Start (yearly)":3.4333091796}