{"D":-0.0039918072,"MTD":-0.000331818,"M":-0.0506670184,"YTD":0.5385015284,"Y":0.2573881796,"Start (yearly)":4.647531648}