{"D":0.0090468702,"MTD":-0.0771012329,"M":0.0207200585,"YTD":-0.0771012329,"Y":-0.4331754001,"Start (yearly)":5.0438403877}