{"XLM-USD+":{"current":0.2245290205,"target":0.232372654,"change":0.0078436335},"XRP-USD+":{"current":0.1803455391,"target":0.183055556,"change":0.0027100169},"cash":{"current":0.5951254403,"target":0.58457179,"change":-0.0105536503}}