{"D":-0.005715734,"MTD":-0.015218964,"M":-0.1074058739,"YTD":0.4248814384,"Y":0.3297048565,"Start (yearly)":4.481509501}