{"BCH-USD+":{"current":0.3294323118,"target":0.327279581,"change":-0.0021527308},"BTC-USD":{"current":0.4489582257,"target":0.434365903,"change":-0.0145923227},"LTC-USD+":{"current":0.2216094625,"target":0.238354516,"change":0.0167450535},"cash":{"current":0.0,"target":0.0,"change":0.0}}