{"EOS-USD+":{"current":0.5032004018,"target":0.5189747,"change":0.0157742982},"ETH-USD+":{"current":0.4967995982,"target":0.4810253,"change":-0.0157742982},"cash":{"current":0.0,"target":0.0,"change":0.0}}