{"BCH-USD+":{"current":0.0285867212,"target":0.0729079912,"change":0.04432127},"BTC-USD":{"current":0.0719158664,"target":0.167885746,"change":0.0959698796},"LTC-USD+":{"current":0.2113516006,"target":0.241813238,"change":0.0304616374},"cash":{"current":0.6881458118,"target":0.517393025,"change":-0.1707527868}}