{"D":-0.0006447767,"MTD":-0.0340268705,"M":-0.0251447053,"YTD":0.3976682449,"Y":0.3108048224,"Start (yearly)":4.4481549597}