{"BCH-USD+":{"current":0.1469151382,"target":0.147855164,"change":0.0009400258},"BTC-USD":{"current":0.2359156352,"target":0.236560908,"change":0.0006452728},"LTC-USD+":{"current":0.6171692266,"target":0.615583927,"change":-0.0015852996},"cash":{"current":0.0,"target":0.0,"change":0.0}}