{"XLM-USD+":{"current":0.1668847321,"target":0.224301289,"change":0.0574165569},"XRP-USD+":{"current":0.1447893153,"target":0.179166667,"change":0.0343773517},"cash":{"current":0.6883259527,"target":0.596532044,"change":-0.0917939087}}