{"EOS-USD+":{"current":0.4919844896,"target":0.496488444,"change":0.0045039544},"ETH-USD+":{"current":0.5080155104,"target":0.503511556,"change":-0.0045039544},"cash":{"current":0.0,"target":0.0,"change":0.0}}