{"D":-0.0310830781,"MTD":0.4642686178,"M":0.6609809928,"YTD":0.9686651232,"Y":0.0812177954,"Start (yearly)":3.4952030509}