{"XLM-USD+":{"current":0.4452146794,"target":0.448225081,"change":0.0030104016},"XRP-USD+":{"current":0.3162258617,"target":0.293758826,"change":-0.0224670357},"cash":{"current":0.2385594589,"target":0.258016093,"change":0.0194566341}}