{"EOS-USD+":{"current":0.0283032501,"target":0.144927014,"change":0.1166237639},"ETH-USD+":{"current":0.0237689003,"target":0.0427901692,"change":0.0190212689},"cash":{"current":0.9479278496,"target":0.812282817,"change":-0.1356450326}}