{"EOS-USD+":{"current":0.2713139497,"target":0.281066313,"change":0.0097523633},"ETH-USD+":{"current":0.3483933618,"target":0.360301388,"change":0.0119080262},"cash":{"current":0.3802926885,"target":0.358632299,"change":-0.0216603895}}