{"D":0.0009942062,"MTD":-0.0301157904,"M":-0.1971115685,"YTD":-0.1938369856,"Y":1.4405706792,"Start (yearly)":4.6455218753}