{"D":0.0162590721,"MTD":0.0984707425,"M":-0.0078086169,"YTD":0.9532925716,"Y":-0.1664632401,"Start (yearly)":3.4286725507}