{"BCH-USD+":{"current":0.205809673,"target":0.205901338,"change":0.000091665},"BTC-USD":{"current":0.25832394,"target":0.259691532,"change":0.001367592},"LTC-USD+":{"current":0.535866387,"target":0.534407129,"change":-0.001459258},"cash":{"current":0.0,"target":0.0,"change":0.0}}