{"D":-0.0038560766,"MTD":-0.0351705323,"M":-0.0454294253,"YTD":-0.2240685845,"Y":-0.4023938045,"Start (yearly)":3.8140173109}