{"D":0.0081020987,"MTD":-0.1138127608,"M":-0.1333270792,"YTD":-0.1138127608,"Y":-0.4612281553,"Start (yearly)":4.9667522377}