{"D":-0.0123832698,"MTD":0.0625844684,"M":0.071999105,"YTD":0.0001057516,"Y":-0.3596978896,"Start (yearly)":4.3647843484}