{"D":0.0147862605,"MTD":0.0147862605,"M":-0.0777605739,"YTD":1.4172252578,"Y":0.6259028318,"Start (yearly)":3.3044677228}