{"D":-0.0834246869,"MTD":0.0536503294,"M":0.0246594257,"YTD":-0.2812867475,"Y":-0.2812863695,"Start (yearly)":5.1737905396}