{"BCH-USD+":{"current":0.0848886358,"target":0.133651886,"change":0.0487632502},"BTC-USD":{"current":0.1393195899,"target":0.196338384,"change":0.0570187941},"LTC-USD+":{"current":0.0626485039,"target":0.11,"change":0.0473514961},"cash":{"current":0.7131432703,"target":0.56000973,"change":-0.1531335403}}