{"D":-0.0022463941,"MTD":-0.0153125227,"M":-0.080627866,"YTD":0.6049066654,"Y":0.3146397065,"Start (yearly)":4.7395356815}