{"BCH-USD+":{"current":0.0672009545,"target":0.0463254292,"change":-0.0208755253},"BTC-USD":{"current":0.054950002,"target":0.0560876221,"change":0.0011376201},"LTC-USD+":{"current":0.0482501564,"target":0.0360804589,"change":-0.0121696975},"cash":{"current":0.8295988871,"target":0.86150649,"change":0.0319076029}}