{"BCH-USD+":{"current":0.0712618754,"target":0.107012324,"change":0.0357504486},"BTC-USD":{"current":0.1110218992,"target":0.123258462,"change":0.0122365628},"LTC-USD+":{"current":0.1049782677,"target":0.125052613,"change":0.0200743453},"cash":{"current":0.7127379577,"target":0.644676602,"change":-0.0680613557}}