{"D":-0.1325016172,"MTD":-0.0281364071,"M":0.0281948531,"YTD":-0.0281364071,"Y":-0.6259776855,"Start (yearly)":3.3159660192}