{"BCH-USD+":{"current":0.1419516358,"target":0.184052339,"change":0.0421007032},"BTC-USD":{"current":0.1382453839,"target":0.154166667,"change":0.0159212831},"LTC-USD+":{"current":0.2249027384,"target":0.262222222,"change":0.0373194836},"cash":{"current":0.4949002419,"target":0.399558772,"change":-0.0953414699}}