{"XLM-USD+":{"current":0.3966225603,"target":0.321388889,"change":-0.0752336713},"XRP-USD+":{"current":0.2172022139,"target":0.177663322,"change":-0.0395388919},"cash":{"current":0.3861752257,"target":0.500947789,"change":0.1147725633}}