{"D":-0.0219966023,"MTD":-0.0703538568,"M":-0.0458114076,"YTD":-0.0805295424,"Y":-0.4927191353,"Start (yearly)":4.2007736744}