{"D":-0.0021431674,"MTD":-0.0021431674,"M":-0.1125821224,"YTD":1.1138332193,"Y":0.5529343601,"Start (yearly)":3.1890924255}