{"D":0.0149297214,"MTD":0.0090869822,"M":-0.0183618467,"YTD":-0.050700283,"Y":-0.4247053403,"Start (yearly)":4.4013012001}