{"D":0.0520779681,"MTD":0.2624562028,"M":0.265947295,"YTD":0.3423908462,"Y":-0.3078232738,"Start (yearly)":3.3252750808}