{"BCH-USD+":{"current":0.2486717769,"target":0.266911086,"change":0.0182393091},"BTC-USD":{"current":0.239973151,"target":0.230661859,"change":-0.009311292},"LTC-USD+":{"current":0.511355072,"target":0.502427055,"change":-0.008928017},"cash":{"current":0.0,"target":0.0,"change":0.0}}