{"D":0.002444998,"MTD":-0.0607787601,"M":-0.22466246,"YTD":-0.6378048709,"Y":-0.6228005878,"Start (yearly)":3.3603085459}