{"XLM-USD+":{"current":0.0556984343,"target":0.0168113352,"change":-0.0388870991},"XRP-USD+":{"current":0.0392724509,"target":0.034798312,"change":-0.0044741389},"cash":{"current":0.9050291148,"target":0.948390353,"change":0.0433612382}}