{"XLM-USD+":{"current":0.3452822105,"target":0.342499865,"change":-0.0027823455},"XRP-USD+":{"current":0.3331779152,"target":0.338251827,"change":0.0050739118},"cash":{"current":0.3215398743,"target":0.319248308,"change":-0.0022915663}}