{"BCH-USD+":{"current":0.1638932948,"target":0.158897814,"change":-0.0049954808},"BTC-USD":{"current":0.2461835939,"target":0.215243106,"change":-0.0309404879},"LTC-USD+":{"current":0.5899231113,"target":0.62585908,"change":0.0359359687},"cash":{"current":0.0,"target":0.0,"change":0.0}}