{"EOS-USD+":{"current":0.1367888256,"target":0.2951836,"change":0.1583947744},"ETH-USD+":{"current":0.0648197129,"target":0.146944155,"change":0.0821244421},"cash":{"current":0.7983914615,"target":0.557872244,"change":-0.2405192175}}