{"XLM-USD+":{"current":0.1662990304,"target":0.172777778,"change":0.0064787476},"XRP-USD+":{"current":0.2724250831,"target":0.293611111,"change":0.0211860279},"cash":{"current":0.5612758865,"target":0.533611111,"change":-0.0276647755}}