{"EOS-USD+":{"current":0.3533362891,"target":0.297178329,"change":-0.0561579601},"ETH-USD+":{"current":0.5063620868,"target":0.493888889,"change":-0.0124731978},"cash":{"current":0.140301624,"target":0.208932782,"change":0.068631158}}