{"EOS-USD+":{"current":0.2999421772,"target":0.286069537,"change":-0.0138726402},"ETH-USD+":{"current":0.7000578228,"target":0.713930463,"change":0.0138726402},"cash":{"current":0.0,"target":0.0,"change":0.0}}