{"BCH-USD+":{"current":0.2774387801,"target":0.272578497,"change":-0.0048602831},"BTC-USD":{"current":0.2342370898,"target":0.251819021,"change":0.0175819312},"LTC-USD+":{"current":0.4883241301,"target":0.475602481,"change":-0.0127216491},"cash":{"current":0.0,"target":0.0,"change":0.0}}