{"D":-0.0115833316,"MTD":-0.0115833316,"M":-0.1910897527,"YTD":-0.618833468,"Y":-0.2071235794,"Start (yearly)":3.4060169591}