{"EOS-USD+":{"current":0.3678895496,"target":0.474576171,"change":0.1066866214},"ETH-USD+":{"current":0.2676687871,"target":0.396492759,"change":0.1288239719},"cash":{"current":0.3644416633,"target":0.128931071,"change":-0.2355105923}}