{"D":-0.0807968074,"MTD":-0.0210724272,"M":-0.0355941133,"YTD":-0.332256442,"Y":-0.3464655563,"Start (yearly)":5.1129991641}