{"D":-0.0120518913,"MTD":-0.0035762802,"M":-0.1306014642,"YTD":0.6240351444,"Y":0.2819638792,"Start (yearly)":4.7683649708}