{"BCH-USD+":{"current":0.0989218353,"target":0.121313503,"change":0.0223916677},"BTC-USD":{"current":0.0835705526,"target":0.0894444444,"change":0.0058738918},"LTC-USD+":{"current":0.2608546978,"target":0.294610996,"change":0.0337562982},"cash":{"current":0.5566529143,"target":0.494631057,"change":-0.0620218573}}