{"XLM-USD+":{"current":0.096007909,"target":0.138888889,"change":0.04288098},"XRP-USD+":{"current":0.0692496958,"target":0.162174228,"change":0.0929245322},"cash":{"current":0.8347423951,"target":0.698936884,"change":-0.1358055111}}