{"D":0.0060718318,"MTD":0.0162481941,"M":-0.054160767,"YTD":-0.2747866241,"Y":-0.441691718,"Start (yearly)":3.6708745684}