{"XLM-USD+":{"current":0.1078926462,"target":0.125084567,"change":0.0171919208},"XRP-USD+":{"current":0.1454395148,"target":0.170250764,"change":0.0248112492},"cash":{"current":0.746667839,"target":0.704664669,"change":-0.04200317}}