{"EOS-USD+":{"current":0.4879295689,"target":0.486742302,"change":-0.0011872669},"ETH-USD+":{"current":0.5120704311,"target":0.513257698,"change":0.0011872669},"cash":{"current":0.0,"target":0.0,"change":0.0}}