{"D":-0.00902849,"MTD":-0.0418499221,"M":-0.1356104378,"YTD":-0.1321222589,"Y":-0.3834197665,"Start (yearly)":3.9760434399}