{"D":0.010543274,"MTD":-0.0225406021,"M":0.0599202262,"YTD":0.0087138011,"Y":-0.2415134149,"Start (yearly)":4.9179542471}