{"D":0.0021203366,"MTD":-0.002433351,"M":-0.030920339,"YTD":-0.2331832185,"Y":-0.3732207931,"Start (yearly)":3.7649966718}