{"XLM-USD+":{"current":0.0282742438,"target":0.0324942927,"change":0.0042200489},"XRP-USD+":{"current":0.1079961943,"target":0.100555274,"change":-0.0074409203},"cash":{"current":0.8637295619,"target":0.866950433,"change":0.0032208711}}