{"D":0.0094342355,"MTD":-0.0280244464,"M":-0.1268967165,"YTD":-0.1920986707,"Y":0.5011963558,"Start (yearly)":4.6310865417}