{"BCH-USD+":{"current":0.2915702051,"target":0.288816725,"change":-0.0027534801},"BTC-USD":{"current":0.5168678133,"target":0.500870094,"change":-0.0159977193},"LTC-USD+":{"current":0.1915619816,"target":0.21031318,"change":0.0187511984},"cash":{"current":0.0,"target":0.0,"change":0.0}}