{"D":-0.0047279345,"MTD":-0.0012448689,"M":-0.0188752172,"YTD":-0.0604199836,"Y":-0.4165773477,"Start (yearly)":4.3688730369}