{"XLM-USD+":{"current":0.0272724892,"target":0.0650807978,"change":0.0378083086},"XRP-USD+":{"current":0.0471367798,"target":0.0695759688,"change":0.022439189},"cash":{"current":0.925590731,"target":0.865343233,"change":-0.060247498}}