{"EOS-USD+":{"current":0.1048306433,"target":0.027679366,"change":-0.0771512773},"ETH-USD+":{"current":0.1635418571,"target":0.0425671887,"change":-0.1209746684},"cash":{"current":0.7316274996,"target":0.929753445,"change":0.1981259454}}