{"D":-0.0749882377,"MTD":0.3777050142,"M":0.2518080744,"YTD":0.7279961923,"Y":0.0565895731,"Start (yearly)":5.0705265677}