{"D":-0.0066333823,"MTD":-0.0277218036,"M":-0.171125028,"YTD":-0.0934691066,"Y":-0.4607240678,"Start (yearly)":4.15527318}