{"BCH-USD+":{"current":0.1190986004,"target":0.127584638,"change":0.0084860376},"BTC-USD":{"current":0.086596801,"target":0.0983333333,"change":0.0117365323},"LTC-USD+":{"current":0.3199105143,"target":0.439201674,"change":0.1192911597},"cash":{"current":0.4743940843,"target":0.334880354,"change":-0.1395137303}}