{"D":-0.0029108281,"MTD":-0.0605537085,"M":-0.0477880177,"YTD":1.4630160922,"Y":0.6873463743,"Start (yearly)":3.3266255552}