{"D":-0.0065127729,"MTD":0.0803477534,"M":0.0329561137,"YTD":-0.0129016697,"Y":-0.5692198094,"Start (yearly)":3.2537191469}