{"D":-0.0223899013,"MTD":-0.0527311038,"M":-0.294756591,"YTD":-0.6347014255,"Y":-0.3035667059,"Start (yearly)":3.3773608851}