{"BCH-USD+":{"current":0.3223964329,"target":0.331882449,"change":0.0094860161},"BTC-USD":{"current":0.2138266903,"target":0.251763576,"change":0.0379368857},"LTC-USD+":{"current":0.3150721044,"target":0.416353975,"change":0.1012818706},"cash":{"current":0.1487047725,"target":0.0,"change":-0.1487047725}}