{"D":0.0117967488,"MTD":0.0117967488,"M":-0.1276076274,"YTD":-0.0755357447,"Y":-0.5860630068,"Start (yearly)":3.2467384363}