{"D":0.0113756632,"MTD":0.0205660158,"M":-0.0071950617,"YTD":-0.0399013692,"Y":-0.4176024183,"Start (yearly)":4.4055124227}