{"D":0.0030657554,"MTD":-0.0107964217,"M":0.0076911059,"YTD":-0.2940861586,"Y":-0.4079714011,"Start (yearly)":3.6255849264}