{"D":0.0136376558,"MTD":-0.0103925431,"M":-0.0046441502,"YTD":0.0212502961,"Y":-0.2123022595,"Start (yearly)":4.8800526317}