{"BCH-USD+":{"current":0.2580425977,"target":0.258420177,"change":0.0003775793},"BTC-USD":{"current":0.256509124,"target":0.274231864,"change":0.01772274},"LTC-USD+":{"current":0.2984268006,"target":0.298683505,"change":0.0002567044},"cash":{"current":0.1870214776,"target":0.168664454,"change":-0.0183570236}}