{"BCH-USD+":{"current":0.207655185,"target":0.183912399,"change":-0.023742786},"BTC-USD":{"current":0.1775551037,"target":0.156946626,"change":-0.0206084777},"LTC-USD+":{"current":0.1905502853,"target":0.173611111,"change":-0.0169391743},"cash":{"current":0.4242394261,"target":0.485529863,"change":0.0612904369}}