{"EOS-USD+":{"current":0.2852007872,"target":0.242777778,"change":-0.0424230092},"ETH-USD+":{"current":0.4475047859,"target":0.435833333,"change":-0.0116714529},"cash":{"current":0.2672944268,"target":0.321388889,"change":0.0540944622}}