{"D":0.002918243,"MTD":-0.0007421046,"M":-0.0713108616,"YTD":-0.1963806878,"Y":-0.4173490516,"Start (yearly)":3.869631346}