{"D":-0.0013592037,"MTD":0.1256457818,"M":0.0772950075,"YTD":-0.5659133313,"Y":-0.5673015344,"Start (yearly)":3.4294581231}