{"BCH-USD+":{"current":0.1776752807,"target":0.164766463,"change":-0.0129088177},"BTC-USD":{"current":0.248990409,"target":0.24797434,"change":-0.001016069},"LTC-USD+":{"current":0.1815134383,"target":0.135779517,"change":-0.0457339213},"cash":{"current":0.391820872,"target":0.45147968,"change":0.059658808}}