{"D":0.0148817143,"MTD":0.0091214193,"M":-0.1195224813,"YTD":0.6447306676,"Y":0.2983292633,"Start (yearly)":4.7795099634}