{"D":0.0066148571,"MTD":-0.0280843806,"M":-0.1357884079,"YTD":-0.1196536411,"Y":-0.3758201475,"Start (yearly)":3.9986670925}