{"D":-0.0017414527,"MTD":-0.038570679,"M":-0.09637252,"YTD":-0.3441923045,"Y":-0.3560558733,"Start (yearly)":5.1468385413}