{"D":0.0021175146,"MTD":-0.0131689784,"M":-0.110647132,"YTD":0.4278475662,"Y":0.3342974467,"Start (yearly)":4.4799809263}