{"XLM-USD+":{"current":0.0789490021,"target":0.0815496836,"change":0.0026006815},"XRP-USD+":{"current":0.078958641,"target":0.090554148,"change":0.011595507},"cash":{"current":0.8420923568,"target":0.827896168,"change":-0.0141961888}}