{"BCH-USD+":{"current":0.1166852079,"target":0.11950721,"change":0.0028220021},"BTC-USD":{"current":0.1117161321,"target":0.0967911752,"change":-0.0149249569},"LTC-USD+":{"current":0.2604376613,"target":0.305,"change":0.0445623387},"cash":{"current":0.5111609987,"target":0.478701615,"change":-0.0324593837}}