{"BCH-USD+":{"current":0.1405609256,"target":0.133552261,"change":-0.0070086646},"BTC-USD":{"current":0.1173996836,"target":0.135978705,"change":0.0185790214},"LTC-USD+":{"current":0.1285472896,"target":0.151227995,"change":0.0226807054},"cash":{"current":0.6134921013,"target":0.579241039,"change":-0.0342510623}}