{"XLM-USD+":{"current":0.1141474512,"target":0.104584921,"change":-0.0095625302},"XRP-USD+":{"current":0.2377569628,"target":0.20889476,"change":-0.0288622028},"cash":{"current":0.648095586,"target":0.686520319,"change":0.038424733}}