{"XLM-USD+":{"current":0.4411079858,"target":0.46889342,"change":0.0277854342},"XRP-USD+":{"current":0.2722237966,"target":0.264271414,"change":-0.0079523826},"cash":{"current":0.2866682176,"target":0.266835165,"change":-0.0198330526}}