{"D":-0.0021000707,"MTD":-0.0030099655,"M":-0.0460853374,"YTD":-0.2336264548,"Y":-0.3736595374,"Start (yearly)":3.773625768}