{"D":-0.0490006338,"MTD":-0.1713522399,"M":0.3511101735,"YTD":0.7372927361,"Y":0.1067047423,"Start (yearly)":5.0136800495}