{"D":0.0036364333,"MTD":0.0087569023,"M":-0.1714102714,"YTD":-0.0783132091,"Y":-0.584659175,"Start (yearly)":3.2334741491}