{"BCH-USD+":{"current":0.3759136615,"target":0.376467437,"change":0.0005537755},"BTC-USD":{"current":0.2277534382,"target":0.232063513,"change":0.0043100748},"LTC-USD+":{"current":0.3040324352,"target":0.292222222,"change":-0.0118102132},"cash":{"current":0.0923004651,"target":0.0992468284,"change":0.0069463633}}