{"D":-0.0017734088,"MTD":0.007147364,"M":-0.0315727481,"YTD":0.5500120806,"Y":0.3855302172,"Start (yearly)":4.6316711887}