{"D":-0.0011313632,"MTD":-0.0015931448,"M":-0.0652653803,"YTD":0.536560331,"Y":0.3571800601,"Start (yearly)":4.643820294}