{"EOS-USD+":{"current":0.2895799431,"target":0.218055556,"change":-0.0715243871},"ETH-USD+":{"current":0.7104200569,"target":0.6725,"change":-0.0379200569},"cash":{"current":0.0,"target":0.109444444,"change":0.109444444}}