{"EOS-USD+":{"current":0.2770754772,"target":0.287087069,"change":0.0100115918},"ETH-USD+":{"current":0.7229245228,"target":0.712912931,"change":-0.0100115918},"cash":{"current":0.0,"target":0.0,"change":0.0}}