{"BCH-USD+":{"current":0.3321115787,"target":0.314433775,"change":-0.0176778037},"BTC-USD":{"current":0.3508117231,"target":0.397805213,"change":0.0469934899},"LTC-USD+":{"current":0.3170766982,"target":0.287761012,"change":-0.0293156862},"cash":{"current":0.0,"target":0.0,"change":0.0}}