{"D":-0.001657514,"MTD":-0.0041857254,"M":-0.0326226718,"YTD":-0.2345302465,"Y":-0.3659234182,"Start (yearly)":3.7618541274}