{"D":-0.0001522665,"MTD":0.0015980894,"M":0.0135909236,"YTD":-0.0572947001,"Y":-0.4104272818,"Start (yearly)":4.3509305998}