{"EOS-USD+":{"current":0.1070312136,"target":0.100345044,"change":-0.0066861696},"ETH-USD+":{"current":0.0874233583,"target":0.127863482,"change":0.0404401237},"cash":{"current":0.8055454281,"target":0.771791474,"change":-0.0337539541}}