{"D":0.0020619187,"MTD":-0.0635030248,"M":-0.0736929489,"YTD":0.4412802703,"Y":0.2584771829,"Start (yearly)":4.5414437207}