{"EOS-USD+":{"current":0.3201085044,"target":0.342857093,"change":0.0227485886},"ETH-USD+":{"current":0.3490325562,"target":0.396084859,"change":0.0470523028},"cash":{"current":0.3308589394,"target":0.261058048,"change":-0.0698008914}}