{"D":-0.0326850989,"MTD":-0.0733243208,"M":0.0638644252,"YTD":-0.0287815726,"Y":-0.3713586445,"Start (yearly)":4.1121154428}