{"D":0.0884502322,"MTD":0.0771384663,"M":0.0774585346,"YTD":0.111580122,"Y":-0.145138887,"Start (yearly)":4.9343866686}