{"XLM-USD+":{"current":0.115381058,"target":0.107905802,"change":-0.007475256},"XRP-USD+":{"current":0.1318638691,"target":0.129722222,"change":-0.0021416471},"cash":{"current":0.7527550729,"target":0.762371975,"change":0.0096169021}}