{"D":-0.0346228428,"MTD":-0.2138995204,"M":-0.1371734914,"YTD":1.547496974,"Y":0.5171558204,"Start (yearly)":3.4230360925}