{"BCH-USD+":{"current":0.0942025017,"target":0.104657891,"change":0.0104553893},"BTC-USD":{"current":0.1059590134,"target":0.0960114459,"change":-0.0099475675},"LTC-USD+":{"current":0.0805834431,"target":0.0822624907,"change":0.0016790476},"cash":{"current":0.7192550418,"target":0.717068172,"change":-0.0021868698}}