{"D":0.0038282203,"MTD":-0.051492182,"M":-0.1618019052,"YTD":-0.051492182,"Y":-0.5825086897,"Start (yearly)":3.2774272062}