{"D":0.0090283767,"MTD":-0.0547398384,"M":-0.0764600208,"YTD":-0.0547398384,"Y":-0.4397924223,"Start (yearly)":4.4543926653}