{"D":0.0025753446,"MTD":-0.0115704686,"M":-0.0815442904,"YTD":-0.2946385327,"Y":-0.4800826214,"Start (yearly)":3.6675004053}