{"D":-0.0231592978,"MTD":0.0029865607,"M":-0.1294670578,"YTD":1.6296043338,"Y":0.6437927858,"Start (yearly)":3.3968342708}