{"D":0.0074050289,"MTD":0.0515851888,"M":0.0153393604,"YTD":-0.0713459686,"Y":-0.3589931632,"Start (yearly)":4.9449237793}