{"D":0.0032507788,"MTD":-0.0309531366,"M":-0.0288519715,"YTD":-0.2206768869,"Y":-0.3945552993,"Start (yearly)":3.8117716978}