{"D":0.0235241817,"MTD":0.4388425808,"M":0.3771252177,"YTD":1.5585392638,"Y":0.1832239679,"Start (yearly)":3.5557850761}