{"XLM-USD+":{"current":0.6394716498,"target":0.626728978,"change":-0.0127426718},"XRP-USD+":{"current":0.3605283502,"target":0.373271022,"change":0.0127426718},"cash":{"current":0.0,"target":0.0,"change":0.0}}