{"D":-0.0113289081,"MTD":0.0612107353,"M":-0.0386073894,"YTD":0.8870371015,"Y":-0.2969788226,"Start (yearly)":3.4174669828}