{"EOS-USD+":{"current":0.4409256934,"target":0.269104304,"change":-0.1718213894},"ETH-USD+":{"current":0.5310222418,"target":0.35044133,"change":-0.1805809118},"cash":{"current":0.0280520647,"target":0.380454366,"change":0.3524023013}}