{"D":0.0128348352,"MTD":0.0549037419,"M":0.0614538215,"YTD":-0.0071233572,"Y":-0.37189401,"Start (yearly)":4.3659905774}