{"D":0.0039984134,"MTD":0.050388672,"M":0.0251145471,"YTD":0.6165609812,"Y":0.4402346186,"Start (yearly)":4.6342399869}