{"D":-0.0076170907,"MTD":-0.0269445289,"M":-0.2241407436,"YTD":-0.1912010486,"Y":1.8101391005,"Start (yearly)":4.6669081377}