{"EOS-USD+":{"current":0.5547795538,"target":0.5325,"change":-0.0222795538},"ETH-USD+":{"current":0.3369350078,"target":0.313367395,"change":-0.0235676128},"cash":{"current":0.1082854385,"target":0.154132605,"change":0.0458471665}}