{"EOS-USD+":{"current":0.3167955376,"target":0.358333333,"change":0.0415377954},"ETH-USD+":{"current":0.4889106118,"target":0.549895227,"change":0.0609846152},"cash":{"current":0.1942938506,"target":0.0917714396,"change":-0.102522411}}