{"D":0.0539331537,"MTD":0.2156918877,"M":0.3124508575,"YTD":0.3698566212,"Y":0.0690170535,"Start (yearly)":5.0532154967}