{"XLM-USD+":{"current":0.2057985514,"target":0.227715657,"change":0.0219171056},"XRP-USD+":{"current":0.2375217551,"target":0.220833333,"change":-0.0166884221},"cash":{"current":0.5566796935,"target":0.55145101,"change":-0.0052286835}}