{"D":-0.0053130926,"MTD":-0.0065661036,"M":-0.0725721208,"YTD":-0.0654259411,"Y":-0.4337911673,"Start (yearly)":4.4323633162}