{"XLM-USD+":{"current":0.0268762935,"target":0.0248286267,"change":-0.0020476668},"XRP-USD+":{"current":0.0622956305,"target":0.0465591565,"change":-0.015736474},"cash":{"current":0.910828076,"target":0.928612217,"change":0.017784141}}