{"D":-0.0052869709,"MTD":-0.0652520084,"M":-0.0525501605,"YTD":1.4506982108,"Y":0.6544018494,"Start (yearly)":3.3223400318}