{"D":0.0129286345,"MTD":0.1332341111,"M":0.3073712692,"YTD":0.2049868296,"Y":-0.4494409005,"Start (yearly)":3.3113716866}