{"D":0.005028607,"MTD":-0.0231367633,"M":-0.1225062232,"YTD":-0.1880360525,"Y":0.2328436118,"Start (yearly)":4.6312766787}