{"BCH-USD+":{"current":0.0865829824,"target":0.0576147693,"change":-0.0289682131},"BTC-USD":{"current":0.1487104241,"target":0.0693950117,"change":-0.0793154124},"LTC-USD+":{"current":0.0869037347,"target":0.0528834498,"change":-0.0340202849},"cash":{"current":0.6778028588,"target":0.820106769,"change":0.1423039102}}