{"D":-0.0389954004,"MTD":-0.0124509389,"M":-0.0393636848,"YTD":-0.1791540474,"Y":0.3030886262,"Start (yearly)":4.616446542}