{"D":-0.0125478469,"MTD":0.1137889941,"M":0.191975844,"YTD":0.1843105108,"Y":-0.4450973794,"Start (yearly)":3.2908271484}