{"EOS-USD+":{"current":0.0297164418,"target":0.0768504055,"change":0.0471339637},"ETH-USD+":{"current":0.0497895834,"target":0.0516452499,"change":0.0018556665},"cash":{"current":0.9204939748,"target":0.871504345,"change":-0.0489896298}}