{"D":0.052465597,"MTD":0.5143323158,"M":0.4039946313,"YTD":1.6927745538,"Y":0.2657343294,"Start (yearly)":3.5801146394}