{"BCH-USD+":{"current":0.1458220154,"target":0.135833333,"change":-0.0099886824},"BTC-USD":{"current":0.0844114983,"target":0.0856632811,"change":0.0012517828},"LTC-USD+":{"current":0.0860605418,"target":0.0870170076,"change":0.0009564658},"cash":{"current":0.6837059445,"target":0.691486378,"change":0.0077804335}}