{"D":-0.019347454,"MTD":-0.0336835679,"M":0.020574369,"YTD":0.012764602,"Y":-0.2780863333,"Start (yearly)":4.0977616811}