{"EOS-USD+":{"current":0.3481954851,"target":0.40723369,"change":0.0590382049},"ETH-USD+":{"current":0.4020434025,"target":0.472212732,"change":0.0701693295},"cash":{"current":0.2497611124,"target":0.120553578,"change":-0.1292075344}}