{"BCH-USD+":{"current":0.144133472,"target":0.151738701,"change":0.007605229},"BTC-USD":{"current":0.2331981782,"target":0.240653389,"change":0.0074552108},"LTC-USD+":{"current":0.6226683498,"target":0.60760791,"change":-0.0150604398},"cash":{"current":0.0,"target":0.0,"change":0.0}}