{"BCH-USD+":{"current":0.1364584719,"target":0.0837394797,"change":-0.0527189922},"BTC-USD":{"current":0.1696126988,"target":0.129907501,"change":-0.0397051978},"LTC-USD+":{"current":0.0432881735,"target":0.0367496695,"change":-0.006538504},"cash":{"current":0.6506406558,"target":0.74960335,"change":0.0989626942}}