{"D":-0.0133715711,"MTD":-0.0696072212,"M":-0.0755608682,"YTD":-0.0248858023,"Y":-0.3225222591,"Start (yearly)":4.0888611926}