{"D":-0.0278369674,"MTD":-0.0241882543,"M":-0.094984737,"YTD":0.007013465,"Y":-0.240260624,"Start (yearly)":4.886982444}