{"BCH-USD+":{"current":0.0581422171,"target":0.0757301067,"change":0.0175878896},"BTC-USD":{"current":0.0695554097,"target":0.0923248419,"change":0.0227694322},"LTC-USD+":{"current":0.0542323708,"target":0.0994313636,"change":0.0451989928},"cash":{"current":0.8180700024,"target":0.732513688,"change":-0.0855563144}}