{"EOS-USD+":{"current":0.6157613531,"target":0.613827693,"change":-0.0019336601},"ETH-USD+":{"current":0.3377670168,"target":0.33822055,"change":0.0004535332},"cash":{"current":0.0464716301,"target":0.0479517569,"change":0.0014801268}}