{"EOS-USD+":{"current":0.0689044011,"target":0.0794752073,"change":0.0105708062},"ETH-USD+":{"current":0.1156905093,"target":0.115909402,"change":0.0002188927},"cash":{"current":0.8154050896,"target":0.804615391,"change":-0.0107896986}}