{"EOS-USD+":{"current":0.5456642916,"target":0.579679077,"change":0.0340147854},"ETH-USD+":{"current":0.3607510129,"target":0.354266829,"change":-0.0064841839},"cash":{"current":0.0935846954,"target":0.066054095,"change":-0.0275306004}}