{"BCH-USD+":{"current":0.2115552327,"target":0.214583349,"change":0.0030281163},"BTC-USD":{"current":0.254779343,"target":0.266144457,"change":0.011365114},"LTC-USD+":{"current":0.4770258483,"target":0.519272194,"change":0.0422463457},"cash":{"current":0.0566395761,"target":0.0,"change":-0.0566395761}}