{"D":0.1387936491,"MTD":0.0763166411,"M":0.03380015,"YTD":-0.5849362981,"Y":-0.5829449894,"Start (yearly)":3.3975151995}