{"D":-0.0003289786,"MTD":-0.0245529123,"M":-0.1612961976,"YTD":-0.3346305416,"Y":0.2276769271,"Start (yearly)":5.1830643386}