{"D":0.0026720353,"MTD":0.0092954106,"M":-0.0343185558,"YTD":0.5533179506,"Y":0.3898777471,"Start (yearly)":4.6300701654}