{"EOS-USD+":{"current":0.1152864411,"target":0.101944444,"change":-0.0133419971},"ETH-USD+":{"current":0.1311064555,"target":0.129444444,"change":-0.0016620115},"cash":{"current":0.7536071035,"target":0.768611111,"change":0.0150040075}}