{"D":0.0131816548,"MTD":0.1197892757,"M":0.0785752214,"YTD":0.0231354865,"Y":-0.5458268686,"Start (yearly)":3.2755088969}