{"D":-0.0038574886,"MTD":0.0109051001,"M":-0.0743361579,"YTD":1.4079803169,"Y":0.7732363059,"Start (yearly)":3.2876477207}