{"XLM-USD+":{"current":0.3113997658,"target":0.353790885,"change":0.0423911192},"XRP-USD+":{"current":0.4861253067,"target":0.577222222,"change":0.0910969153},"cash":{"current":0.2024749275,"target":0.0689868926,"change":-0.1334880349}}