{"D":0.0059720825,"MTD":0.0739575056,"M":0.1801741286,"YTD":2.0484849745,"Y":0.7182793496,"Start (yearly)":3.5668286543}