{"D":0.0021836986,"MTD":-0.0494209267,"M":-0.1588282094,"YTD":-0.0494209267,"Y":-0.5826320268,"Start (yearly)":3.2765244833}