{"XLM-USD+":{"current":0.0863127536,"target":0.0895001863,"change":0.0031874327},"XRP-USD+":{"current":0.0444967356,"target":0.0519444444,"change":0.0074477088},"cash":{"current":0.8691905107,"target":0.858555369,"change":-0.0106351417}}