{"XLM-USD+":{"current":0.4393054178,"target":0.446111111,"change":0.0068056932},"XRP-USD+":{"current":0.2640710709,"target":0.317777778,"change":0.0537067071},"cash":{"current":0.2966235113,"target":0.236111111,"change":-0.0605124003}}