{"D":-0.0066344099,"MTD":-0.0066344099,"M":-0.1221857467,"YTD":-0.3224080188,"Y":0.3578899104,"Start (yearly)":5.2112967025}