{"EOS-USD+":{"current":0.3520570063,"target":0.350833333,"change":-0.0012236733},"ETH-USD+":{"current":0.506881485,"target":0.508219104,"change":0.001337619},"cash":{"current":0.1410615087,"target":0.140947563,"change":-0.0001139457}}