{"D":-0.0033858178,"MTD":-0.0884491467,"M":-0.0529185083,"YTD":-0.0884491467,"Y":-0.4691147567,"Start (yearly)":5.0106765737}