{"D":0.0045025547,"MTD":-0.1409005668,"M":-0.0365913984,"YTD":1.7840629327,"Y":0.6715508287,"Start (yearly)":3.4750970695}