{"XLM-USD+":{"current":0.0178110689,"target":0.0242363904,"change":0.0064253215},"XRP-USD+":{"current":0.0456061714,"target":0.0424868077,"change":-0.0031193637},"cash":{"current":0.9365827598,"target":0.933276802,"change":-0.0033059578}}