{"D":-0.009937819,"MTD":-0.0165929993,"M":-0.1422655058,"YTD":-0.3292009462,"Y":0.1461879443,"Start (yearly)":5.1964348231}