{"XLM-USD+":{"current":0.2334355809,"target":0.236286992,"change":0.0028514111},"XRP-USD+":{"current":0.1837372575,"target":0.186944444,"change":0.0032071865},"cash":{"current":0.5828271615,"target":0.576768563,"change":-0.0060585985}}