{"D":-0.0020254545,"MTD":-0.011449746,"M":-0.0922335086,"YTD":-0.2049919458,"Y":-0.3991579488,"Start (yearly)":3.8568606693}