{"BCH-USD+":{"current":0.1569672982,"target":0.205703416,"change":0.0487361178},"BTC-USD":{"current":0.1683751509,"target":0.179491009,"change":0.0111158581},"LTC-USD+":{"current":0.1430833012,"target":0.1725,"change":0.0294166988},"cash":{"current":0.5315742496,"target":0.442305575,"change":-0.0892686746}}