{"BCH-USD+":{"current":0.2974640447,"target":0.306877889,"change":0.0094138443},"BTC-USD":{"current":0.3671258676,"target":0.359300235,"change":-0.0078256326},"LTC-USD+":{"current":0.3354100877,"target":0.333821876,"change":-0.0015882117},"cash":{"current":0.0,"target":0.0,"change":0.0}}