{"D":-0.0059428058,"MTD":-0.1141089215,"M":-0.1141089215,"YTD":-0.1975733595,"Y":-0.4556953575,"Start (yearly)":3.8852217126}