{"XLM-USD+":{"current":0.0516795085,"target":0.0562697122,"change":0.0045902037},"XRP-USD+":{"current":0.0702237948,"target":0.0858333333,"change":0.0156095385},"cash":{"current":0.8780966968,"target":0.857896954,"change":-0.0201997428}}