{"BCH-USD+":{"current":0.1383264658,"target":0.102795757,"change":-0.0355307088},"BTC-USD":{"current":0.1290029433,"target":0.107034948,"change":-0.0219679953},"LTC-USD+":{"current":0.1026782944,"target":0.0724829585,"change":-0.0301953359},"cash":{"current":0.6299922966,"target":0.717686336,"change":0.0876940394}}