{"D":0.0160947801,"MTD":0.0874677275,"M":0.18544827,"YTD":0.0874677275,"Y":-0.419327832,"Start (yearly)":5.1870934893}