{"D":-0.0122093165,"MTD":-0.0122093165,"M":-0.0829748278,"YTD":-0.2950944263,"Y":-0.523975359,"Start (yearly)":3.6735949398}