{"D":0.1033201714,"MTD":0.6324565078,"M":0.6528220779,"YTD":1.9028221206,"Y":0.5186511101,"Start (yearly)":3.5931252563}