{"XLM-USD+":{"current":0.4588454237,"target":0.348664653,"change":-0.1101807707},"XRP-USD+":{"current":0.3322568026,"target":0.260928497,"change":-0.0713283056},"cash":{"current":0.2088977736,"target":0.39040685,"change":0.1815090764}}