{"BCH-USD+":{"current":0.2827694765,"target":0.294821171,"change":0.0120516945},"BTC-USD":{"current":0.2637501244,"target":0.286652785,"change":0.0229026606},"LTC-USD+":{"current":0.453480399,"target":0.418526044,"change":-0.034954355},"cash":{"current":0.0,"target":0.0,"change":0.0}}