{"D":-0.0056779841,"MTD":-0.0093854888,"M":-0.1538733269,"YTD":-0.0763727284,"Y":-0.5134849912,"Start (yearly)":4.1847631275}