{"D":-0.0079267058,"MTD":-0.1134687874,"M":-0.1977712752,"YTD":-0.1969935358,"Y":-0.4524895896,"Start (yearly)":3.8997625839}