{"D":-0.0045118155,"MTD":-0.0570050063,"M":-0.2863074687,"YTD":-0.6363495853,"Y":-0.3500477589,"Start (yearly)":3.3728927491}