{"D":-0.0029633522,"MTD":0.0114162187,"M":-0.1585010767,"YTD":1.651704994,"Y":0.7231556335,"Start (yearly)":3.396960802}