{"BCH-USD+":{"current":0.1866925931,"target":0.172703965,"change":-0.0139886281},"BTC-USD":{"current":0.1769335234,"target":0.161990534,"change":-0.0149429894},"LTC-USD+":{"current":0.1767418725,"target":0.170555556,"change":-0.0061863165},"cash":{"current":0.459632011,"target":0.494749945,"change":0.035117934}}