{"BCH-USD+":{"current":0.2955158169,"target":0.294382307,"change":-0.0011335099},"BTC-USD":{"current":0.5156563319,"target":0.516011242,"change":0.0003549101},"LTC-USD+":{"current":0.1888278512,"target":0.189606451,"change":0.0007785998},"cash":{"current":0.0,"target":0.0,"change":0.0}}