{"D":0.032323687,"MTD":0.4265383611,"M":0.5364258011,"YTD":0.9179379278,"Y":0.0231948695,"Start (yearly)":3.4691512391}