{"EOS-USD+":{"current":0.4455298743,"target":0.611315834,"change":0.1657859597},"ETH-USD+":{"current":0.2758414564,"target":0.348613855,"change":0.0727723986},"cash":{"current":0.2786286693,"target":0.0400703104,"change":-0.2385583589}}