{"D":0.0992822938,"MTD":0.2845795848,"M":0.1793663502,"YTD":0.6111929682,"Y":-0.0192921384,"Start (yearly)":5.032664051}