{"XLM-USD+":{"current":0.1504359867,"target":0.167290375,"change":0.0168543883},"XRP-USD+":{"current":0.2205936853,"target":0.236666667,"change":0.0160729817},"cash":{"current":0.6289703279,"target":0.596042958,"change":-0.0329273699}}