{"D":-0.0109129871,"MTD":-0.0919726481,"M":-0.0698436548,"YTD":1.3806427255,"Y":0.5986440767,"Start (yearly)":3.3048151828}