{"XLM-USD+":{"current":0.2757015455,"target":0.41837846,"change":0.1426769145},"XRP-USD+":{"current":0.197511112,"target":0.209146109,"change":0.011634997},"cash":{"current":0.5267873425,"target":0.372475431,"change":-0.1543119115}}