{"XLM-USD+":{"current":0.0989029929,"target":0.114583438,"change":0.0156804451},"XRP-USD+":{"current":0.2244714388,"target":0.248057872,"change":0.0235864332},"cash":{"current":0.6766255683,"target":0.63735869,"change":-0.0392668783}}