{"D":-0.0189458259,"MTD":-0.0189458259,"M":0.1037699448,"YTD":0.0282107467,"Y":-0.3388308518,"Start (yearly)":4.163237076}