{"D":-0.016227382,"MTD":0.1148446882,"M":0.1608888672,"YTD":0.185433048,"Y":-0.4450293911,"Start (yearly)":3.301217732}