{"D":-0.0014746697,"MTD":-0.0281808048,"M":-0.0280983713,"YTD":-0.218447333,"Y":-0.4067149393,"Start (yearly)":3.8292810284}