{"BCH-USD+":{"current":0.2583377504,"target":0.276666667,"change":0.0183289166},"BTC-USD":{"current":0.2736606189,"target":0.28,"change":0.0063393811},"LTC-USD+":{"current":0.2260721455,"target":0.235277778,"change":0.0092056325},"cash":{"current":0.2419294852,"target":0.208055556,"change":-0.0338739292}}