{"EOS-USD+":{"current":0.0895325233,"target":0.0626615386,"change":-0.0268709847},"ETH-USD+":{"current":0.1431991359,"target":0.0922222222,"change":-0.0509769137},"cash":{"current":0.7672683408,"target":0.845116239,"change":0.0778478982}}