{"BCH-USD+":{"current":0.1428406357,"target":0.148686655,"change":0.0058460193},"BTC-USD":{"current":0.1748515149,"target":0.190551166,"change":0.0156996511},"LTC-USD+":{"current":0.5036708285,"target":0.570833333,"change":0.0671625045},"cash":{"current":0.1786370209,"target":0.0899288464,"change":-0.0887081745}}