{"D":-0.0182710471,"MTD":0.0528845362,"M":0.2400587946,"YTD":1.9886682404,"Y":0.6719503231,"Start (yearly)":3.5609409244}