{"BCH-USD+":{"current":0.0961776843,"target":0.121418534,"change":0.0252408497},"BTC-USD":{"current":0.1952988415,"target":0.222316145,"change":0.0270173035},"LTC-USD+":{"current":0.0589355806,"target":0.0772222222,"change":0.0182866416},"cash":{"current":0.6495878936,"target":0.579043098,"change":-0.0705447956}}