{"BCH-USD+":{"current":0.2503286832,"target":0.239506841,"change":-0.0108218422},"BTC-USD":{"current":0.2446642352,"target":0.242798561,"change":-0.0018656742},"LTC-USD+":{"current":0.5050070816,"target":0.517694598,"change":0.0126875164},"cash":{"current":0.0,"target":0.0,"change":0.0}}