{"XLM-USD+":{"current":0.0777796547,"target":0.0746434686,"change":-0.0031361861},"XRP-USD+":{"current":0.0726913156,"target":0.0630603609,"change":-0.0096309547},"cash":{"current":0.8495290297,"target":0.862296171,"change":0.0127671413}}