{"D":-0.0141286565,"MTD":0.0908402098,"M":0.0693693915,"YTD":0.0267000886,"Y":-0.3441905795,"Start (yearly)":4.3667956843}