{"D":-0.0212850444,"MTD":-0.0310360977,"M":-0.24227167,"YTD":-0.6263351054,"Y":-0.2467105061,"Start (yearly)":3.391322156}