{"XLM-USD+":{"current":0.3604768571,"target":0.363560764,"change":0.0030839069},"XRP-USD+":{"current":0.3170529777,"target":0.327777778,"change":0.0107248003},"cash":{"current":0.3224701651,"target":0.308661458,"change":-0.0138087071}}