{"D":-0.0032814391,"MTD":-0.0768520985,"M":0.0142204966,"YTD":-0.0768520985,"Y":-0.4991336187,"Start (yearly)":5.0616073726}