{"D":-0.0057097712,"MTD":-0.0224319466,"M":-0.1460376431,"YTD":1.0708540123,"Y":0.6664490275,"Start (yearly)":3.1532741025}