{"EOS-USD+":{"current":0.0362761061,"target":0.073191167,"change":0.0369150609},"ETH-USD+":{"current":0.0499937887,"target":0.0857151461,"change":0.0357213574},"cash":{"current":0.9137301052,"target":0.841093687,"change":-0.0726364182}}