{"D":0.0214413449,"MTD":0.0545741575,"M":0.0563937293,"YTD":-0.0074335625,"Y":-0.3578358422,"Start (yearly)":4.3233490837}