{"D":-0.0075443252,"MTD":0.0085076876,"M":-0.0302647225,"YTD":0.5521056353,"Y":0.3828283846,"Start (yearly)":4.6354180111}