{"EOS-USD+":{"current":0.1123608292,"target":0.11742931,"change":0.0050684808},"ETH-USD+":{"current":0.1142809184,"target":0.133611111,"change":0.0193301926},"cash":{"current":0.7733582524,"target":0.748959579,"change":-0.0243986734}}