{"D":-0.0110839028,"MTD":0.1052206387,"M":0.0645427858,"YTD":0.0098243308,"Y":-0.5518575521,"Start (yearly)":3.2709608313}