{"EOS-USD+":{"current":0.39359165,"target":0.349444444,"change":-0.044147206},"ETH-USD+":{"current":0.2358431791,"target":0.279568171,"change":0.0437249919},"cash":{"current":0.3705651709,"target":0.370987385,"change":0.0004222141}}