{"EOS-USD+":{"current":0.5323603099,"target":0.556534932,"change":0.0241746221},"ETH-USD+":{"current":0.3325695209,"target":0.335797017,"change":0.0032274961},"cash":{"current":0.1350701692,"target":0.107668051,"change":-0.0274021182}}