{"D":0.0033560118,"MTD":0.0118386885,"M":-0.0702877035,"YTD":1.4102041285,"Y":0.785439921,"Start (yearly)":3.2843462496}