{"D":0.0000262405,"MTD":-0.1696959877,"M":-0.219308546,"YTD":0.6401960446,"Y":0.2515637718,"Start (yearly)":4.8116982762}