{"D":-0.0486088724,"MTD":-0.0866996759,"M":-0.0991639814,"YTD":-0.2979576696,"Y":-0.489373393,"Start (yearly)":3.6865815153}