{"D":-0.0066075879,"MTD":-0.1120511499,"M":-0.1786522546,"YTD":-0.1957094614,"Y":-0.4274218973,"Start (yearly)":3.9172620785}