{"XLM-USD+":{"current":0.1721784365,"target":0.106944444,"change":-0.0652339925},"XRP-USD+":{"current":0.1529393705,"target":0.137940748,"change":-0.0149986225},"cash":{"current":0.674882193,"target":0.755114807,"change":0.080232614}}