{"EOS-USD+":{"current":0.0720721988,"target":0.0510571593,"change":-0.0210150395},"ETH-USD+":{"current":0.0842557473,"target":0.0879839994,"change":0.0037282521},"cash":{"current":0.8436720539,"target":0.860958841,"change":0.0172867871}}