{"D":0.0009959484,"MTD":0.0009959484,"M":-0.1478419298,"YTD":-0.116021286,"Y":-0.4381000078,"Start (yearly)":4.9581807299}