{"D":0.0285083601,"MTD":0.0401434439,"M":0.1539795462,"YTD":1.9525019787,"Y":0.6692397547,"Start (yearly)":3.5632180604}