{"EOS-USD+":{"current":0.1797638293,"target":0.145,"change":-0.0347638293},"ETH-USD+":{"current":0.113550535,"target":0.112573471,"change":-0.000977064},"cash":{"current":0.7066856357,"target":0.742426529,"change":0.0357408933}}