{"BCH-USD+":{"current":0.3098219443,"target":0.314156944,"change":0.0043349997},"BTC-USD":{"current":0.2458163186,"target":0.243760245,"change":-0.0020560736},"LTC-USD+":{"current":0.4443617371,"target":0.442082811,"change":-0.0022789261},"cash":{"current":0.0,"target":0.0,"change":0.0}}