{"BCH-USD+":{"current":0.2678959964,"target":0.284179243,"change":0.0162832466},"BTC-USD":{"current":0.2601585022,"target":0.262721095,"change":0.0025625928},"LTC-USD+":{"current":0.4719455014,"target":0.453099662,"change":-0.0188458394},"cash":{"current":0.0,"target":0.0,"change":0.0}}