{"BCH-USD+":{"current":0.1134627267,"target":0.115021381,"change":0.0015586543},"BTC-USD":{"current":0.0961510577,"target":0.113888889,"change":0.0177378313},"LTC-USD+":{"current":0.2448272252,"target":0.254444444,"change":0.0096172188},"cash":{"current":0.5455589905,"target":0.516645286,"change":-0.0289137045}}