{"XLM-USD+":{"current":0.466865069,"target":0.53,"change":0.063134931},"XRP-USD+":{"current":0.242783314,"target":0.243611111,"change":0.000827797},"cash":{"current":0.290351617,"target":0.226388889,"change":-0.063962728}}