{"D":-0.0331715693,"MTD":0.1271778461,"M":0.0551332071,"YTD":-0.565322516,"Y":-0.6321945679,"Start (yearly)":3.4366063228}