{"XLM-USD+":{"current":0.2994829109,"target":0.361673867,"change":0.0621909561},"XRP-USD+":{"current":0.2974544577,"target":0.316664499,"change":0.0192100413},"cash":{"current":0.4030626314,"target":0.321661633,"change":-0.0814009984}}