{"D":-0.0269773165,"MTD":-0.0269773165,"M":-0.1590719739,"YTD":-0.1186508793,"Y":-0.3726546316,"Start (yearly)":4.0042271975}