{"D":-0.0019722369,"MTD":0.0702424113,"M":0.1666709576,"YTD":0.0702424113,"Y":-0.3845084779,"Start (yearly)":5.1790837496}