{"EOS-USD+":{"current":0.5943728596,"target":0.593611111,"change":-0.0007617486},"ETH-USD+":{"current":0.3673149173,"target":0.373698303,"change":0.0063833857},"cash":{"current":0.0383122231,"target":0.0326905858,"change":-0.0056216373}}