{"EOS-USD+":{"current":0.0617635634,"target":0.032010294,"change":-0.0297532694},"ETH-USD+":{"current":0.2783852739,"target":0.136111111,"change":-0.1422741629},"cash":{"current":0.6598511628,"target":0.831878595,"change":0.1720274322}}