{"XLM-USD+":{"current":0.3959824328,"target":0.44,"change":0.0440175672},"XRP-USD+":{"current":0.2460856818,"target":0.263220738,"change":0.0171350562},"cash":{"current":0.3579318854,"target":0.296779262,"change":-0.0611526234}}