{"XLM-USD+":{"current":0.3529504983,"target":0.342940127,"change":-0.0100103713},"XRP-USD+":{"current":0.3593813421,"target":0.333389503,"change":-0.0259918391},"cash":{"current":0.2876681596,"target":0.32367037,"change":0.0360022104}}