{"EOS-USD+":{"current":0.6035000782,"target":0.593663928,"change":-0.0098361502},"ETH-USD+":{"current":0.3964999218,"target":0.406336072,"change":0.0098361502},"cash":{"current":0.0,"target":0.0,"change":0.0}}