{"XLM-USD+":{"current":0.2121305771,"target":0.16142265,"change":-0.0507079271},"XRP-USD+":{"current":0.1910792614,"target":0.145441202,"change":-0.0456380594},"cash":{"current":0.5967901614,"target":0.693136148,"change":0.0963459866}}