{"D":0.0019871839,"MTD":-0.1123495436,"M":-0.1123495436,"YTD":-0.1959797418,"Y":-0.4510971267,"Start (yearly)":3.8839456955}