{"D":-0.0019049017,"MTD":-0.042344019,"M":-0.0645580914,"YTD":-0.042344019,"Y":-0.4541863888,"Start (yearly)":4.4776491028}