{"D":-0.0063622903,"MTD":0.011578598,"M":0.1486894049,"YTD":1.8714191583,"Y":0.5925170553,"Start (yearly)":3.5510886596}