{"D":0.0086186621,"MTD":-0.0717706565,"M":-0.0717706565,"YTD":-0.2864819225,"Y":-0.4965700375,"Start (yearly)":3.6819167409}