{"D":0.0046883683,"MTD":0.6726144797,"M":0.7135348052,"YTD":1.0978884611,"Y":0.3989305309,"Start (yearly)":5.1670048001}