{"BCH-USD+":{"current":0.1206687971,"target":0.0979321401,"change":-0.022736657},"BTC-USD":{"current":0.1022143955,"target":0.0841012963,"change":-0.0181130992},"LTC-USD+":{"current":0.310532094,"target":0.258127781,"change":-0.052404313},"cash":{"current":0.4665847133,"target":0.559838783,"change":0.0932540697}}