{"EOS-USD+":{"current":0.0257947116,"target":0.0265379079,"change":0.0007431963},"ETH-USD+":{"current":0.0902967309,"target":0.0790432144,"change":-0.0112535165},"cash":{"current":0.8839085575,"target":0.894418878,"change":0.0105103205}}