{"D":0.0085405349,"MTD":0.0324373129,"M":0.0293289715,"YTD":-0.0282687866,"Y":-0.3709828221,"Start (yearly)":4.3131609544}