{"XLM-USD+":{"current":0.435459831,"target":0.615093199,"change":0.179633368},"XRP-USD+":{"current":0.564540169,"target":0.384906801,"change":-0.179633368},"cash":{"current":0.0,"target":0.0,"change":0.0}}