{"BCH-USD+":{"current":0.2685246487,"target":0.301853663,"change":0.0333290143},"BTC-USD":{"current":0.3794170692,"target":0.35736579,"change":-0.0220512792},"LTC-USD+":{"current":0.3520582821,"target":0.340780547,"change":-0.0112777351},"cash":{"current":0.0,"target":0.0,"change":0.0}}