{"BCH-USD+":{"current":0.314578277,"target":0.357917952,"change":0.043339675},"BTC-USD":{"current":0.3665782006,"target":0.329135731,"change":-0.0374424696},"LTC-USD+":{"current":0.3188435225,"target":0.312946317,"change":-0.0058972055},"cash":{"current":0.0,"target":0.0,"change":0.0}}