{"D":0.0207173954,"MTD":0.0924137714,"M":0.0924137714,"YTD":0.1273438571,"Y":-0.12884913,"Start (yearly)":4.9373440114}