{"D":-0.0049410258,"MTD":-0.0377215888,"M":-0.0576637159,"YTD":-0.0377215888,"Y":-0.4362763496,"Start (yearly)":4.4927589203}