{"D":0.0251460337,"MTD":-0.1202884004,"M":0.1447108618,"YTD":0.8443500911,"Y":0.3443848059,"Start (yearly)":5.0208985768}