{"EOS-USD+":{"current":0.3334416069,"target":0.352083315,"change":0.0186417081},"ETH-USD+":{"current":0.2214493139,"target":0.228222947,"change":0.0067736331},"cash":{"current":0.4451090792,"target":0.419693738,"change":-0.0254153412}}