{"D":-0.0630714265,"MTD":-0.1447513705,"M":-0.0277296278,"YTD":1.7715837254,"Y":0.6611800824,"Start (yearly)":3.4749028133}