{"D":0.1106817859,"MTD":0.0872770248,"M":0.0654363365,"YTD":-0.2583493925,"Y":-0.2516968353,"Start (yearly)":5.1858409318}