{"XLM-USD+":{"current":0.1378786921,"target":0.119171657,"change":-0.0187070351},"XRP-USD+":{"current":0.1496765912,"target":0.136659511,"change":-0.0130170802},"cash":{"current":0.7124447166,"target":0.744168832,"change":0.0317241154}}