{"EOS-USD+":{"current":0.3600464606,"target":0.444444444,"change":0.0843979834},"ETH-USD+":{"current":0.3888399224,"target":0.530277778,"change":0.1414378556},"cash":{"current":0.2511136171,"target":0.0252777778,"change":-0.2258358393}}