{"XLM-USD+":{"current":0.0697565104,"target":0.0194961532,"change":-0.0502603572},"XRP-USD+":{"current":0.1134024252,"target":0.0757262156,"change":-0.0376762096},"cash":{"current":0.8168410644,"target":0.904777631,"change":0.0879365666}}