{"D":0.1174393625,"MTD":0.4469987948,"M":0.7939395722,"YTD":0.9456581992,"Y":0.0651614299,"Start (yearly)":3.4991188265}