{"D":0.2079010362,"MTD":0.1658509518,"M":0.0966774999,"YTD":-0.5504088728,"Y":-0.6510303298,"Start (yearly)":3.456571582}