{"D":0.0037577393,"MTD":-0.1088725215,"M":-0.2117548218,"YTD":-0.1928303082,"Y":-0.4326503376,"Start (yearly)":3.9168316153}