{"XLM-USD+":{"current":0.6003743405,"target":0.630986412,"change":0.0306120715},"XRP-USD+":{"current":0.3415419415,"target":0.369013588,"change":0.0274716465},"cash":{"current":0.058083718,"target":0.0,"change":-0.058083718}}