{"XLM-USD+":{"current":0.1912146515,"target":0.208685491,"change":0.0174708395},"XRP-USD+":{"current":0.1670640978,"target":0.157222222,"change":-0.0098418758},"cash":{"current":0.6417212507,"target":0.634092287,"change":-0.0076289637}}