{"D":0.0014715817,"MTD":0.0047407779,"M":-0.0458498375,"YTD":0.5463083152,"Y":0.2616972682,"Start (yearly)":4.6536008145}