{"EOS-USD+":{"current":0.2169451617,"target":0.180277778,"change":-0.0366673837},"ETH-USD+":{"current":0.2107553197,"target":0.205555556,"change":-0.0051997637},"cash":{"current":0.5722995186,"target":0.614166667,"change":0.0418671484}}