{"D":0.0194646851,"MTD":-0.1989288426,"M":-0.1472522118,"YTD":1.5960120908,"Y":0.5111160798,"Start (yearly)":3.4303177691}