{"BCH-USD+":{"current":0.3086017937,"target":0.298921738,"change":-0.0096800557},"BTC-USD":{"current":0.4846366391,"target":0.510015952,"change":0.0253793129},"LTC-USD+":{"current":0.2067615673,"target":0.19106231,"change":-0.0156992573},"cash":{"current":0.0,"target":0.0,"change":0.0}}