{"D":-0.0206446166,"MTD":0.0547318651,"M":0.0418168724,"YTD":-0.0072851278,"Y":-0.3632074676,"Start (yearly)":4.3403315506}