{"BCH-USD+":{"current":0.115241004,"target":0.0956382685,"change":-0.0196027355},"BTC-USD":{"current":0.1965511069,"target":0.189558795,"change":-0.0069923119},"LTC-USD+":{"current":0.1026848839,"target":0.0580598663,"change":-0.0446250176},"cash":{"current":0.5855230052,"target":0.656743071,"change":0.0712200658}}