{"BCH-USD+":{"current":0.3633757237,"target":0.35955274,"change":-0.0038229837},"BTC-USD":{"current":0.3813944036,"target":0.399650266,"change":0.0182558624},"LTC-USD+":{"current":0.2552298727,"target":0.240796995,"change":-0.0144328777},"cash":{"current":0.0,"target":0.0,"change":0.0}}