{"D":0.1028075773,"MTD":0.087069587,"M":0.2340725878,"YTD":0.1558993172,"Y":-0.5087909924,"Start (yearly)":3.2946182638}