{"EOS-USD+":{"current":0.2834621444,"target":0.275967082,"change":-0.0074950624},"ETH-USD+":{"current":0.5606506564,"target":0.53713223,"change":-0.0235184264},"cash":{"current":0.1558871991,"target":0.186900688,"change":0.0310134889}}