{"XLM-USD+":{"current":0.073658437,"target":0.0573811392,"change":-0.0162772978},"XRP-USD+":{"current":0.0630077749,"target":0.0536111111,"change":-0.0093966638},"cash":{"current":0.8633337881,"target":0.88900775,"change":0.0256739619}}