{"BCH-USD+":{"current":0.2507082998,"target":0.283968988,"change":0.0332606882},"BTC-USD":{"current":0.4262080574,"target":0.45611898,"change":0.0299109226},"LTC-USD+":{"current":0.2100839033,"target":0.24028099,"change":0.0301970867},"cash":{"current":0.1129997394,"target":0.0196310425,"change":-0.0933686969}}