{"D":-0.0087430893,"MTD":0.2084309755,"M":0.3481618914,"YTD":0.3616749357,"Y":-0.249803932,"Start (yearly)":4.9881201673}