{"XLM-USD+":{"current":0.112563302,"target":0.111992052,"change":-0.00057125},"XRP-USD+":{"current":0.2431273029,"target":0.239938579,"change":-0.0031887239},"cash":{"current":0.6443093951,"target":0.648069369,"change":0.0037599739}}