{"D":-0.0000356108,"MTD":-0.0557419483,"M":-0.0477357942,"YTD":0.5390122003,"Y":0.2725096834,"Start (yearly)":4.6624416929}