{"EOS-USD+":{"current":0.0803278894,"target":0.0777689348,"change":-0.0025589546},"ETH-USD+":{"current":0.1139753805,"target":0.0983333333,"change":-0.0156420472},"cash":{"current":0.80569673,"target":0.823897732,"change":0.018201002}}