{"EOS-USD+":{"current":0.1083205271,"target":0.0379311624,"change":-0.0703893647},"ETH-USD+":{"current":0.0752497353,"target":0.0375598868,"change":-0.0376898485},"cash":{"current":0.8164297376,"target":0.924508951,"change":0.1080792134}}