{"D":0.0119948816,"MTD":-0.0802657922,"M":-0.1488218171,"YTD":-0.0802657922,"Y":-0.5917803901,"Start (yearly)":3.2481265758}