{"XLM-USD+":{"current":0.6199108942,"target":0.324166667,"change":-0.2957442272},"XRP-USD+":{"current":0.3800891058,"target":0.232222222,"change":-0.1478668838},"cash":{"current":0.0,"target":0.443611111,"change":0.443611111}}