{"D":0.0078523518,"MTD":0.0099740273,"M":0.1799536155,"YTD":1.1174504121,"Y":0.6111540119,"Start (yearly)":5.0744322738}