{"XLM-USD+":{"current":0.176111749,"target":0.151944444,"change":-0.024167305},"XRP-USD+":{"current":0.1618272724,"target":0.123333333,"change":-0.0384939394},"cash":{"current":0.6620609786,"target":0.724722222,"change":0.0626612434}}