{"XLM-USD+":{"current":0.1324052455,"target":0.135030956,"change":0.0026257105},"XRP-USD+":{"current":0.214590259,"target":0.205555556,"change":-0.009034703},"cash":{"current":0.6530044955,"target":0.659413489,"change":0.0064089935}}