{"D":0.0006808568,"MTD":-0.021229243,"M":-0.1967714408,"YTD":-0.0874155853,"Y":-0.475499236,"Start (yearly)":4.1618050843}