{"EOS-USD+":{"current":0.020369058,"target":0.0288660474,"change":0.0084969894},"ETH-USD+":{"current":0.0383033919,"target":0.0381089864,"change":-0.0001944055},"cash":{"current":0.9413275501,"target":0.933024966,"change":-0.0083025841}}