{"XLM-USD+":{"current":0.3852820194,"target":0.25550783,"change":-0.1297741894},"XRP-USD+":{"current":0.2676127962,"target":0.13416362,"change":-0.1334491762},"cash":{"current":0.3471051844,"target":0.61032855,"change":0.2632233656}}