{"D":0.0333759379,"MTD":0.0748592069,"M":0.2659399646,"YTD":2.0510445012,"Y":0.7223986424,"Start (yearly)":3.57365663}