{"D":0.0135183245,"MTD":0.0188791833,"M":-0.0573475836,"YTD":0.4742181085,"Y":0.2915757173,"Start (yearly)":4.5212591749}