{"D":0.0376970864,"MTD":0.5963133914,"M":0.5963133914,"YTD":1.8385526976,"Y":0.4813787926,"Start (yearly)":3.5729194236}