{"D":-0.0019941428,"MTD":-0.0083081267,"M":-0.042011663,"YTD":-0.0670647513,"Y":-0.4349978894,"Start (yearly)":4.4019829751}