{"XLM-USD+":{"current":0.1866402356,"target":0.208708714,"change":0.0220684784},"XRP-USD+":{"current":0.3064739291,"target":0.311944444,"change":0.0054705149},"cash":{"current":0.5068858353,"target":0.479346842,"change":-0.0275389933}}