{"D":0.0160720544,"MTD":0.2645491604,"M":0.2645491604,"YTD":0.3446163232,"Y":-0.2817188453,"Start (yearly)":3.3221103766}