{"EOS-USD+":{"current":0.0433030718,"target":0.0655555556,"change":0.0222524838},"ETH-USD+":{"current":0.1130653861,"target":0.115517304,"change":0.0024519179},"cash":{"current":0.8436315421,"target":0.81892714,"change":-0.0247044021}}