{"D":-0.0526253691,"MTD":0.3072078067,"M":0.3742882253,"YTD":0.757501586,"Y":-0.2473845383,"Start (yearly)":3.4041967445}