{"D":0.0291612945,"MTD":0.1187699434,"M":0.2953779692,"YTD":0.1896068376,"Y":-0.4763504259,"Start (yearly)":3.3069549826}