{"EOS-USD+":{"current":0.0270570375,"target":0.0230211398,"change":-0.0040358977},"ETH-USD+":{"current":0.1309206832,"target":0.060549857,"change":-0.0703708262},"cash":{"current":0.8420222793,"target":0.916429003,"change":0.0744067237}}