{"XLM-USD+":{"current":0.1232933451,"target":0.14190595,"change":0.0186126049},"XRP-USD+":{"current":0.1374405808,"target":0.152072278,"change":0.0146316972},"cash":{"current":0.7392660742,"target":0.706021772,"change":-0.0332443022}}