{"D":-0.0335897508,"MTD":-0.0142708398,"M":0.1211515557,"YTD":0.0481423423,"Y":-0.5517267622,"Start (yearly)":3.2481275594}