{"EOS-USD+":{"current":0.1733019839,"target":0.131666667,"change":-0.0416353169},"ETH-USD+":{"current":0.1879009188,"target":0.190769646,"change":0.0028687272},"cash":{"current":0.6387970973,"target":0.677563687,"change":0.0387665897}}