{"BCH-USD+":{"current":0.2421548804,"target":0.243933678,"change":0.0017787976},"BTC-USD":{"current":0.2234289253,"target":0.228047957,"change":0.0046190317},"LTC-USD+":{"current":0.5344161943,"target":0.528018365,"change":-0.0063978293},"cash":{"current":0.0,"target":0.0,"change":0.0}}