{"D":-0.0513137356,"MTD":-0.1197179869,"M":-0.0142319812,"YTD":0.7389233999,"Y":0.337667884,"Start (yearly)":4.893780274}