{"XLM-USD+":{"current":0.5338916191,"target":0.460277778,"change":-0.0736138411},"XRP-USD+":{"current":0.3488235945,"target":0.332222222,"change":-0.0166013725},"cash":{"current":0.1172847864,"target":0.2075,"change":0.0902152136}}