{"EOS-USD+":{"current":0.2326843439,"target":0.216666667,"change":-0.0160176769},"ETH-USD+":{"current":0.2063887968,"target":0.20196529,"change":-0.0044235068},"cash":{"current":0.5609268593,"target":0.581368043,"change":0.0204411837}}