{"XLM-USD+":{"current":0.1639748469,"target":0.16679373,"change":0.0028188831},"XRP-USD+":{"current":0.2584475924,"target":0.271111111,"change":0.0126635186},"cash":{"current":0.5775775608,"target":0.562095159,"change":-0.0154824018}}