{"D":-0.0159013623,"MTD":0.0163447806,"M":-0.0504946073,"YTD":-0.2747176982,"Y":-0.3822215142,"Start (yearly)":3.6581410015}