{"D":0.0016392003,"MTD":-0.0099631187,"M":-0.1897637868,"YTD":-0.6182086597,"Y":-0.2558668592,"Start (yearly)":3.4047432235}