{"XLM-USD+":{"current":0.0748074652,"target":0.0784711533,"change":0.0036636881},"XRP-USD+":{"current":0.0644967412,"target":0.078606017,"change":0.0141092758},"cash":{"current":0.8606957936,"target":0.84292283,"change":-0.0177729636}}