{"D":-0.0066014136,"MTD":0.0097606384,"M":-0.0581652455,"YTD":-0.279416263,"Y":-0.3963849399,"Start (yearly)":3.6527457386}