{"D":-0.0047701506,"MTD":-0.0592488718,"M":-0.0592488718,"YTD":-0.0592488718,"Y":-0.449333982,"Start (yearly)":4.4483732629}