{"BCH-USD+":{"current":0.2698758556,"target":0.273051666,"change":0.0031758104},"BTC-USD":{"current":0.2562112712,"target":0.25583924,"change":-0.0003720312},"LTC-USD+":{"current":0.4739128732,"target":0.471109093,"change":-0.0028037802},"cash":{"current":0.0,"target":0.0,"change":0.0}}