{"D":-0.0031813485,"MTD":-0.0340360123,"M":-0.0376351635,"YTD":-0.2231561853,"Y":-0.3967855524,"Start (yearly)":3.8032742609}