{"BCH-USD+":{"current":0.1039334395,"target":0.112510438,"change":0.0085769985},"BTC-USD":{"current":0.0959417571,"target":0.0965719125,"change":0.0006301554},"LTC-USD+":{"current":0.2317039701,"target":0.240833333,"change":0.0091293629},"cash":{"current":0.5684208333,"target":0.550084316,"change":-0.0183365173}}