{"BCH-USD+":{"current":0.3564901309,"target":0.362161258,"change":0.0056711271},"BTC-USD":{"current":0.3202867278,"target":0.323272933,"change":0.0029862052},"LTC-USD+":{"current":0.3232231413,"target":0.31456581,"change":-0.0086573313},"cash":{"current":0.0,"target":0.0,"change":0.0}}