{"XLM-USD+":{"current":0.0913881942,"target":0.117177655,"change":0.0257894608},"XRP-USD+":{"current":0.1185436946,"target":0.124166667,"change":0.0056229724},"cash":{"current":0.7900681112,"target":0.758655679,"change":-0.0314124322}}