{"XLM-USD+":{"current":0.0296846094,"target":0.0815341631,"change":0.0518495537},"XRP-USD+":{"current":0.0263798995,"target":0.0836619942,"change":0.0572820947},"cash":{"current":0.9439354912,"target":0.834803843,"change":-0.1091316482}}