{"EOS-USD+":{"current":0.5242032161,"target":0.527983154,"change":0.0037799379},"ETH-USD+":{"current":0.4757967839,"target":0.472016846,"change":-0.0037799379},"cash":{"current":0.0,"target":0.0,"change":0.0}}