{"XLM-USD+":{"current":0.1691821386,"target":0.161402335,"change":-0.0077798036},"XRP-USD+":{"current":0.1453566084,"target":0.150555556,"change":0.0051989476},"cash":{"current":0.685461253,"target":0.68804211,"change":0.002580857}}