{"XLM-USD+":{"current":0.1160704755,"target":0.113400572,"change":-0.0026699035},"XRP-USD+":{"current":0.116654005,"target":0.142451476,"change":0.025797471},"cash":{"current":0.7672755195,"target":0.744147952,"change":-0.0231275675}}