{"D":-0.0720341622,"MTD":0.0399137491,"M":-0.0274608297,"YTD":-0.0304071988,"Y":-0.3644196557,"Start (yearly)":4.1604537192}