{"D":-0.0132379014,"MTD":0.6117059588,"M":0.6318126573,"YTD":1.8659236475,"Y":0.5002750023,"Start (yearly)":3.5843348949}