{"XLM-USD+":{"current":0.4200307599,"target":0.415573927,"change":-0.0044568329},"XRP-USD+":{"current":0.2087378415,"target":0.213611111,"change":0.0048732695},"cash":{"current":0.3712313986,"target":0.370814962,"change":-0.0004164366}}