{"D":0.0217802057,"MTD":-0.0894485984,"M":0.3541688683,"YTD":1.5846481373,"Y":0.3179569032,"Start (yearly)":3.5143190591}