{"BCH-USD+":{"current":0.2647903444,"target":0.246312232,"change":-0.0184781124},"BTC-USD":{"current":0.2542176231,"target":0.204605582,"change":-0.0496120411},"LTC-USD+":{"current":0.3422012702,"target":0.301443329,"change":-0.0407579412},"cash":{"current":0.1387907624,"target":0.247638857,"change":0.1088480946}}