{"EOS-USD+":{"current":0.09975397,"target":0.0897222222,"change":-0.0100317478},"ETH-USD+":{"current":0.1063839093,"target":0.0921680943,"change":-0.014215815},"cash":{"current":0.7938621207,"target":0.818109684,"change":0.0242475633}}