{"BCH-USD+":{"current":0.1194794157,"target":0.142633739,"change":0.0231543233},"BTC-USD":{"current":0.091366628,"target":0.117560566,"change":0.026193938},"LTC-USD+":{"current":0.1140553333,"target":0.129511243,"change":0.0154559097},"cash":{"current":0.6750986231,"target":0.610294451,"change":-0.0648041721}}