{"XLM-USD+":{"current":0.1866014388,"target":0.180555556,"change":-0.0060458828},"XRP-USD+":{"current":0.1797620649,"target":0.195145081,"change":0.0153830161},"cash":{"current":0.6336364962,"target":0.624299363,"change":-0.0093371332}}