{"XLM-USD+":{"current":0.415874406,"target":0.509020603,"change":0.093146197},"XRP-USD+":{"current":0.212229079,"target":0.232777778,"change":0.020548699},"cash":{"current":0.3718965151,"target":0.258201619,"change":-0.1136948961}}