{"XLM-USD+":{"current":0.1215846871,"target":0.175833333,"change":0.0542486459},"XRP-USD+":{"current":0.099885926,"target":0.15,"change":0.050114074},"cash":{"current":0.7785293869,"target":0.674166667,"change":-0.1043627199}}