{"D":-0.0168101016,"MTD":-0.095784122,"M":-0.060539388,"YTD":-0.095784122,"Y":-0.4560907047,"Start (yearly)":5.0119069334}