{"D":0.0214248015,"MTD":0.0304986485,"M":-0.0507330161,"YTD":-0.2646172381,"Y":-0.3891197053,"Start (yearly)":3.6608650042}