{"EOS-USD+":{"current":0.0585393976,"target":0.0588722415,"change":0.0003328439},"ETH-USD+":{"current":0.0516222262,"target":0.0492072888,"change":-0.0024149374},"cash":{"current":0.8898383763,"target":0.89192047,"change":0.0020820937}}