{"BCH-USD+":{"current":0.1018542914,"target":0.0862298155,"change":-0.0156244759},"BTC-USD":{"current":0.1202325941,"target":0.102216247,"change":-0.0180163471},"LTC-USD+":{"current":0.1120845241,"target":0.087322341,"change":-0.0247621831},"cash":{"current":0.6658285904,"target":0.724231596,"change":0.0584030056}}