{"BCH-USD+":{"current":0.311500507,"target":0.338033106,"change":0.026532599},"BTC-USD":{"current":0.371480215,"target":0.338424748,"change":-0.033055467},"LTC-USD+":{"current":0.317019278,"target":0.323542146,"change":0.006522868},"cash":{"current":0.0,"target":0.0,"change":0.0}}