{"D":-0.0276097533,"MTD":0.1939920596,"M":0.1245897674,"YTD":0.2695917749,"Y":-0.3957828528,"Start (yearly)":3.3094910536}