{"EOS-USD+":{"current":0.0799523551,"target":0.0861775007,"change":0.0062251456},"ETH-USD+":{"current":0.1332131971,"target":0.124010091,"change":-0.0092031061},"cash":{"current":0.7868344478,"target":0.789812408,"change":0.0029779602}}