{"EOS-USD+":{"current":0.6351786184,"target":0.623413192,"change":-0.0117654264},"ETH-USD+":{"current":0.3648213816,"target":0.376586808,"change":0.0117654264},"cash":{"current":0.0,"target":0.0,"change":0.0}}