{"XLM-USD+":{"current":0.3150744098,"target":0.402069656,"change":0.0869952462},"XRP-USD+":{"current":0.3316224062,"target":0.458165567,"change":0.1265431608},"cash":{"current":0.353303184,"target":0.139764777,"change":-0.213538407}}