{"D":0.0315163589,"MTD":-0.0008478404,"M":0.059013463,"YTD":0.4539142499,"Y":0.470061149,"Start (yearly)":4.1146357462}