{"XLM-USD+":{"current":0.0784811767,"target":0.0543503545,"change":-0.0241308222},"XRP-USD+":{"current":0.1349878285,"target":0.137282241,"change":0.0022944125},"cash":{"current":0.7865309948,"target":0.808367404,"change":0.0218364092}}