{"D":0.1560781461,"MTD":0.6540512531,"M":0.6945174314,"YTD":1.0746054037,"Y":0.3738743911,"Start (yearly)":5.1627021484}