{"EOS-USD+":{"current":0.1400752058,"target":0.0776616089,"change":-0.0624135969},"ETH-USD+":{"current":0.0415365396,"target":0.0289337605,"change":-0.0126027791},"cash":{"current":0.8183882546,"target":0.893404631,"change":0.0750163764}}