{"D":-0.0099515151,"MTD":-0.209768286,"M":-0.209768286,"YTD":1.5608849664,"Y":0.4362807121,"Start (yearly)":3.399735878}