{"EOS-USD+":{"current":0.1812431721,"target":0.209444444,"change":0.0282012719},"ETH-USD+":{"current":0.1254692155,"target":0.145833333,"change":0.0203641175},"cash":{"current":0.6932876124,"target":0.644722222,"change":-0.0485653904}}