{"D":-0.0340950808,"MTD":-0.0652530421,"M":0.1975281544,"YTD":2.0292120519,"Y":0.7649215782,"Start (yearly)":3.5340357075}