{"D":-0.0237067798,"MTD":0.4127524108,"M":0.8121875471,"YTD":0.8994031322,"Y":0.0410403545,"Start (yearly)":3.4873433316}