{"D":-0.0019753407,"MTD":-0.0036496968,"M":-0.0837909073,"YTD":-0.1987190204,"Y":-0.4303223944,"Start (yearly)":3.8750700736}