{"EOS-USD+":{"current":0.1597322268,"target":0.203170458,"change":0.0434382312},"ETH-USD+":{"current":0.1934792106,"target":0.263611111,"change":0.0701319004},"cash":{"current":0.6467885626,"target":0.533218431,"change":-0.1135701316}}