{"D":0.0199903829,"MTD":0.0199903829,"M":0.1731907088,"YTD":0.0845728749,"Y":-0.5341758026,"Start (yearly)":3.2708920955}