{"EOS-USD+":{"current":0.1963767377,"target":0.201060894,"change":0.0046841563},"ETH-USD+":{"current":0.2345013635,"target":0.232222222,"change":-0.0022791415},"cash":{"current":0.5691218988,"target":0.566716884,"change":-0.0024050148}}