{"EOS-USD+":{"current":0.0852722849,"target":0.102149412,"change":0.0168771271},"ETH-USD+":{"current":0.0823135982,"target":0.111504005,"change":0.0291904068},"cash":{"current":0.832414117,"target":0.786346583,"change":-0.046067534}}