{"D":-0.0147547842,"MTD":-0.0095967684,"M":-0.0767708082,"YTD":0.4330162032,"Y":0.336762423,"Start (yearly)":4.4876533575}