{"XLM-USD+":{"current":0.02997603,"target":0.0727413863,"change":0.0427653563},"XRP-USD+":{"current":0.0396477814,"target":0.0794675202,"change":0.0398197388},"cash":{"current":0.9303761886,"target":0.847791094,"change":-0.0825850946}}