{"BCH-USD+":{"current":0.1363499115,"target":0.0946828007,"change":-0.0416671108},"BTC-USD":{"current":0.1439045155,"target":0.10690311,"change":-0.0370014055},"LTC-USD+":{"current":0.262502103,"target":0.216388313,"change":-0.04611379},"cash":{"current":0.45724347,"target":0.582025777,"change":0.124782307}}