{"XLM-USD+":{"current":0.0153661117,"target":0.0569394843,"change":0.0415733726},"XRP-USD+":{"current":0.0393121143,"target":0.0394922026,"change":0.0001800883},"cash":{"current":0.9453217741,"target":0.903568313,"change":-0.0417534611}}