{"D":0.0017858869,"MTD":-0.0009047369,"M":-0.1243398491,"YTD":1.1164566774,"Y":0.56666941,"Start (yearly)":3.1878721882}