{"D":0.0612269043,"MTD":0.2866994846,"M":0.2491842286,"YTD":0.1756389633,"Y":-0.4980828362,"Start (yearly)":3.3291496185}