{"D":0.0179470743,"MTD":0.1279422406,"M":0.1722395625,"YTD":0.1993598951,"Y":-0.439010122,"Start (yearly)":3.2990805531}