{"BCH-USD+":{"current":0.3172180071,"target":0.361422185,"change":0.0442041779},"BTC-USD":{"current":0.1965466005,"target":0.203611111,"change":0.0070645105},"LTC-USD+":{"current":0.2307274893,"target":0.251666667,"change":0.0209391777},"cash":{"current":0.2555079031,"target":0.183300037,"change":-0.0722078661}}