{"XLM-USD+":{"current":0.0794990791,"target":0.0850096891,"change":0.00551061},"XRP-USD+":{"current":0.0715578416,"target":0.0838402005,"change":0.0122823589},"cash":{"current":0.8489430793,"target":0.83115011,"change":-0.0177929693}}