{"XLM-USD+":{"current":0.0496534635,"target":0.0516590383,"change":0.0020055748},"XRP-USD+":{"current":0.0544868272,"target":0.0702777778,"change":0.0157909506},"cash":{"current":0.8958597093,"target":0.878063184,"change":-0.0177965253}}