{"D":-0.0489323461,"MTD":-0.1109022677,"M":0.3222630461,"YTD":1.5237507665,"Y":0.282100525,"Start (yearly)":3.50430251}