{"D":-0.0001961406,"MTD":0.0085548224,"M":-0.0329769272,"YTD":0.5521781763,"Y":0.3674848054,"Start (yearly)":4.6267092459}