{"BCH-USD+":{"current":0.3712209209,"target":0.384674471,"change":0.0134535501},"BTC-USD":{"current":0.4041894257,"target":0.383543797,"change":-0.0206456287},"LTC-USD+":{"current":0.2245896533,"target":0.231781732,"change":0.0071920787},"cash":{"current":0.0,"target":0.0,"change":0.0}}