{"EOS-USD+":{"current":0.214044869,"target":0.261042495,"change":0.046997626},"ETH-USD+":{"current":0.2572093878,"target":0.381658454,"change":0.1244490662},"cash":{"current":0.5287457432,"target":0.357299051,"change":-0.1714466922}}