{"BCH-USD+":{"current":0.1531305299,"target":0.149812272,"change":-0.0033182579},"BTC-USD":{"current":0.1539829682,"target":0.143259969,"change":-0.0107229992},"LTC-USD+":{"current":0.2472759772,"target":0.269722222,"change":0.0224462448},"cash":{"current":0.4456105247,"target":0.437205537,"change":-0.0084049877}}