{"D":0.0243394647,"MTD":0.4999081321,"M":0.701408381,"YTD":1.0165813785,"Y":0.1031766358,"Start (yearly)":3.5054838162}