{"D":-0.002364129,"MTD":0.1999644903,"M":0.2040114707,"YTD":0.2759423606,"Y":-0.3425763525,"Start (yearly)":3.3020500981}