{"D":0.0049386218,"MTD":-0.03268341,"M":-0.0317518454,"YTD":0.5765944816,"Y":0.2703529857,"Start (yearly)":4.710229519}