{"EOS-USD+":{"current":0.1059193883,"target":0.0811111111,"change":-0.0248082772},"ETH-USD+":{"current":0.1064549135,"target":0.0778493532,"change":-0.0286055603},"cash":{"current":0.7876256982,"target":0.841039536,"change":0.0534138378}}