{"D":-0.0191113568,"MTD":-0.0606461241,"M":-0.0822305919,"YTD":-0.0606461241,"Y":-0.466852263,"Start (yearly)":4.4563252192}