{"EOS-USD+":{"current":0.1558714315,"target":0.161354911,"change":0.0054834795},"ETH-USD+":{"current":0.127314255,"target":0.126932984,"change":-0.000381271},"cash":{"current":0.7168143135,"target":0.711712105,"change":-0.0051022085}}