{"D":-0.0546948781,"MTD":0.3714305673,"M":0.2810807152,"YTD":1.4386677185,"Y":0.2708484391,"Start (yearly)":3.5141328924}