{"D":0.0133883508,"MTD":0.3818711892,"M":0.5493153735,"YTD":0.8578842584,"Y":-0.0066228315,"Start (yearly)":3.4591732522}