{"D":0.0038327388,"MTD":0.0327669995,"M":-0.124316256,"YTD":0.2953552641,"Y":-0.2519860276,"Start (yearly)":4.8982199519}