{"D":-0.0046412356,"MTD":0.072357354,"M":0.168976456,"YTD":0.072357354,"Y":-0.3144322342,"Start (yearly)":5.1841629914}