{"XLM-USD+":{"current":0.0483188103,"target":0.0496910501,"change":0.0013722398},"XRP-USD+":{"current":0.0554775604,"target":0.0666666667,"change":0.0111891063},"cash":{"current":0.8962036294,"target":0.883642283,"change":-0.0125613464}}