{"XLM-USD+":{"current":0.0939020205,"target":0.0764217302,"change":-0.0174802903},"XRP-USD+":{"current":0.2502283891,"target":0.223529168,"change":-0.0266992211},"cash":{"current":0.6558695904,"target":0.700049102,"change":0.0441795116}}