{"D":-0.011187851,"MTD":-0.0271060382,"M":-0.054071285,"YTD":-0.2175829884,"Y":-0.4050681538,"Start (yearly)":3.834463096}