{"BCH-USD+":{"current":0.1438581041,"target":0.14167435,"change":-0.0021837541},"BTC-USD":{"current":0.2217476469,"target":0.230036224,"change":0.0082885771},"LTC-USD+":{"current":0.634394249,"target":0.628289425,"change":-0.006104824},"cash":{"current":0.0,"target":0.0,"change":0.0}}