{"BCH-USD+":{"current":0.3248538156,"target":0.311564553,"change":-0.0132892626},"BTC-USD":{"current":0.2469456016,"target":0.245140722,"change":-0.0018048796},"LTC-USD+":{"current":0.4282005828,"target":0.443294725,"change":0.0150941422},"cash":{"current":0.0,"target":0.0,"change":0.0}}