{"D":0.0030007487,"MTD":0.0258951367,"M":0.018240847,"YTD":0.0258951367,"Y":-0.4483105928,"Start (yearly)":4.5710608974}