{"BCH-USD+":{"current":0.0239633661,"target":0.0337962895,"change":0.0098329234},"BTC-USD":{"current":0.0643568374,"target":0.0514308389,"change":-0.0129259985},"LTC-USD+":{"current":0.0557845854,"target":0.0497535429,"change":-0.0060310425},"cash":{"current":0.855895211,"target":0.865019329,"change":0.009124118}}