{"D":-0.0908678946,"MTD":0.363614638,"M":0.5562106675,"YTD":0.8333388744,"Y":-0.0228701453,"Start (yearly)":3.4544722191}