{"EOS-USD+":{"current":0.5262207338,"target":0.522704039,"change":-0.0035166948},"ETH-USD+":{"current":0.4737792662,"target":0.477295961,"change":0.0035166948},"cash":{"current":0.0,"target":0.0,"change":0.0}}