{"D":-0.0041889869,"MTD":-0.0041889869,"M":-0.0637886226,"YTD":0.4408407318,"Y":0.2622327081,"Start (yearly)":4.5299796047}