{"D":-0.0018474691,"MTD":-0.0358316036,"M":-0.0394240644,"YTD":-0.2246002288,"Y":-0.4047003212,"Start (yearly)":3.8000276202}