{"EOS-USD+":{"current":0.1024552454,"target":0.0615118926,"change":-0.0409433528},"ETH-USD+":{"current":0.0863152099,"target":0.0510368696,"change":-0.0352783403},"cash":{"current":0.8112295447,"target":0.887451238,"change":0.0762216933}}