{"XLM-USD+":{"current":0.6369025939,"target":0.654293633,"change":0.0173910391},"XRP-USD+":{"current":0.3630974061,"target":0.345706367,"change":-0.0173910391},"cash":{"current":0.0,"target":0.0,"change":0.0}}