{"D":-0.0027641493,"MTD":-0.0139297843,"M":-0.0714098214,"YTD":1.5852534959,"Y":0.7100373275,"Start (yearly)":3.3748798289}