{"EOS-USD+":{"current":0.0314927513,"target":0.0270986835,"change":-0.0043940678},"ETH-USD+":{"current":0.1327867013,"target":0.133333333,"change":0.0005466317},"cash":{"current":0.8357205474,"target":0.839567983,"change":0.0038474356}}