{"D":0.0047991576,"MTD":-0.0261517676,"M":-0.0243816816,"YTD":-0.0261517676,"Y":-0.4924263378,"Start (yearly)":4.5216879499}