{"EOS-USD+":{"current":0.1964514576,"target":0.145,"change":-0.0514514576},"ETH-USD+":{"current":0.1727976432,"target":0.123724662,"change":-0.0490729812},"cash":{"current":0.6307508992,"target":0.731275338,"change":0.1005244388}}