{"D":-0.010872114,"MTD":0.0004170717,"M":-0.1203249978,"YTD":1.1192567614,"Y":0.5925192178,"Start (yearly)":3.1742562807}