{"XLM-USD+":{"current":0.2603696217,"target":0.186149011,"change":-0.0742206107},"XRP-USD+":{"current":0.1730561453,"target":0.0954171194,"change":-0.0776390259},"cash":{"current":0.566574233,"target":0.718433869,"change":0.151859636}}