{"D":-0.0032025225,"MTD":0.0083260593,"M":0.1811103302,"YTD":0.0405674285,"Y":-0.2365248224,"Start (yearly)":4.9594488883}