{"XLM-USD+":{"current":0.02466525,"target":0.0448216776,"change":0.0201564276},"XRP-USD+":{"current":0.0428206756,"target":0.0438424847,"change":0.0010218091},"cash":{"current":0.9325140744,"target":0.911335838,"change":-0.0211782364}}