{"XLM-USD+":{"current":0.1844893466,"target":0.179888982,"change":-0.0046003646},"XRP-USD+":{"current":0.0944145999,"target":0.116302709,"change":0.0218881091},"cash":{"current":0.7210960535,"target":0.703808308,"change":-0.0172877455}}