{"D":-0.0052079809,"MTD":-0.0441255087,"M":-0.0498329034,"YTD":0.5579454169,"Y":0.3195880169,"Start (yearly)":4.6818914565}