{"D":-0.0138464602,"MTD":-0.1814632833,"M":-0.1814632833,"YTD":0.6169507376,"Y":0.2404915707,"Start (yearly)":4.7901398102}