{"D":-0.0003403385,"MTD":-0.0497444454,"M":-0.1045314683,"YTD":-0.0497444454,"Y":-0.5821625402,"Start (yearly)":3.2743572657}