{"XLM-USD+":{"current":0.0811573229,"target":0.08,"change":-0.0011573229},"XRP-USD+":{"current":0.0896427955,"target":0.0762162917,"change":-0.0134265038},"cash":{"current":0.8291998816,"target":0.843783708,"change":0.0145838264}}