{"XLM-USD+":{"current":0.0744372564,"target":0.0715762363,"change":-0.0028610201},"XRP-USD+":{"current":0.1105252181,"target":0.0783333333,"change":-0.0321918848},"cash":{"current":0.8150375255,"target":0.85009043,"change":0.0350529045}}