{"BCH-USD+":{"current":0.2223299217,"target":0.255081955,"change":0.0327520333},"BTC-USD":{"current":0.14562228,"target":0.217026118,"change":0.071403838},"LTC-USD+":{"current":0.2700510943,"target":0.303771523,"change":0.0337204287},"cash":{"current":0.361996704,"target":0.224120404,"change":-0.1378763}}