{"BCH-USD+":{"current":0.2144638312,"target":0.215187942,"change":0.0007241108},"BTC-USD":{"current":0.2659049933,"target":0.269825484,"change":0.0039204907},"LTC-USD+":{"current":0.5196311755,"target":0.514986573,"change":-0.0046446025},"cash":{"current":0.0,"target":0.0,"change":0.0}}