{"D":-0.0532415781,"MTD":-0.0532415781,"M":0.4080158226,"YTD":1.6874236726,"Y":0.3783993502,"Start (yearly)":3.5384199645}