{"D":-0.0081267896,"MTD":-0.0251307712,"M":-0.1510568101,"YTD":1.0651368944,"Y":0.6748019112,"Start (yearly)":3.1415588954}