{"D":0.0055099767,"MTD":0.1682363585,"M":0.1341100092,"YTD":0.0316685852,"Y":-0.2639201903,"Start (yearly)":4.9772074059}