{"D":0.0185871546,"MTD":0.0079677903,"M":-0.0497965511,"YTD":-0.3124476036,"Y":-0.3904195694,"Start (yearly)":5.1668708878}