{"XLM-USD+":{"current":0.1348266328,"target":0.123232653,"change":-0.0115939798},"XRP-USD+":{"current":0.1617474692,"target":0.1475,"change":-0.0142474692},"cash":{"current":0.7034258981,"target":0.729267347,"change":0.0258414489}}