{"BCH-USD+":{"current":0.1533910426,"target":0.147222222,"change":-0.0061688206},"BTC-USD":{"current":0.1772626562,"target":0.164141112,"change":-0.0131215442},"LTC-USD+":{"current":0.122794901,"target":0.127222222,"change":0.004427321},"cash":{"current":0.5465514002,"target":0.561414444,"change":0.0148630438}}