{"D":0.0279548547,"MTD":-0.1350784334,"M":0.399880213,"YTD":0.8133422031,"Y":0.326098351,"Start (yearly)":5.01607925}