{"BCH-USD+":{"current":0.3632574316,"target":0.362651959,"change":-0.0006054726},"BTC-USD":{"current":0.3603798004,"target":0.380016701,"change":0.0196369006},"LTC-USD+":{"current":0.276362768,"target":0.25733134,"change":-0.019031428},"cash":{"current":0.0,"target":0.0,"change":0.0}}