{"EOS-USD+":{"current":0.216466386,"target":0.1525,"change":-0.063966386},"ETH-USD+":{"current":0.6765626968,"target":0.52,"change":-0.1565626968},"cash":{"current":0.1069709172,"target":0.3275,"change":0.2205290828}}