{"XLM-USD+":{"current":0.6523521255,"target":0.641012124,"change":-0.0113400015},"XRP-USD+":{"current":0.3476478745,"target":0.358987876,"change":0.0113400015},"cash":{"current":0.0,"target":0.0,"change":0.0}}