{"D":-0.0050829361,"MTD":-0.0050829361,"M":0.16148688,"YTD":0.0267296785,"Y":-0.2688338895,"Start (yearly)":4.9670950457}