{"D":0.00018821,"MTD":0.0022161707,"M":-0.0385509837,"YTD":-0.2296091904,"Y":-0.4018419926,"Start (yearly)":3.7808436778}