{"D":-0.0006937747,"MTD":0.3063008991,"M":0.3766627249,"YTD":0.7562822759,"Y":-0.2136240124,"Start (yearly)":3.4018102878}