{"BCH-USD+":{"current":0.1411895871,"target":0.15540215,"change":0.0142125629},"BTC-USD":{"current":0.1669362886,"target":0.177702741,"change":0.0107664524},"LTC-USD+":{"current":0.046172029,"target":0.0547458223,"change":0.0085737933},"cash":{"current":0.6457020953,"target":0.612149287,"change":-0.0335528083}}