{"D":-0.0095868042,"MTD":-0.0095868042,"M":-0.1370156305,"YTD":-0.1767733926,"Y":3.0600877306,"Start (yearly)":4.6885535842}