{"XLM-USD+":{"current":0.1547459037,"target":0.174292939,"change":0.0195470353},"XRP-USD+":{"current":0.1467577257,"target":0.217222222,"change":0.0704644963},"cash":{"current":0.6984963706,"target":0.608484839,"change":-0.0900115316}}