{"D":0.0344753185,"MTD":0.2145523662,"M":0.156874303,"YTD":0.2914538937,"Y":-0.3744751744,"Start (yearly)":3.3239780961}