{"EOS-USD+":{"current":0.283316109,"target":0.304167682,"change":0.020851573},"ETH-USD+":{"current":0.6117791649,"target":0.695832318,"change":0.0840531531},"cash":{"current":0.1049047261,"target":0.0,"change":-0.1049047261}}