{"XLM-USD+":{"current":0.2062478103,"target":0.180277778,"change":-0.0259700323},"XRP-USD+":{"current":0.2060220699,"target":0.201204745,"change":-0.0048173249},"cash":{"current":0.5877301198,"target":0.618517477,"change":0.0307873572}}