{"D":0.0000883136,"MTD":-0.0441782453,"M":-0.0439531582,"YTD":-0.2313127326,"Y":-0.4040330601,"Start (yearly)":3.7886768092}