{"D":0.000335644,"MTD":0.0629411185,"M":0.069607127,"YTD":0.0004414311,"Y":-0.3593176979,"Start (yearly)":4.3621420109}