{"D":-0.0194095645,"MTD":0.0135977469,"M":-0.0719378402,"YTD":0.2713120945,"Y":-0.37590578,"Start (yearly)":4.8954326606}