{"XLM-USD+":{"current":0.4227742874,"target":0.394395478,"change":-0.0283788094},"XRP-USD+":{"current":0.280153348,"target":0.272973053,"change":-0.007180295},"cash":{"current":0.2970723645,"target":0.332631469,"change":0.0355591045}}