{"XLM-USD+":{"current":0.0185939227,"target":0.034241798,"change":0.0156478753},"XRP-USD+":{"current":0.0737715245,"target":0.0696134568,"change":-0.0041580677},"cash":{"current":0.9076345528,"target":0.896144745,"change":-0.0114898078}}