{"D":-0.0028748539,"MTD":-0.005675829,"M":-0.1431208593,"YTD":0.6206131655,"Y":0.2763881827,"Start (yearly)":4.7792779102}