{"XLM-USD+":{"current":0.3499470684,"target":0.190277778,"change":-0.1596692904},"XRP-USD+":{"current":0.6390285504,"target":0.396666667,"change":-0.2423618834},"cash":{"current":0.0110243813,"target":0.413055556,"change":0.4020311747}}