{"D":-0.002438989,"MTD":-0.0237068925,"M":-0.0360521541,"YTD":0.0075102185,"Y":-0.2393561729,"Start (yearly)":4.8741663889}