{"D":0.0049970155,"MTD":-0.2043579882,"M":-0.2255534525,"YTD":1.5784179886,"Y":0.3907839288,"Start (yearly)":3.4129869079}