{"EOS-USD+":{"current":0.1309188737,"target":0.134009262,"change":0.0030903883},"ETH-USD+":{"current":0.1422911329,"target":0.145555556,"change":0.0032644231},"cash":{"current":0.7267899934,"target":0.720435182,"change":-0.0063548114}}