{"D":-0.0027715015,"MTD":-0.0749319054,"M":-0.1773298159,"YTD":-0.6432627972,"Y":-0.6316194726,"Start (yearly)":3.3482655645}