{"D":0.086473217,"MTD":0.1393805843,"M":0.1952376866,"YTD":0.1269091953,"Y":-0.2548661449,"Start (yearly)":4.3791071661}