{"XLM-USD+":{"current":0.1555776012,"target":0.14294878,"change":-0.0126288212},"XRP-USD+":{"current":0.2470624158,"target":0.250555556,"change":0.0034931402},"cash":{"current":0.597359983,"target":0.606495665,"change":0.009135682}}