{"D":0.0073858298,"MTD":-0.0443947064,"M":0.0289707826,"YTD":-0.0443947064,"Y":-0.616496422,"Start (yearly)":3.2992811373}