{"BCH-USD+":{"current":0.3663564537,"target":0.384435567,"change":0.0180791133},"BTC-USD":{"current":0.3231586834,"target":0.32139825,"change":-0.0017604334},"LTC-USD+":{"current":0.3104848628,"target":0.294166182,"change":-0.0163186808},"cash":{"current":0.0,"target":0.0,"change":0.0}}