{"BCH-USD+":{"current":0.3747536313,"target":0.355625009,"change":-0.0191286223},"BTC-USD":{"current":0.3163875835,"target":0.320758515,"change":0.0043709315},"LTC-USD+":{"current":0.3088587852,"target":0.323616476,"change":0.0147576908},"cash":{"current":0.0,"target":0.0,"change":0.0}}