{"D":0.038608959,"MTD":0.2381448909,"M":0.3683809016,"YTD":0.3951569423,"Y":0.0203543629,"Start (yearly)":5.0283899586}