{"BCH-USD+":{"current":0.1331354434,"target":0.140661473,"change":0.0075260296},"BTC-USD":{"current":0.1376536574,"target":0.15257731,"change":0.0149236526},"LTC-USD+":{"current":0.1486796369,"target":0.15468523,"change":0.0060055931},"cash":{"current":0.5805312623,"target":0.552075987,"change":-0.0284552753}}