{"XLM-USD+":{"current":0.0897669472,"target":0.0851669778,"change":-0.0045999694},"XRP-USD+":{"current":0.0648207796,"target":0.0746205649,"change":0.0097997853},"cash":{"current":0.8454122732,"target":0.840212457,"change":-0.0051998162}}