{"XLM-USD+":{"current":0.1419489264,"target":0.179443647,"change":0.0374947206},"XRP-USD+":{"current":0.255293943,"target":0.286388889,"change":0.031094946},"cash":{"current":0.6027571306,"target":0.534167464,"change":-0.0685896666}}