{"BCH-USD+":{"current":0.3521085861,"target":0.353867062,"change":0.0017584759},"BTC-USD":{"current":0.2845558782,"target":0.293188123,"change":0.0086322448},"LTC-USD+":{"current":0.3633355356,"target":0.352944815,"change":-0.0103907206},"cash":{"current":0.0,"target":0.0,"change":0.0}}