{"EOS-USD+":{"current":0.204533252,"target":0.196458133,"change":-0.008075119},"ETH-USD+":{"current":0.2672233442,"target":0.236438028,"change":-0.0307853162},"cash":{"current":0.5282434037,"target":0.567103839,"change":0.0388604353}}