{"D":-0.1134275866,"MTD":-0.1134275866,"M":0.4455563207,"YTD":0.858734058,"Y":0.1769733958,"Start (yearly)":5.0630021174}