{"D":0.0246985014,"MTD":0.2018797394,"M":0.2966988025,"YTD":2.4115989764,"Y":1.0100641421,"Start (yearly)":3.6139699491}