{"EOS-USD+":{"current":0.3023840961,"target":0.383079335,"change":0.0806952389},"ETH-USD+":{"current":0.1483006775,"target":0.22695572,"change":0.0786550425},"cash":{"current":0.5493152264,"target":0.389964946,"change":-0.1593502804}}