{"BCH-USD+":{"current":0.3337045111,"target":0.335068856,"change":0.0013643449},"BTC-USD":{"current":0.4446231683,"target":0.445561577,"change":0.0009384087},"LTC-USD+":{"current":0.2216723206,"target":0.219369566,"change":-0.0023027546},"cash":{"current":0.0,"target":0.0,"change":0.0}}