{"BCH-USD+":{"current":0.0851911636,"target":0.0708370977,"change":-0.0143540659},"BTC-USD":{"current":0.1004668754,"target":0.108124741,"change":0.0076578656},"LTC-USD+":{"current":0.0868022343,"target":0.104227255,"change":0.0174250207},"cash":{"current":0.7275397267,"target":0.716810907,"change":-0.0107288197}}