{"D":-0.0173789355,"MTD":-0.0497671955,"M":0.0035876578,"YTD":-0.0040921213,"Y":-0.2916496535,"Start (yearly)":4.0856575183}