{"D":0.0187384642,"MTD":-0.191480612,"M":-0.191480612,"YTD":1.6201493931,"Y":0.5422383053,"Start (yearly)":3.4069345272}