{"EOS-USD+":{"current":0.5161501631,"target":0.544949261,"change":0.0287990979},"ETH-USD+":{"current":0.3331960533,"target":0.359881618,"change":0.0266855647},"cash":{"current":0.1506537837,"target":0.0951691208,"change":-0.0554846629}}