{"BCH-USD+":{"current":0.2138760431,"target":0.207193474,"change":-0.0066825691},"BTC-USD":{"current":0.2678340973,"target":0.261949953,"change":-0.0058841443},"LTC-USD+":{"current":0.5182898597,"target":0.530856572,"change":0.0125667123},"cash":{"current":0.0,"target":0.0,"change":0.0}}