{"XLM-USD+":{"current":0.1574187652,"target":0.140602939,"change":-0.0168158262},"XRP-USD+":{"current":0.2994997983,"target":0.289368226,"change":-0.0101315723},"cash":{"current":0.5430814365,"target":0.570028835,"change":0.0269473985}}