{"D":0.0150587013,"MTD":0.0228801092,"M":0.015248315,"YTD":0.0228801092,"Y":-0.4918067744,"Start (yearly)":4.5753122058}