{"XLM-USD+":{"current":0.0444327937,"target":0.117222222,"change":0.0727894283},"XRP-USD+":{"current":0.0440578835,"target":0.0952777778,"change":0.0512198943},"cash":{"current":0.9115093227,"target":0.7875,"change":-0.1240093227}}