{"D":0.001330535,"MTD":0.0037531906,"M":-0.0928192563,"YTD":0.0358483416,"Y":-0.2132584396,"Start (yearly)":4.9094955697}