{"BCH-USD+":{"current":0.0623215764,"target":0.0860249731,"change":0.0237033967},"BTC-USD":{"current":0.073370232,"target":0.0825566197,"change":0.0091863877},"LTC-USD+":{"current":0.0510592678,"target":0.0761579619,"change":0.0250986941},"cash":{"current":0.8132489238,"target":0.755260445,"change":-0.0579884788}}