{"D":0.0081960306,"MTD":0.1487189824,"M":0.2101967715,"YTD":0.1361453776,"Y":-0.2504151315,"Start (yearly)":4.3756187717}