{"XLM-USD+":{"current":0.0415589164,"target":0.09958992,"change":0.0580310036},"XRP-USD+":{"current":0.1027646803,"target":0.124678995,"change":0.0219143147},"cash":{"current":0.8556764034,"target":0.775731085,"change":-0.0799453184}}