{"XLM-USD+":{"current":0.0600864843,"target":0.17487773,"change":0.1147912457},"XRP-USD+":{"current":0.0931910638,"target":0.216666667,"change":0.1234756032},"cash":{"current":0.8467224519,"target":0.608455604,"change":-0.2382668479}}