{"D":0.1079062712,"MTD":0.1176080982,"M":-0.096324964,"YTD":0.0211425758,"Y":-0.5440294313,"Start (yearly)":3.2824892595}