{"D":-0.0114774539,"MTD":-0.0596816567,"M":0.0735284603,"YTD":2.047267107,"Y":0.7591063956,"Start (yearly)":3.5412428752}