{"D":0.0143695493,"MTD":0.0048661062,"M":0.4219137011,"YTD":1.8523653965,"Y":0.5835393813,"Start (yearly)":3.5519277691}