{"D":-0.0628626408,"MTD":0.1715587394,"M":0.126472244,"YTD":0.070436507,"Y":-0.5312628177,"Start (yearly)":3.2722719803}