{"D":-0.0105770764,"MTD":0.2250489378,"M":0.3539074322,"YTD":0.3804002607,"Y":-0.0120780482,"Start (yearly)":5.0176783639}