{"BCH-USD+":{"current":0.2330990627,"target":0.245277778,"change":0.0121787153},"BTC-USD":{"current":0.2256653166,"target":0.279444444,"change":0.0537791274},"LTC-USD+":{"current":0.2037102136,"target":0.227777778,"change":0.0240675644},"cash":{"current":0.3375254071,"target":0.2475,"change":-0.0900254071}}