{"D":0.0048363695,"MTD":0.0398027893,"M":-0.0124528889,"YTD":0.0284213552,"Y":-0.4214576968,"Start (yearly)":4.2868443887}