{"D":-0.0167313909,"MTD":0.192118439,"M":0.3175130926,"YTD":0.3432937683,"Y":-0.0239573628,"Start (yearly)":5.0056940834}