{"XLM-USD+":{"current":0.5134844611,"target":0.518779031,"change":0.0052945699},"XRP-USD+":{"current":0.4712064294,"target":0.476111111,"change":0.0049046816},"cash":{"current":0.0153091095,"target":0.0051098579,"change":-0.0101992516}}