{"XLM-USD+":{"current":0.1801158816,"target":0.187958298,"change":0.0078424164},"XRP-USD+":{"current":0.2029589184,"target":0.215863827,"change":0.0129049086},"cash":{"current":0.6169252,"target":0.596177874,"change":-0.020747326}}