{"D":-0.0035316702,"MTD":-0.1757201176,"M":-0.1292248538,"YTD":0.6282958806,"Y":0.2410674337,"Start (yearly)":4.8256821868}