{"D":0.003532941,"MTD":-0.2018252378,"M":-0.2616582236,"YTD":1.5866258123,"Y":0.4770281393,"Start (yearly)":3.4105650418}