{"D":-0.0018220131,"MTD":-0.0142502662,"M":-0.0181338983,"YTD":-0.1806496395,"Y":0.2636408031,"Start (yearly)":4.6120895706}