{"D":0.0047309855,"MTD":-0.0659557144,"M":-0.0497886819,"YTD":-0.0761795411,"Y":-0.4826164535,"Start (yearly)":4.2008956339}