{"XLM-USD+":{"current":0.0876654514,"target":0.0631710601,"change":-0.0244943913},"XRP-USD+":{"current":0.1286808207,"target":0.121470473,"change":-0.0072103477},"cash":{"current":0.7836537279,"target":0.815358467,"change":0.0317047391}}