{"D":0.0281821573,"MTD":0.0278937114,"M":-0.107849126,"YTD":1.6949052599,"Y":0.6784575896,"Start (yearly)":3.4107498456}