{"D":-0.0431892022,"MTD":-0.1229455055,"M":0.0639024379,"YTD":0.8387793654,"Y":0.3246706478,"Start (yearly)":5.0055961511}