{"D":0.0088453753,"MTD":-0.0068267633,"M":-0.0029530286,"YTD":0.4370241285,"Y":0.3458587942,"Start (yearly)":4.4535632665}