{"XLM-USD+":{"current":0.0794302077,"target":0.0406966407,"change":-0.038733567},"XRP-USD+":{"current":0.0817195789,"target":0.0930639175,"change":0.0113443386},"cash":{"current":0.8388502134,"target":0.866239442,"change":0.0273892286}}