{"D":0.0200240281,"MTD":-0.0564083159,"M":-0.1459978013,"YTD":-0.6361194814,"Y":-0.6292831434,"Start (yearly)":3.352274923}