{"D":-0.0007596514,"MTD":-0.1773441905,"M":-0.1860774398,"YTD":0.6250876606,"Y":0.2531197907,"Start (yearly)":4.8119450124}