{"D":-0.0348896993,"MTD":0.0234426201,"M":-0.0180685852,"YTD":-0.3018919525,"Y":-0.4394529872,"Start (yearly)":5.1670859774}