{"BCH-USD+":{"current":0.0306223721,"target":0.0239651086,"change":-0.0066572635},"BTC-USD":{"current":0.1550143699,"target":0.136432333,"change":-0.0185820369},"LTC-USD+":{"current":0.1529124595,"target":0.143392424,"change":-0.0095200355},"cash":{"current":0.6614507986,"target":0.696210134,"change":0.0347593354}}