{"D":0.0032983415,"MTD":0.0032983415,"M":-0.0472196444,"YTD":0.5440883881,"Y":0.2662079174,"Start (yearly)":4.6556501104}