{"D":-0.0048712681,"MTD":-0.0630695531,"M":-0.2439930513,"YTD":-0.6386882774,"Y":-0.5342785858,"Start (yearly)":3.3611340506}