{"D":0.0373412457,"MTD":0.0373412457,"M":0.1030408401,"YTD":0.0373412457,"Y":-0.2430671236,"Start (yearly)":5.181772756}