{"XLM-USD+":{"current":0.2141537278,"target":0.235341931,"change":0.0211882032},"XRP-USD+":{"current":0.3137701888,"target":0.354444444,"change":0.0406742552},"cash":{"current":0.4720760834,"target":0.410213625,"change":-0.0618624584}}