{"EOS-USD+":{"current":0.1699418921,"target":0.149166667,"change":-0.0207752251},"ETH-USD+":{"current":0.1132341582,"target":0.122589019,"change":0.0093548608},"cash":{"current":0.7168239497,"target":0.728244315,"change":0.0114203653}}