{"D":0.0031268991,"MTD":-0.1112840197,"M":-0.2205385397,"YTD":-0.1950146065,"Y":-0.4610549428,"Start (yearly)":3.8987354502}