{"D":-0.0141862071,"MTD":0.2445467376,"M":0.2445467376,"YTD":0.3233474116,"Y":-0.2943955159,"Start (yearly)":3.3161774748}