{"D":-0.05624916,"MTD":-0.0002687494,"M":-0.0134213572,"YTD":-0.2315193168,"Y":-0.4201698225,"Start (yearly)":3.7417511949}