{"D":0.0150261236,"MTD":-0.10700473,"M":0.0832392408,"YTD":0.8721998303,"Y":0.3539431142,"Start (yearly)":5.0144280225}