{"D":-0.0039158784,"MTD":0.0462520665,"M":0.0252119914,"YTD":0.610194695,"Y":0.3966299126,"Start (yearly)":4.6289108067}