{"D":0.0064794411,"MTD":-0.0490511327,"M":0.0038556313,"YTD":-0.0490511327,"Y":-0.5841910525,"Start (yearly)":3.2907582575}