{"BCH-USD+":{"current":0.2667279427,"target":0.26094358,"change":-0.0057843627},"BTC-USD":{"current":0.3596811012,"target":0.340891269,"change":-0.0187898322},"LTC-USD+":{"current":0.3735909561,"target":0.398165152,"change":0.0245741959},"cash":{"current":0.0,"target":0.0,"change":0.0}}