{"D":0.059905837,"MTD":0.0994840413,"M":0.1691194248,"YTD":0.0994840413,"Y":-0.2414507293,"Start (yearly)":5.2207763476}