{"EOS-USD+":{"current":0.5027059641,"target":0.518128214,"change":0.0154222499},"ETH-USD+":{"current":0.2926046323,"target":0.293611111,"change":0.0010064787},"cash":{"current":0.2046894036,"target":0.188260675,"change":-0.0164287286}}