{"BCH-USD+":{"current":0.2679798029,"target":0.265632035,"change":-0.0023477679},"BTC-USD":{"current":0.2460450688,"target":0.260853638,"change":0.0148085692},"LTC-USD+":{"current":0.4859751283,"target":0.473514327,"change":-0.0124608013},"cash":{"current":0.0,"target":0.0,"change":0.0}}