{"D":0.0094790785,"MTD":0.1243466874,"M":0.2111627043,"YTD":0.1955366831,"Y":-0.4175853126,"Start (yearly)":3.2935293835}