{"XLM-USD+":{"current":0.4554328148,"target":0.473055556,"change":0.0176227412},"XRP-USD+":{"current":0.2370765536,"target":0.240277778,"change":0.0032012244},"cash":{"current":0.3074906316,"target":0.286666667,"change":-0.0208239646}}