{"XLM-USD+":{"current":0.1615690157,"target":0.161547938,"change":-0.0000210777},"XRP-USD+":{"current":0.1499672321,"target":0.151111111,"change":0.0011438789},"cash":{"current":0.6884637522,"target":0.687340951,"change":-0.0011228012}}