{"D":0.018648105,"MTD":-0.0719436439,"M":0.3960175298,"YTD":1.6343368732,"Y":0.3379999092,"Start (yearly)":3.5219066394}