{"BCH-USD+":{"current":0.3632879343,"target":0.382222222,"change":0.0189342877},"BTC-USD":{"current":0.1983773912,"target":0.223726002,"change":0.0253486108},"LTC-USD+":{"current":0.2550162091,"target":0.304671351,"change":0.0496551419},"cash":{"current":0.1833184653,"target":0.0893804247,"change":-0.0939380406}}