{"XLM-USD+":{"current":0.3306812164,"target":0.329057196,"change":-0.0016240204},"XRP-USD+":{"current":0.2703390412,"target":0.200555556,"change":-0.0697834852},"cash":{"current":0.3989797424,"target":0.470387248,"change":0.0714075056}}