{"EOS-USD+":{"current":0.1646511661,"target":0.164444444,"change":-0.0002067221},"ETH-USD+":{"current":0.5153570594,"target":0.521944444,"change":0.0065873846},"cash":{"current":0.3199917745,"target":0.313611111,"change":-0.0063806635}}