{"EOS-USD+":{"current":0.3276959413,"target":0.324166667,"change":-0.0035292743},"ETH-USD+":{"current":0.6038622811,"target":0.602771134,"change":-0.0010911471},"cash":{"current":0.0684417776,"target":0.0730621997,"change":0.0046204221}}