{"D":0.0117837222,"MTD":0.250146233,"M":0.2088603871,"YTD":0.1422407787,"Y":-0.4920279345,"Start (yearly)":3.3106357429}