{"D":-0.0049543025,"MTD":-0.0017146876,"M":-0.067792176,"YTD":-0.2876052664,"Y":-0.3770942947,"Start (yearly)":3.657596553}