{"D":0.0076171486,"MTD":0.0205961928,"M":-0.0020355136,"YTD":-0.0398729802,"Y":-0.4030942069,"Start (yearly)":4.3968233252}