{"XLM-USD+":{"current":0.0587534006,"target":0.0805608446,"change":0.021807444},"XRP-USD+":{"current":0.0414243969,"target":0.0675,"change":0.0260756031},"cash":{"current":0.8998222025,"target":0.851939155,"change":-0.0478830475}}