{"BCH-USD+":{"current":0.3387808724,"target":0.304740823,"change":-0.0340400494},"BTC-USD":{"current":0.3154591904,"target":0.371702638,"change":0.0562434476},"LTC-USD+":{"current":0.3457599372,"target":0.323556539,"change":-0.0222033982},"cash":{"current":0.0,"target":0.0,"change":0.0}}