{"EOS-USD+":{"current":0.1365270686,"target":0.0597864911,"change":-0.0767405775},"ETH-USD+":{"current":0.5030380018,"target":0.303149029,"change":-0.1998889728},"cash":{"current":0.3604349296,"target":0.63706448,"change":0.2766295504}}