{"D":-0.0003902851,"MTD":-0.2045604644,"M":-0.2445418963,"YTD":1.5777618292,"Y":0.4330311281,"Start (yearly)":3.4108733711}