{"D":0.0217481853,"MTD":0.00992608,"M":-0.0581453783,"YTD":-0.2792982008,"Y":-0.4659064691,"Start (yearly)":3.6719891674}