{"XLM-USD+":{"current":0.1506501882,"target":0.221318546,"change":0.0706683578},"XRP-USD+":{"current":0.1603572065,"target":0.278405389,"change":0.1180481825},"cash":{"current":0.6889926054,"target":0.500276065,"change":-0.1887165404}}