{"XLM-USD+":{"current":0.0562008445,"target":0.0741808258,"change":0.0179799813},"XRP-USD+":{"current":0.0556845025,"target":0.11048078,"change":0.0547962775},"cash":{"current":0.888114653,"target":0.815338394,"change":-0.072776259}}