{"D":-0.0077629889,"MTD":0.0112032945,"M":-0.0577382111,"YTD":0.4631118513,"Y":0.2884405464,"Start (yearly)":4.5139394461}