{"XLM-USD+":{"current":0.3934066505,"target":0.434722222,"change":0.0413155715},"XRP-USD+":{"current":0.2731478649,"target":0.275277778,"change":0.0021299131},"cash":{"current":0.3334454846,"target":0.29,"change":-0.0434454846}}