{"BCH-USD+":{"current":0.4336452603,"target":0.430998818,"change":-0.0026464423},"BTC-USD":{"current":0.3235222966,"target":0.326979905,"change":0.0034576084},"LTC-USD+":{"current":0.2428324431,"target":0.242021277,"change":-0.0008111661},"cash":{"current":0.0,"target":0.0,"change":0.0}}