{"XLM-USD+":{"current":0.4245505406,"target":0.469445356,"change":0.0448948154},"XRP-USD+":{"current":0.2159599277,"target":0.251944444,"change":0.0359845163},"cash":{"current":0.3594895317,"target":0.2786102,"change":-0.0808793317}}