{"D":-0.0135446281,"MTD":-0.003162554,"M":-0.0689737252,"YTD":0.4423258794,"Y":0.3681263498,"Start (yearly)":4.5026100127}