{"D":0.0023797227,"MTD":0.0107255958,"M":0.1837028716,"YTD":0.0430436904,"Y":-0.224077371,"Start (yearly)":4.9577162752}