{"D":0.0006303272,"MTD":-0.0089625198,"M":-0.1364716679,"YTD":-0.1762544905,"Y":2.7474942063,"Start (yearly)":4.6857503359}