{"D":0.0300095257,"MTD":0.1240796529,"M":0.1240796529,"YTD":0.0480672463,"Y":-0.3191519798,"Start (yearly)":4.1822651204}