{"D":-0.0715502347,"MTD":0.5379155903,"M":0.5379155903,"YTD":0.9289414328,"Y":0.2812907156,"Start (yearly)":5.1019937281}