{"BCH-USD+":{"current":0.3778577525,"target":0.367026883,"change":-0.0108308695},"BTC-USD":{"current":0.34272079,"target":0.347434237,"change":0.004713447},"LTC-USD+":{"current":0.2794214575,"target":0.285538879,"change":0.0061174215},"cash":{"current":0.0,"target":0.0,"change":0.0}}