{"D":-0.0037286761,"MTD":-0.0037286761,"M":-0.0755499761,"YTD":-0.0710984401,"Y":-0.5091450732,"Start (yearly)":4.1907877997}