{"BCH-USD+":{"current":0.347921324,"target":0.30865644,"change":-0.039264884},"BTC-USD":{"current":0.3242484785,"target":0.297245394,"change":-0.0270030845},"LTC-USD+":{"current":0.3278301975,"target":0.313509217,"change":-0.0143209805},"cash":{"current":0.0,"target":0.0805889489,"change":0.0805889489}}