{"XLM-USD+":{"current":0.1293686837,"target":0.207393898,"change":0.0780252143},"XRP-USD+":{"current":0.1765399837,"target":0.233347381,"change":0.0568073973},"cash":{"current":0.6940913326,"target":0.559258721,"change":-0.1348326116}}