{"D":-0.0382384985,"MTD":-0.0382384985,"M":-0.0938022714,"YTD":0.899879306,"Y":0.4426001915,"Start (yearly)":4.9847523411}