{"D":-0.0163111743,"MTD":-0.0137431242,"M":-0.0067495209,"YTD":-0.0717338683,"Y":-0.4190936457,"Start (yearly)":4.3470535424}