{"EOS-USD+":{"current":0.2952786972,"target":0.291789476,"change":-0.0034892212},"ETH-USD+":{"current":0.4954270646,"target":0.495555556,"change":0.0001284914},"cash":{"current":0.2092942382,"target":0.212654968,"change":0.0033607298}}