{"BCH-USD+":{"current":0.18012778,"target":0.154770698,"change":-0.025357082},"BTC-USD":{"current":0.1549717697,"target":0.154740761,"change":-0.0002310087},"LTC-USD+":{"current":0.2634582665,"target":0.2475,"change":-0.0159582665},"cash":{"current":0.4014421838,"target":0.442988541,"change":0.0415463572}}