{"EOS-USD+":{"current":0.5487464771,"target":0.548945684,"change":0.0001992069},"ETH-USD+":{"current":0.4512535229,"target":0.451054316,"change":-0.0001992069},"cash":{"current":0.0,"target":0.0,"change":0.0}}