{"D":0.0568603115,"MTD":0.2848165072,"M":0.438570504,"YTD":0.4477470955,"Y":0.1277858761,"Start (yearly)":5.0814041194}