{"EOS-USD+":{"current":0.2944636919,"target":0.287034586,"change":-0.0074291059},"ETH-USD+":{"current":0.3896121132,"target":0.340646052,"change":-0.0489660612},"cash":{"current":0.3159241949,"target":0.372319361,"change":0.0563951661}}