{"D":-0.0085883305,"MTD":-0.032738703,"M":0.0812991491,"YTD":-0.0018103855,"Y":-0.2525038758,"Start (yearly)":4.9141074576}