{"D":0.0249053306,"MTD":-0.0463255071,"M":0.4405137507,"YTD":1.7070553046,"Y":0.3870412961,"Start (yearly)":3.5336786229}