{"D":0.0289785951,"MTD":0.0903968907,"M":0.0861324854,"YTD":0.0903968907,"Y":-0.5772565249,"Start (yearly)":3.391697545}