{"D":0.0062829722,"MTD":0.0024194364,"M":-0.0243147554,"YTD":0.0344719405,"Y":-0.2162590033,"Start (yearly)":4.9119063618}