{"XLM-USD+":{"current":0.4474229841,"target":0.491954705,"change":0.0445317209},"XRP-USD+":{"current":0.3406949656,"target":0.385555556,"change":0.0448605904},"cash":{"current":0.2118820503,"target":0.122489739,"change":-0.0893923113}}