{"XLM-USD+":{"current":0.3443967435,"target":0.369674685,"change":0.0252779415},"XRP-USD+":{"current":0.3369654584,"target":0.402212274,"change":0.0652468156},"cash":{"current":0.3186377981,"target":0.22811304,"change":-0.0905247581}}