{"D":-0.0132078955,"MTD":0.0260691827,"M":-0.0118028118,"YTD":0.0148380734,"Y":-0.4625253436,"Start (yearly)":4.276067401}