{"XLM-USD+":{"current":0.1223561794,"target":0.0899834711,"change":-0.0323727083},"XRP-USD+":{"current":0.1329419172,"target":0.0849310269,"change":-0.0480108903},"cash":{"current":0.7447019033,"target":0.825085502,"change":0.0803835987}}