{"EOS-USD+":{"current":0.2828778006,"target":0.287190409,"change":0.0043126084},"ETH-USD+":{"current":0.7171221994,"target":0.712809591,"change":-0.0043126084},"cash":{"current":0.0,"target":0.0,"change":0.0}}