{"D":0.0038567596,"MTD":-0.0738576253,"M":0.041989469,"YTD":-0.0293405117,"Y":-0.3807636169,"Start (yearly)":4.1246593581}