{"D":0.0034310739,"MTD":0.2187195851,"M":0.1697706824,"YTD":0.2958849674,"Y":-0.3746428152,"Start (yearly)":3.3236869429}