{"BCH-USD+":{"current":0.3558570875,"target":0.350738419,"change":-0.0051186685},"BTC-USD":{"current":0.3338311017,"target":0.332094208,"change":-0.0017368937},"LTC-USD+":{"current":0.3103118108,"target":0.317167373,"change":0.0068555622},"cash":{"current":0.0,"target":0.0,"change":0.0}}