{"BCH-USD+":{"current":0.0936350564,"target":0.179444444,"change":0.0858093876},"BTC-USD":{"current":0.0749143516,"target":0.197777778,"change":0.1228634264},"LTC-USD+":{"current":0.0761872299,"target":0.184722222,"change":0.1085349921},"cash":{"current":0.7552633621,"target":0.438055556,"change":-0.3172078061}}