{"XLM-USD+":{"current":0.4268751095,"target":0.3975,"change":-0.0293751095},"XRP-USD+":{"current":0.2356833087,"target":0.218190425,"change":-0.0174928837},"cash":{"current":0.3374415817,"target":0.384309575,"change":0.0468679933}}