{"D":-0.0017371018,"MTD":-0.0017371018,"M":-0.0899453389,"YTD":-0.1971808807,"Y":-0.4399109692,"Start (yearly)":3.878446263}