{"D":0.0029900088,"MTD":-0.1025912863,"M":-0.1775425513,"YTD":-0.187140861,"Y":-0.4551656885,"Start (yearly)":3.9159045134}