{"D":-0.0118250934,"MTD":-0.0368934745,"M":-0.1395672056,"YTD":-0.3430482541,"Y":-0.3163802268,"Start (yearly)":5.1517526838}