{"BCH-USD+":{"current":0.4988966601,"target":0.550123817,"change":0.0512271569},"BTC-USD":{"current":0.2504050183,"target":0.217273182,"change":-0.0331318363},"LTC-USD+":{"current":0.2506983216,"target":0.232603001,"change":-0.0180953206},"cash":{"current":0.0,"target":0.0,"change":0.0}}