{"D":-0.0161726987,"MTD":0.1567762196,"M":0.1783090833,"YTD":0.0785528089,"Y":-0.2929276146,"Start (yearly)":4.2043528253}