{"D":0.0025727092,"MTD":-0.0057567919,"M":-0.0328790135,"YTD":-0.0646645802,"Y":-0.4323070753,"Start (yearly)":4.4006929108}