{"D":-0.0622823591,"MTD":0.5386299269,"M":0.5386299269,"YTD":1.7359803865,"Y":0.4309883154,"Start (yearly)":3.5561071941}