{"D":-0.0011644831,"MTD":0.0104841774,"M":-0.0683109361,"YTD":1.4069776772,"Y":0.7682133047,"Start (yearly)":3.281855258}