{"D":0.0034573542,"MTD":-0.1121068744,"M":-0.1374919785,"YTD":1.1149652621,"Y":0.5027485325,"Start (yearly)":3.1964931839}