{"D":-0.0069238304,"MTD":0.2759206557,"M":0.4286100859,"YTD":0.4377231402,"Y":0.1123496476,"Start (yearly)":5.073119969}