{"D":-0.0026219414,"MTD":-0.0404371738,"M":-0.0603230234,"YTD":-0.0404371738,"Y":-0.4334311337,"Start (yearly)":4.4849244078}