{"BCH-USD+":{"current":0.3172288866,"target":0.367287894,"change":0.0500590074},"BTC-USD":{"current":0.2750753531,"target":0.268777653,"change":-0.0062977001},"LTC-USD+":{"current":0.4076957604,"target":0.363934453,"change":-0.0437613074},"cash":{"current":0.0,"target":0.0,"change":0.0}}