{"XLM-USD+":{"current":0.1124516374,"target":0.125655379,"change":0.0132037416},"XRP-USD+":{"current":0.1291979332,"target":0.125833333,"change":-0.0033646002},"cash":{"current":0.7583504294,"target":0.748511288,"change":-0.0098391414}}