{"EOS-USD+":{"current":0.4134965098,"target":0.316388889,"change":-0.0971076208},"ETH-USD+":{"current":0.4886525086,"target":0.340275144,"change":-0.1483773646},"cash":{"current":0.0978509816,"target":0.343335967,"change":0.2454849854}}