{"D":0.0330896833,"MTD":0.0313182572,"M":-0.0365058536,"YTD":-0.2640323503,"Y":-0.3648657882,"Start (yearly)":3.6676498661}