{"D":-0.0085688948,"MTD":0.1203059421,"M":0.1833833411,"YTD":0.1203059421,"Y":-0.5549301866,"Start (yearly)":3.3910247651}