{"D":-0.0100634328,"MTD":-0.0733303606,"M":0.0374460296,"YTD":-0.0287879028,"Y":-0.3334821822,"Start (yearly)":4.1044204844}