{"EOS-USD+":{"current":0.3162597264,"target":0.358333333,"change":0.0420736066},"ETH-USD+":{"current":0.4890937963,"target":0.549895227,"change":0.0608014307},"cash":{"current":0.1946464774,"target":0.0917714396,"change":-0.1028750378}}