{"BCH-USD+":{"current":0.1291038154,"target":0.0734040734,"change":-0.055699742},"BTC-USD":{"current":0.155834814,"target":0.0974620395,"change":-0.0583727745},"LTC-USD+":{"current":0.0394971699,"target":0.0391085868,"change":-0.0003885831},"cash":{"current":0.6755642007,"target":0.7900253,"change":0.1144610993}}