{"D":-0.0288775478,"MTD":0.0486964304,"M":0.1172817076,"YTD":0.0372176486,"Y":-0.3153641154,"Start (yearly)":4.3309439612}