{"XLM-USD+":{"current":0.1476702059,"target":0.148422438,"change":0.0007522321},"XRP-USD+":{"current":0.2268345208,"target":0.214166667,"change":-0.0126678538},"cash":{"current":0.6254952733,"target":0.637410895,"change":0.0119156217}}