{"D":-0.0040657668,"MTD":-0.0308030962,"M":-0.0350836377,"YTD":-0.0308030962,"Y":-0.4716458338,"Start (yearly)":4.5277108191}