{"XLM-USD+":{"current":0.1842896251,"target":0.185277778,"change":0.0009881529},"XRP-USD+":{"current":0.2105017976,"target":0.177838863,"change":-0.0326629346},"cash":{"current":0.6052085773,"target":0.636883359,"change":0.0316747817}}