{"XLM-USD+":{"current":0.0644517171,"target":0.0800638487,"change":0.0156121316},"XRP-USD+":{"current":0.0688464693,"target":0.0694943047,"change":0.0006478354},"cash":{"current":0.8667018137,"target":0.850441847,"change":-0.0162599667}}