{"XLM-USD+":{"current":0.089600091,"target":0.0851669778,"change":-0.0044331132},"XRP-USD+":{"current":0.0642165559,"target":0.0746205649,"change":0.010404009},"cash":{"current":0.8461833531,"target":0.840212457,"change":-0.0059708961}}