{"BCH-USD+":{"current":0.0732970985,"target":0.0877529829,"change":0.0144558844},"BTC-USD":{"current":0.0934860101,"target":0.106634294,"change":0.0131482839},"LTC-USD+":{"current":0.0992300444,"target":0.115587996,"change":0.0163579516},"cash":{"current":0.733986847,"target":0.690024726,"change":-0.043962121}}