{"D":-0.0010343558,"MTD":-0.0374371439,"M":-0.0250505898,"YTD":0.5688465418,"Y":0.2853993063,"Start (yearly)":4.7161363907}