{"EOS-USD+":{"current":0.2073238979,"target":0.18423161,"change":-0.0230922879},"ETH-USD+":{"current":0.2244246137,"target":0.201599347,"change":-0.0228252667},"cash":{"current":0.5682514883,"target":0.614169043,"change":0.0459175547}}