{"D":0.0082842246,"MTD":0.4560084248,"M":0.5157069785,"YTD":0.9575595422,"Y":-0.0331557571,"Start (yearly)":3.4733174206}