{"D":0.0032488879,"MTD":-0.0604604511,"M":-0.0604604511,"YTD":0.4459628284,"Y":0.2748557248,"Start (yearly)":4.5349297056}