{"D":0.0049573693,"MTD":0.0643189488,"M":0.0555199351,"YTD":-0.0076523252,"Y":-0.3536178509,"Start (yearly)":4.1687509318}