{"BCH-USD+":{"current":0.4236156576,"target":0.397186473,"change":-0.0264291846},"BTC-USD":{"current":0.3105789938,"target":0.331731111,"change":0.0211521172},"LTC-USD+":{"current":0.2658053486,"target":0.271082416,"change":0.0052770674},"cash":{"current":0.0,"target":0.0,"change":0.0}}