{"D":0.0278289923,"MTD":0.0773576245,"M":0.1533444008,"YTD":0.0773576245,"Y":-0.3065818365,"Start (yearly)":5.1985148982}