{"EOS-USD+":{"current":0.3547118443,"target":0.399334807,"change":0.0446229627},"ETH-USD+":{"current":0.5528790412,"target":0.600665193,"change":0.0477861518},"cash":{"current":0.0924091146,"target":0.0,"change":-0.0924091146}}