{"EOS-USD+":{"current":0.549358533,"target":0.563195173,"change":0.01383664},"ETH-USD+":{"current":0.450641467,"target":0.436804827,"change":-0.01383664},"cash":{"current":0.0,"target":0.0,"change":0.0}}