{"D":-0.0004946366,"MTD":-0.1209350319,"M":-0.1402925141,"YTD":-0.1209350319,"Y":-0.5168550899,"Start (yearly)":4.9645291657}