{"EOS-USD+":{"current":0.2877991473,"target":0.220570982,"change":-0.0672281653},"ETH-USD+":{"current":0.3453214463,"target":0.258573538,"change":-0.0867479083},"cash":{"current":0.3668794063,"target":0.520855481,"change":0.1539760747}}