{"D":0.0409543579,"MTD":0.1064731895,"M":0.0970337912,"YTD":0.0414138675,"Y":-0.3326403735,"Start (yearly)":4.3784740717}