{"BCH-USD+":{"current":0.2162023431,"target":0.178908792,"change":-0.0372935511},"BTC-USD":{"current":0.2274976155,"target":0.161666667,"change":-0.0658309485},"LTC-USD+":{"current":0.3317960282,"target":0.270277778,"change":-0.0615182502},"cash":{"current":0.2245040132,"target":0.389146764,"change":0.1646427508}}