{"XLM-USD+":{"current":0.1067170555,"target":0.114671597,"change":0.0079545415},"XRP-USD+":{"current":0.1288510369,"target":0.129166667,"change":0.0003156301},"cash":{"current":0.7644319076,"target":0.756161736,"change":-0.0082701716}}