{"EOS-USD+":{"current":0.0614915885,"target":0.0591666667,"change":-0.0023249218},"ETH-USD+":{"current":0.0510777031,"target":0.0522438947,"change":0.0011661916},"cash":{"current":0.8874307084,"target":0.888589439,"change":0.0011587306}}