{"XLM-USD+":{"current":0.1150759063,"target":0.11606363,"change":0.0009877237},"XRP-USD+":{"current":0.1439599054,"target":0.132657227,"change":-0.0113026784},"cash":{"current":0.7409641883,"target":0.751279143,"change":0.0103149547}}