{"D":-0.0182989274,"MTD":-0.1553736731,"M":0.3670322583,"YTD":0.770792432,"Y":0.1357602889,"Start (yearly)":5.0066701683}