{"BCH-USD+":{"current":0.2584095605,"target":0.249459528,"change":-0.0089500325},"BTC-USD":{"current":0.3437826511,"target":0.355453124,"change":0.0116704729},"LTC-USD+":{"current":0.3978077884,"target":0.395087348,"change":-0.0027204404},"cash":{"current":0.0,"target":0.0,"change":0.0}}