{"EOS-USD+":{"current":0.5856753652,"target":0.586537692,"change":0.0008623268},"ETH-USD+":{"current":0.321063599,"target":0.357495525,"change":0.036431926},"cash":{"current":0.0932610358,"target":0.055966783,"change":-0.0372942528}}