{"EOS-USD+":{"current":0.0930279684,"target":0.107777778,"change":0.0147498096},"ETH-USD+":{"current":0.0853796832,"target":0.0907473438,"change":0.0053676606},"cash":{"current":0.8215923484,"target":0.801474878,"change":-0.0201174704}}