{"EOS-USD+":{"current":0.5228340927,"target":0.584327196,"change":0.0614931033},"ETH-USD+":{"current":0.2933359496,"target":0.321639467,"change":0.0283035174},"cash":{"current":0.1838299577,"target":0.0940333367,"change":-0.089796621}}