{"D":-0.0027564001,"MTD":-0.0043563246,"M":-0.0574947484,"YTD":0.5323077635,"Y":0.3516714631,"Start (yearly)":4.6391819107}