{"EOS-USD+":{"current":0.6218297509,"target":0.630749136,"change":0.0089193851},"ETH-USD+":{"current":0.3781702491,"target":0.369250864,"change":-0.0089193851},"cash":{"current":0.0,"target":0.0,"change":0.0}}