{"XLM-USD+":{"current":0.1660087835,"target":0.224301289,"change":0.0582925055},"XRP-USD+":{"current":0.1450493868,"target":0.179166667,"change":0.0341172802},"cash":{"current":0.6889418297,"target":0.596532044,"change":-0.0924097857}}