{"EOS-USD+":{"current":0.2407041666,"target":0.256611667,"change":0.0159075004},"ETH-USD+":{"current":0.4394962501,"target":0.494166667,"change":0.0546704169},"cash":{"current":0.3197995833,"target":0.249221666,"change":-0.0705779173}}