{"EOS-USD+":{"current":0.0262227608,"target":0.022231409,"change":-0.0039913518},"ETH-USD+":{"current":0.0891317389,"target":0.039511753,"change":-0.0496199859},"cash":{"current":0.8846455003,"target":0.938256838,"change":0.0536113377}}