{"D":-0.0105904563,"MTD":0.006921432,"M":-0.0047128988,"YTD":-0.0041000906,"Y":-0.374657163,"Start (yearly)":4.2756910418}