{"XLM-USD+":{"current":0.0504717684,"target":0.0449037715,"change":-0.0055679969},"XRP-USD+":{"current":0.0916351046,"target":0.0834252748,"change":-0.0082098298},"cash":{"current":0.857893127,"target":0.871670954,"change":0.013777827}}