{"EOS-USD+":{"current":0.1037915443,"target":0.1075,"change":0.0037084557},"ETH-USD+":{"current":0.0956114916,"target":0.107950014,"change":0.0123385224},"cash":{"current":0.8005969641,"target":0.784549986,"change":-0.0160469781}}