{"BCH-USD+":{"current":0.154402894,"target":0.181584095,"change":0.027181201},"BTC-USD":{"current":0.2298479604,"target":0.221830361,"change":-0.0080175994},"LTC-USD+":{"current":0.6157491456,"target":0.596585544,"change":-0.0191636016},"cash":{"current":0.0,"target":0.0,"change":0.0}}