{"BCH-USD+":{"current":0.0716053752,"target":0.0873898814,"change":0.0157845062},"BTC-USD":{"current":0.1207477523,"target":0.152820964,"change":0.0320732117},"LTC-USD+":{"current":0.085312732,"target":0.0875525766,"change":0.0022398446},"cash":{"current":0.7223341405,"target":0.672236578,"change":-0.0500975625}}