{"BCH-USD+":{"current":0.1423798162,"target":0.0486129186,"change":-0.0937668976},"BTC-USD":{"current":0.1028965388,"target":0.0609132027,"change":-0.0419833361},"LTC-USD+":{"current":0.0894225877,"target":0.0447225475,"change":-0.0447000402},"cash":{"current":0.6653010573,"target":0.845751331,"change":0.1804502737}}