{"EOS-USD+":{"current":0.1834411178,"target":0.212125641,"change":0.0286845232},"ETH-USD+":{"current":0.194033637,"target":0.19822621,"change":0.004192573},"cash":{"current":0.6225252452,"target":0.589648149,"change":-0.0328770962}}