{"BCH-USD+":{"current":0.3111910893,"target":0.373734118,"change":0.0625430287},"BTC-USD":{"current":0.4863028711,"target":0.402078401,"change":-0.0842244701},"LTC-USD+":{"current":0.2025060397,"target":0.224187481,"change":0.0216814413},"cash":{"current":0.0,"target":0.0,"change":0.0}}