{"D":0.0085718135,"MTD":-0.000894126,"M":-0.127816891,"YTD":-0.0684555677,"Y":-0.5078687597,"Start (yearly)":4.1871408919}