{"D":-0.003330588,"MTD":-0.0263902923,"M":-0.1122081351,"YTD":-0.1907403698,"Y":0.2832197823,"Start (yearly)":4.6258826442}