{"BCH-USD+":{"current":0.1172527494,"target":0.147222222,"change":0.0299694726},"BTC-USD":{"current":0.155813302,"target":0.184834998,"change":0.029021696},"LTC-USD+":{"current":0.126874837,"target":0.131388889,"change":0.004514052},"cash":{"current":0.6000591117,"target":0.536553891,"change":-0.0635052207}}