{"D":-0.018336522,"MTD":-0.08537572,"M":0.0115685293,"YTD":-0.08537572,"Y":-0.549597244,"Start (yearly)":5.0409370956}