{"EOS-USD+":{"current":0.1010955572,"target":0.105277778,"change":0.0041822208},"ETH-USD+":{"current":0.1285995024,"target":0.110343859,"change":-0.0182556434},"cash":{"current":0.7703049404,"target":0.784378363,"change":0.0140734226}}