{"D":0.0063598142,"MTD":0.050036576,"M":0.0564556074,"YTD":0.050036576,"Y":-0.5858382787,"Start (yearly)":3.3679840095}