{"D":-0.0002006213,"MTD":-0.0379146424,"M":-0.0578527686,"YTD":-0.0379146424,"Y":-0.4309985212,"Start (yearly)":4.4896208441}