{"XLM-USD+":{"current":0.1391802063,"target":0.173611111,"change":0.0344309047},"XRP-USD+":{"current":0.2153727174,"target":0.269059701,"change":0.0536869836},"cash":{"current":0.6454470763,"target":0.557329188,"change":-0.0881178883}}