{"XLM-USD+":{"current":0.2066673064,"target":0.240555556,"change":0.0338882496},"XRP-USD+":{"current":0.218740227,"target":0.206111111,"change":-0.012629116},"cash":{"current":0.5745924666,"target":0.553333333,"change":-0.0212591336}}