{"EOS-USD+":{"current":0.5553577099,"target":0.523144534,"change":-0.0322131759},"ETH-USD+":{"current":0.4446422901,"target":0.476855466,"change":0.0322131759},"cash":{"current":0.0,"target":0.0,"change":0.0}}