{"D":0.0114647251,"MTD":-0.0782241493,"M":-0.0908041249,"YTD":-0.2914426402,"Y":-0.4962782204,"Start (yearly)":3.689137447}