{"D":-0.0047873563,"MTD":-0.0176358054,"M":-0.1172199468,"YTD":0.4213845062,"Y":0.3351003475,"Start (yearly)":4.474535878}