{"BCH-USD+":{"current":0.183874993,"target":0.155263872,"change":-0.028611121},"BTC-USD":{"current":0.1761130258,"target":0.154223652,"change":-0.0218893738},"LTC-USD+":{"current":0.2548442363,"target":0.2225,"change":-0.0323442363},"cash":{"current":0.3851677448,"target":0.468012476,"change":0.0828447312}}