{"BCH-USD+":{"current":0.0515527154,"target":0.0776852165,"change":0.0261325011},"BTC-USD":{"current":0.0665367234,"target":0.0690428437,"change":0.0025061203},"LTC-USD+":{"current":0.0455172784,"target":0.061465848,"change":0.0159485696},"cash":{"current":0.8363932828,"target":0.791806092,"change":-0.0445871908}}