{"D":0.009208152,"MTD":0.1159743801,"M":0.1756997251,"YTD":0.1037591899,"Y":-0.280092048,"Start (yearly)":4.3521795798}