{"BCH-USD+":{"current":0.1762706692,"target":0.122222222,"change":-0.0540484472},"BTC-USD":{"current":0.1690228475,"target":0.140043484,"change":-0.0289793635},"LTC-USD+":{"current":0.0903701657,"target":0.0465197103,"change":-0.0438504554},"cash":{"current":0.5643363176,"target":0.691214583,"change":0.1268782654}}