{"D":-0.0508718367,"MTD":-0.0508718367,"M":0.0835863227,"YTD":2.0758168795,"Y":0.8012169608,"Start (yearly)":3.5480818167}