{"BCH-USD+":{"current":0.1223688961,"target":0.152777778,"change":0.0304088819},"BTC-USD":{"current":0.1713710938,"target":0.170551411,"change":-0.0008196828},"LTC-USD+":{"current":0.1266144613,"target":0.140277778,"change":0.0136633167},"cash":{"current":0.5796455488,"target":0.536393034,"change":-0.0432525148}}