{"D":-0.0003757024,"MTD":-0.1816518957,"M":-0.1816518957,"YTD":0.6165781497,"Y":0.251843832,"Start (yearly)":4.7869097339}