{"D":-0.0158208959,"MTD":-0.0595132383,"M":0.0126915429,"YTD":-0.0595132383,"Y":-0.616886659,"Start (yearly)":3.2891986361}