{"BCH-USD+":{"current":0.1573126596,"target":0.143509422,"change":-0.0138032376},"BTC-USD":{"current":0.1315576645,"target":0.131388889,"change":-0.0001687755},"LTC-USD+":{"current":0.1502686035,"target":0.105827303,"change":-0.0444413005},"cash":{"current":0.5608610724,"target":0.619274386,"change":0.0584133136}}