{"D":-0.0296422048,"MTD":-0.0161334316,"M":-0.0485236011,"YTD":-0.297894747,"Y":-0.4153506929,"Start (yearly)":3.6249774042}