{"D":0.0053493082,"MTD":-0.1064440869,"M":-0.1383497293,"YTD":1.1284540464,"Y":0.6039378824,"Start (yearly)":3.202990685}