{"XLM-USD+":{"current":0.0649654131,"target":0.0585790612,"change":-0.0063863519},"XRP-USD+":{"current":0.0369271602,"target":0.0411587929,"change":0.0042316327},"cash":{"current":0.8981074267,"target":0.900262146,"change":0.0021547193}}