{"D":0.0018013062,"MTD":-0.004499344,"M":-0.020886613,"YTD":-0.2347713211,"Y":-0.3670916898,"Start (yearly)":3.7483833774}