{"BCH-USD+":{"current":0.0930747379,"target":0.147222222,"change":0.0541474841},"BTC-USD":{"current":0.0794445728,"target":0.0844444444,"change":0.0049998716},"LTC-USD+":{"current":0.0829044832,"target":0.0869537591,"change":0.0040492759},"cash":{"current":0.7445762061,"target":0.681379574,"change":-0.0631966321}}