{"D":-0.0521924357,"MTD":0.0924657906,"M":0.0924657906,"YTD":0.0185911736,"Y":-0.339786902,"Start (yearly)":4.1682368785}