{"XLM-USD+":{"current":0.0591058172,"target":0.070418792,"change":0.0113129748},"XRP-USD+":{"current":0.0910214768,"target":0.107988664,"change":0.0169671872},"cash":{"current":0.849872706,"target":0.821592544,"change":-0.028280162}}