{"XLM-USD+":{"current":0.0171246182,"target":0.0387877145,"change":0.0216630963},"XRP-USD+":{"current":0.0355265193,"target":0.0394990677,"change":0.0039725484},"cash":{"current":0.9473488625,"target":0.921713218,"change":-0.0256356445}}