{"EOS-USD+":{"current":0.3203895551,"target":0.357981901,"change":0.0375923459},"ETH-USD+":{"current":0.2357038347,"target":0.249918268,"change":0.0142144333},"cash":{"current":0.4439066101,"target":0.392099832,"change":-0.0518067781}}