{"D":-0.0766313379,"MTD":0.1835495227,"M":0.1489758474,"YTD":0.0451916281,"Y":-0.2525765342,"Start (yearly)":4.9930747289}