{"XLM-USD+":{"current":0.1775262661,"target":0.173055556,"change":-0.0044707101},"XRP-USD+":{"current":0.1623333432,"target":0.1675,"change":0.0051666568},"cash":{"current":0.6601403907,"target":0.659444444,"change":-0.0006959467}}