{"D":0.0214395294,"MTD":0.0169898072,"M":-0.0221087008,"YTD":0.5651597209,"Y":0.3897557754,"Start (yearly)":4.6435050951}