{"D":0.043313184,"MTD":-0.08218529,"M":0.1133462216,"YTD":0.924234766,"Y":0.4005433478,"Start (yearly)":5.0396125531}