{"XLM-USD+":{"current":0.038866998,"target":0.0294147133,"change":-0.0094522847},"XRP-USD+":{"current":0.0836909626,"target":0.0307109294,"change":-0.0529800332},"cash":{"current":0.8774420395,"target":0.939874357,"change":0.0624323175}}