{"EOS-USD+":{"current":0.0256814187,"target":0.0265379079,"change":0.0008564892},"ETH-USD+":{"current":0.090032912,"target":0.0790432144,"change":-0.0109896976},"cash":{"current":0.8842856694,"target":0.894418878,"change":0.0101332086}}