{"D":-0.0028880549,"MTD":-0.0032355317,"M":-0.1317603258,"YTD":1.1115191841,"Y":0.58569853,"Start (yearly)":3.185027342}