{"BCH-USD+":{"current":0.3489278667,"target":0.34603254,"change":-0.0028953267},"BTC-USD":{"current":0.2931468594,"target":0.286480902,"change":-0.0066659574},"LTC-USD+":{"current":0.3579252739,"target":0.367486558,"change":0.0095612841},"cash":{"current":0.0,"target":0.0,"change":0.0}}