{"D":0.0698678033,"MTD":0.0917263013,"M":0.1413705267,"YTD":0.4505804645,"Y":0.3523687725,"Start (yearly)":2.9104372174}