{"D":-0.017134876,"MTD":0.0128809282,"M":-0.0097783917,"YTD":-0.047131124,"Y":-0.4115019804,"Start (yearly)":4.3949568346}