{"D":0.0128932206,"MTD":0.0865203615,"M":0.1991000161,"YTD":0.2243045515,"Y":-0.3431937688,"Start (yearly)":4.9060340814}