{"D":0.0432116,"MTD":0.027621576,"M":-0.0003832285,"YTD":-0.1458459689,"Y":0.3832434738,"Start (yearly)":4.6461642498}