{"XLM-USD+":{"current":0.2455835962,"target":0.180516549,"change":-0.0650670472},"XRP-USD+":{"current":0.2511625713,"target":0.164444444,"change":-0.0867181273},"cash":{"current":0.5032538324,"target":0.655039007,"change":0.1517851746}}