{"XLM-USD+":{"current":0.0799090281,"target":0.0622059762,"change":-0.0177030519},"XRP-USD+":{"current":0.0846919533,"target":0.104148664,"change":0.0194567107},"cash":{"current":0.8353990186,"target":0.83364536,"change":-0.0017536586}}