{"D":-0.0239380208,"MTD":-0.0514008979,"M":0.0084945507,"YTD":-0.0514008979,"Y":-0.6135686135,"Start (yearly)":3.3016237354}