{"XLM-USD+":{"current":0.0380914255,"target":0.0182126614,"change":-0.0198787641},"XRP-USD+":{"current":0.0391204476,"target":0.0463577011,"change":0.0072372535},"cash":{"current":0.9227881269,"target":0.935429638,"change":0.0126415111}}