{"BCH-USD+":{"current":0.3037653195,"target":0.306362463,"change":0.0025971435},"BTC-USD":{"current":0.4707424772,"target":0.498117474,"change":0.0273749968},"LTC-USD+":{"current":0.2254922033,"target":0.195520063,"change":-0.0299721403},"cash":{"current":0.0,"target":0.0,"change":0.0}}