{"BCH-USD+":{"current":0.0230242871,"target":0.0306007071,"change":0.00757642},"BTC-USD":{"current":0.0534207883,"target":0.0806132255,"change":0.0271924372},"LTC-USD+":{"current":0.039575064,"target":0.0410012215,"change":0.0014261575},"cash":{"current":0.8839798605,"target":0.847784846,"change":-0.0361950145}}