{"BCH-USD+":{"current":0.3703183708,"target":0.366236363,"change":-0.0040820078},"BTC-USD":{"current":0.2661538714,"target":0.272497924,"change":0.0063440526},"LTC-USD+":{"current":0.3635277578,"target":0.361265714,"change":-0.0022620438},"cash":{"current":0.0,"target":0.0,"change":0.0}}