{"EOS-USD+":{"current":0.3450351967,"target":0.36858921,"change":0.0235540133},"ETH-USD+":{"current":0.2831135695,"target":0.338611111,"change":0.0554975415},"cash":{"current":0.3718512338,"target":0.292799678,"change":-0.0790515558}}