{"BCH-USD+":{"current":0.1190695571,"target":0.122507436,"change":0.0034378789},"BTC-USD":{"current":0.0968644366,"target":0.101666667,"change":0.0048022304},"LTC-USD+":{"current":0.3063035612,"target":0.320916222,"change":0.0146126608},"cash":{"current":0.4777624451,"target":0.454909676,"change":-0.0228527691}}