{"D":0.0051305201,"MTD":-0.2061743727,"M":-0.2061743727,"YTD":1.572531675,"Y":0.45405194,"Start (yearly)":3.399970437}