{"D":0.1232200642,"MTD":0.1495512855,"M":0.1179216929,"YTD":-0.215871034,"Y":-0.189890999,"Start (yearly)":5.2415859245}