{"D":0.0070430078,"MTD":-0.0208740407,"M":-0.1729032873,"YTD":-0.0870844025,"Y":-0.4300849581,"Start (yearly)":4.1567531848}