{"EOS-USD+":{"current":0.5467947497,"target":0.395,"change":-0.1517947497},"ETH-USD+":{"current":0.3350164991,"target":0.235277778,"change":-0.0997387211},"cash":{"current":0.1181887512,"target":0.369722222,"change":0.2515334708}}