{"XLM-USD+":{"current":0.1713741829,"target":0.176111111,"change":0.0047369281},"XRP-USD+":{"current":0.267292002,"target":0.273888889,"change":0.006596887},"cash":{"current":0.5613338151,"target":0.55,"change":-0.0113338151}}