{"D":-0.0033282158,"MTD":0.6667656537,"M":0.7375213066,"YTD":1.09055253,"Y":0.4047880154,"Start (yearly)":5.16110235}