{"BCH-USD+":{"current":0.1447063342,"target":0.139774518,"change":-0.0049318162},"BTC-USD":{"current":0.1437664753,"target":0.139166667,"change":-0.0045998083},"LTC-USD+":{"current":0.2308406872,"target":0.223055556,"change":-0.0077851312},"cash":{"current":0.4806865032,"target":0.498003259,"change":0.0173167558}}