{"BCH-USD+":{"current":0.4116908818,"target":0.401476057,"change":-0.0102148248},"BTC-USD":{"current":0.3112093356,"target":0.316272369,"change":0.0050630334},"LTC-USD+":{"current":0.2636578682,"target":0.282251574,"change":0.0185937058},"cash":{"current":0.0134419144,"target":0.0,"change":-0.0134419144}}