{"XLM-USD+":{"current":0.2036317302,"target":0.176561581,"change":-0.0270701492},"XRP-USD+":{"current":0.199489907,"target":0.194166667,"change":-0.00532324},"cash":{"current":0.5968783628,"target":0.629271753,"change":0.0323933902}}