{"BCH-USD+":{"current":0.3188953766,"target":0.465869988,"change":0.1469746114},"BTC-USD":{"current":0.2553388716,"target":0.267463304,"change":0.0121244324},"LTC-USD+":{"current":0.2869751379,"target":0.266666709,"change":-0.0203084289},"cash":{"current":0.1387906139,"target":0.0,"change":-0.1387906139}}