{"D":-0.0533530541,"MTD":-0.1634577909,"M":-0.1040100857,"YTD":0.65251908,"Y":0.2750600942,"Start (yearly)":4.847803636}