{"EOS-USD+":{"current":0.5023312513,"target":0.48892695,"change":-0.0134043013},"ETH-USD+":{"current":0.4976687487,"target":0.51107305,"change":0.0134043013},"cash":{"current":0.0,"target":0.0,"change":0.0}}