{"D":0.0082826311,"MTD":0.03366065,"M":-0.0535680074,"YTD":0.2964761316,"Y":-0.3789317289,"Start (yearly)":4.9118467625}