{"XLM-USD+":{"current":0.0782288731,"target":0.0783419466,"change":0.0001130735},"XRP-USD+":{"current":0.1240899785,"target":0.121083756,"change":-0.0030062225},"cash":{"current":0.7976811483,"target":0.800574297,"change":0.0028931487}}