{"D":0.0199108045,"MTD":0.075907724,"M":0.0832758832,"YTD":0.0126456155,"Y":-0.359109873,"Start (yearly)":4.3753767541}