{"EOS-USD+":{"current":0.3929683202,"target":0.353239312,"change":-0.0397290082},"ETH-USD+":{"current":0.5996697791,"target":0.506054239,"change":-0.0936155401},"cash":{"current":0.0073619007,"target":0.140706449,"change":0.1333445483}}