{"EOS-USD+":{"current":0.2904194792,"target":0.334387119,"change":0.0439676398},"ETH-USD+":{"current":0.3772493167,"target":0.506293777,"change":0.1290444603},"cash":{"current":0.3323312041,"target":0.159319105,"change":-0.1730120991}}