{"BCH-USD+":{"current":0.3646943037,"target":0.348745353,"change":-0.0159489507},"BTC-USD":{"current":0.2701859081,"target":0.279391264,"change":0.0092053559},"LTC-USD+":{"current":0.3651197882,"target":0.371863383,"change":0.0067435948},"cash":{"current":0.0,"target":0.0,"change":0.0}}