{"D":-0.0047263489,"MTD":-0.0160809856,"M":-0.0882546017,"YTD":-0.2087164633,"Y":-0.4070629471,"Start (yearly)":3.8520244744}