{"D":0.0016697569,"MTD":-0.044666542,"M":-0.1085450277,"YTD":-0.1346735102,"Y":-0.3862956286,"Start (yearly)":3.9841735896}