{"D":0.0115368531,"MTD":-0.0853523163,"M":-0.049700969,"YTD":-0.0853523163,"Y":-0.477151898,"Start (yearly)":5.0165418356}