{"EOS-USD+":{"current":0.0903496034,"target":0.132832508,"change":0.0424829046},"ETH-USD+":{"current":0.0275773333,"target":0.0656348246,"change":0.0380574913},"cash":{"current":0.8820730632,"target":0.801532668,"change":-0.0805403952}}