{"D":0.0097720988,"MTD":0.0305390877,"M":0.0025067263,"YTD":-0.0305191905,"Y":-0.4034593184,"Start (yearly)":4.4087251834}