{"D":-0.0508622801,"MTD":-0.1845963228,"M":-0.1050102039,"YTD":1.642459144,"Y":0.5893796338,"Start (yearly)":3.4430942184}