{"D":0.0455331456,"MTD":0.0432493354,"M":-0.139173858,"YTD":-0.078707354,"Y":-0.346760266,"Start (yearly)":4.9631533176}