{"BCH-USD+":{"current":0.2923312549,"target":0.280832446,"change":-0.0114988089},"BTC-USD":{"current":0.2951707172,"target":0.348350479,"change":0.0531797618},"LTC-USD+":{"current":0.4124980278,"target":0.370817075,"change":-0.0416809528},"cash":{"current":0.0,"target":0.0,"change":0.0}}