{"XLM-USD+":{"current":0.0707642318,"target":0.0438779948,"change":-0.026886237},"XRP-USD+":{"current":0.0606825185,"target":0.0455555556,"change":-0.0151269629},"cash":{"current":0.8685532497,"target":0.91056645,"change":0.0420132003}}