{"D":-0.0066022721,"MTD":-0.0060166773,"M":-0.0689282949,"YTD":0.4381962434,"Y":0.282010987,"Start (yearly)":4.5232560365}