{"EOS-USD+":{"current":0.6818042892,"target":0.664982202,"change":-0.0168220872},"ETH-USD+":{"current":0.3181957108,"target":0.335017798,"change":0.0168220872},"cash":{"current":0.0,"target":0.0,"change":0.0}}