{"XLM-USD+":{"current":0.0309531951,"target":0.029122928,"change":-0.0018302671},"XRP-USD+":{"current":0.0978748774,"target":0.0827777778,"change":-0.0150970996},"cash":{"current":0.8711719275,"target":0.888099294,"change":0.0169273665}}