{"D":-0.0160974273,"MTD":-0.0082224615,"M":-0.023378835,"YTD":-0.0190782226,"Y":-0.4805244843,"Start (yearly)":4.2447218451}