{"EOS-USD+":{"current":0.044996074,"target":0.0323925455,"change":-0.0126035285},"ETH-USD+":{"current":0.0802501472,"target":0.0388689525,"change":-0.0413811947},"cash":{"current":0.8747537788,"target":0.928738502,"change":0.0539847232}}