{"D":0.0027653175,"MTD":0.1637664087,"M":0.164507632,"YTD":0.0633167656,"Y":-0.5318473343,"Start (yearly)":3.263055781}