{"XLM-USD+":{"current":0.4087759046,"target":0.413888889,"change":0.0051129844},"XRP-USD+":{"current":0.2156597359,"target":0.213611111,"change":-0.0020486249},"cash":{"current":0.3755643595,"target":0.3725,"change":-0.0030643595}}