{"D":-0.0531343291,"MTD":-0.0796930382,"M":0.0354241298,"YTD":-0.0354564168,"Y":-0.3834349612,"Start (yearly)":4.1235931635}