{"D":0.0161115038,"MTD":0.186466035,"M":0.3027335473,"YTD":0.3375551962,"Y":0.0421897991,"Start (yearly)":5.0381615134}