{"D":0.1424758329,"MTD":0.2644471637,"M":0.1837965117,"YTD":0.1789428388,"Y":-0.2753415405,"Start (yearly)":4.2949394778}