{"D":-0.0288977031,"MTD":0.0874299377,"M":0.0474068749,"YTD":-0.006430779,"Y":-0.5569774635,"Start (yearly)":3.2589316346}