{"EOS-USD+":{"current":0.6834582552,"target":0.664982202,"change":-0.0184760532},"ETH-USD+":{"current":0.3165417448,"target":0.335017798,"change":0.0184760532},"cash":{"current":0.0,"target":0.0,"change":0.0}}