{"XLM-USD+":{"current":0.1719182145,"target":0.140271866,"change":-0.0316463485},"XRP-USD+":{"current":0.1742015615,"target":0.149832158,"change":-0.0243694035},"cash":{"current":0.653880224,"target":0.709895975,"change":0.056015751}}