{"BCH-USD+":{"current":0.0990817801,"target":0.125141163,"change":0.0260593829},"BTC-USD":{"current":0.1380660559,"target":0.142046538,"change":0.0039804821},"LTC-USD+":{"current":0.0437432168,"target":0.0484346077,"change":0.0046913909},"cash":{"current":0.7191089472,"target":0.684377691,"change":-0.0347312562}}