{"D":-0.0347128603,"MTD":-0.0243595806,"M":0.0928521626,"YTD":0.0068366605,"Y":-0.2452569161,"Start (yearly)":4.9300344343}