{"EOS-USD+":{"current":0.4621431359,"target":0.514722222,"change":0.0525790861},"ETH-USD+":{"current":0.3381635135,"target":0.332539025,"change":-0.0056244885},"cash":{"current":0.1996933506,"target":0.152738752,"change":-0.0469545986}}