{"BCH-USD+":{"current":0.0592518905,"target":0.149444444,"change":0.0901925535},"BTC-USD":{"current":0.0761657398,"target":0.104444444,"change":0.0282787042},"LTC-USD+":{"current":0.0546959356,"target":0.0837929724,"change":0.0290970368},"cash":{"current":0.8098864341,"target":0.662318139,"change":-0.1475682951}}