{"EOS-USD+":{"current":0.2212651059,"target":0.2375,"change":0.0162348941},"ETH-USD+":{"current":0.1534881536,"target":0.172820396,"change":0.0193322424},"cash":{"current":0.6252467404,"target":0.589679604,"change":-0.0355671364}}