{"D":-0.0016223442,"MTD":-0.0184076987,"M":-0.1179528433,"YTD":0.4202676524,"Y":0.3301904823,"Start (yearly)":4.4630750993}