{"D":-0.0094848478,"MTD":-0.0678010658,"M":-0.1762140957,"YTD":-0.0678010658,"Y":-0.5932520077,"Start (yearly)":3.2727118156}