{"D":-0.0099901415,"MTD":0.1598547018,"M":0.1152186269,"YTD":0.0597426948,"Y":-0.540596778,"Start (yearly)":3.2653210753}