{"D":0.0037022053,"MTD":0.0037022053,"M":0.3373957302,"YTD":0.7847758577,"Y":-0.2360912891,"Start (yearly)":3.3997088292}