{"D":0.0355454541,"MTD":0.0251695487,"M":-0.0383566243,"YTD":0.2858261082,"Y":-0.3582582429,"Start (yearly)":4.9161175482}