{"D":0.0154931298,"MTD":0.0698967049,"M":0.2600952647,"YTD":2.036958178,"Y":0.7043442575,"Start (yearly)":3.5670181378}