{"BCH-USD+":{"current":0.2449058267,"target":0.24990677,"change":0.0050009433},"BTC-USD":{"current":0.2296136762,"target":0.244456295,"change":0.0148426188},"LTC-USD+":{"current":0.525480497,"target":0.505636934,"change":-0.019843563},"cash":{"current":0.0,"target":0.0,"change":0.0}}