{"D":-0.0007387904,"MTD":-0.0797023906,"M":-0.0877347802,"YTD":-0.2925789455,"Y":-0.508118465,"Start (yearly)":3.6840045359}