{"D":-0.0012597039,"MTD":-0.0012597039,"M":-0.0724150382,"YTD":-0.0604339396,"Y":-0.4367847142,"Start (yearly)":4.4446088908}