{"BCH-USD+":{"current":0.1463566046,"target":0.140392556,"change":-0.0059640486},"BTC-USD":{"current":0.1496987015,"target":0.157663982,"change":0.0079652805},"LTC-USD+":{"current":0.0457496017,"target":0.0453537886,"change":-0.0003958131},"cash":{"current":0.6581950922,"target":0.656589673,"change":-0.0016054192}}