{"EOS-USD+":{"current":0.4523808107,"target":0.351388889,"change":-0.1009919217},"ETH-USD+":{"current":0.5476191893,"target":0.505623916,"change":-0.0419952733},"cash":{"current":0.0,"target":0.142987195,"change":0.142987195}}