{"EOS-USD+":{"current":0.343749127,"target":0.340555556,"change":-0.003193571},"ETH-USD+":{"current":0.4086488031,"target":0.400028341,"change":-0.0086204621},"cash":{"current":0.2476020699,"target":0.259416103,"change":0.0118140331}}