{"D":0.2461262889,"MTD":0.4057729232,"M":0.3454740419,"YTD":1.4997350425,"Y":0.1214382229,"Start (yearly)":3.5459254053}