{"XLM-USD+":{"current":0.0436487584,"target":0.0571823465,"change":0.0135335881},"XRP-USD+":{"current":0.0460111566,"target":0.0586914292,"change":0.0126802726},"cash":{"current":0.910340085,"target":0.884126224,"change":-0.026213861}}