{"D":-0.0017319558,"MTD":0.2531653017,"M":0.3656066453,"YTD":0.4120821265,"Y":-0.0942150597,"Start (yearly)":5.0265320945}