{"D":0.0442905293,"MTD":0.0415358016,"M":0.0491389297,"YTD":-0.0197052784,"Y":-0.3819710142,"Start (yearly)":4.3609311996}