{"EOS-USD+":{"current":0.3210266742,"target":0.285989934,"change":-0.0350367402},"ETH-USD+":{"current":0.6052162107,"target":0.604189305,"change":-0.0010269057},"cash":{"current":0.0737571152,"target":0.109820761,"change":0.0360636458}}