{"XLM-USD+":{"current":0.2158731511,"target":0.214386999,"change":-0.0014861521},"XRP-USD+":{"current":0.1699265906,"target":0.168055556,"change":-0.0018710346},"cash":{"current":0.6142002583,"target":0.617557445,"change":0.0033571867}}