{"D":0.0124539436,"MTD":0.2088619693,"M":0.1253347133,"YTD":0.2854031992,"Y":-0.3817899322,"Start (yearly)":3.3136554925}