{"XLM-USD+":{"current":0.1120953686,"target":0.127461587,"change":0.0153662184},"XRP-USD+":{"current":0.1266107933,"target":0.153333333,"change":0.0267225397},"cash":{"current":0.7612938381,"target":0.71920508,"change":-0.0420887581}}