{"D":-0.0003018996,"MTD":0.0047804148,"M":-0.176391615,"YTD":-0.1126792268,"Y":-0.3625161879,"Start (yearly)":4.9472002519}