{"EOS-USD+":{"current":0.16313201,"target":0.147099979,"change":-0.016032031},"ETH-USD+":{"current":0.5230602733,"target":0.5078205,"change":-0.0152397733},"cash":{"current":0.3138077167,"target":0.345079522,"change":0.0312718053}}