{"D":-0.0628294313,"MTD":-0.0675930094,"M":0.0840841008,"YTD":-0.0377791633,"Y":-0.3064054902,"Start (yearly)":4.9122996624}