{"BCH-USD+":{"current":0.3472581753,"target":0.351575354,"change":0.0043171787},"BTC-USD":{"current":0.2858534454,"target":0.297694113,"change":0.0118406676},"LTC-USD+":{"current":0.3668883793,"target":0.350730532,"change":-0.0161578473},"cash":{"current":0.0,"target":0.0,"change":0.0}}