{"D":0.0054341653,"MTD":0.0488643197,"M":0.0289183431,"YTD":0.6142149844,"Y":0.4457948375,"Start (yearly)":4.6362571241}