{"D":0.0038783509,"MTD":0.2006031824,"M":0.152853857,"YTD":0.0602517013,"Y":-0.2648315623,"Start (yearly)":5.0236603115}