{"BCH-USD+":{"current":0.3750963433,"target":0.365277778,"change":-0.0098185653},"BTC-USD":{"current":0.1979358429,"target":0.199629885,"change":0.0016940421},"LTC-USD+":{"current":0.2492150477,"target":0.251109022,"change":0.0018939743},"cash":{"current":0.1777527661,"target":0.183983315,"change":0.0062305489}}