{"BCH-USD+":{"current":0.393211858,"target":0.382714547,"change":-0.010497311},"BTC-USD":{"current":0.3328032934,"target":0.340305048,"change":0.0075017546},"LTC-USD+":{"current":0.2739848486,"target":0.276980404,"change":0.0029955554},"cash":{"current":0.0,"target":0.0,"change":0.0}}