{"D":-0.00613869,"MTD":-0.0312233634,"M":-0.0415242261,"YTD":-0.2208942077,"Y":-0.3934264238,"Start (yearly)":3.8184616896}