{"BCH-USD+":{"current":0.2104188709,"target":0.20827067,"change":-0.0021482009},"BTC-USD":{"current":0.2081792407,"target":0.224552258,"change":0.0163730173},"LTC-USD+":{"current":0.5814018884,"target":0.567177072,"change":-0.0142248164},"cash":{"current":0.0,"target":0.0,"change":0.0}}