{"D":0.0115878365,"MTD":0.0114570779,"M":-0.1136229907,"YTD":1.1426436151,"Y":0.5969554758,"Start (yearly)":3.1809989374}