{"EOS-USD+":{"current":0.5376894951,"target":0.545754957,"change":0.0080654619},"ETH-USD+":{"current":0.4623105049,"target":0.454245043,"change":-0.0080654619},"cash":{"current":0.0,"target":0.0,"change":0.0}}