{"BCH-USD+":{"current":0.2555667007,"target":0.267377417,"change":0.0118107163},"BTC-USD":{"current":0.3525497605,"target":0.363145215,"change":0.0105954545},"LTC-USD+":{"current":0.3918835388,"target":0.369477368,"change":-0.0224061708},"cash":{"current":0.0,"target":0.0,"change":0.0}}