{"EOS-USD+":{"current":0.4791059028,"target":0.606299157,"change":0.1271932542},"ETH-USD+":{"current":0.3939352177,"target":0.393700843,"change":-0.0002343747},"cash":{"current":0.1269588795,"target":0.0,"change":-0.1269588795}}