{"D":-0.0122389582,"MTD":-0.0345036868,"M":0.0594165174,"YTD":-0.0036318049,"Y":-0.2506189947,"Start (yearly)":4.9062089692}