{"D":-0.0709538264,"MTD":0.3553661262,"M":0.2413762249,"YTD":1.4101020479,"Y":0.1632974069,"Start (yearly)":3.518661062}