{"D":0.007316572,"MTD":-0.1758771464,"M":-0.1758771464,"YTD":0.6279856834,"Y":0.2753862334,"Start (yearly)":4.7883356237}