{"D":0.0098816668,"MTD":-0.177359194,"M":-0.1543993302,"YTD":0.6250580225,"Y":0.2308829127,"Start (yearly)":4.8306454958}