{"BCH-USD+":{"current":0.1700154282,"target":0.162089713,"change":-0.0079257152},"BTC-USD":{"current":0.2550600678,"target":0.254866889,"change":-0.0001931788},"LTC-USD+":{"current":0.1354553405,"target":0.122010418,"change":-0.0134449225},"cash":{"current":0.4394691636,"target":0.461032981,"change":0.0215638174}}