{"D":0.0467770038,"MTD":-0.021972841,"M":-0.0138299192,"YTD":0.0250382313,"Y":-0.2889991795,"Start (yearly)":4.1251329791}