{"EOS-USD+":{"current":0.1054076113,"target":0.0282479946,"change":-0.0771596167},"ETH-USD+":{"current":0.1156538848,"target":0.045,"change":-0.0706538848},"cash":{"current":0.7789385039,"target":0.926752005,"change":0.1478135011}}