{"BCH-USD+":{"current":0.3030848582,"target":0.260104439,"change":-0.0429804192},"BTC-USD":{"current":0.2806029845,"target":0.216554644,"change":-0.0640483405},"LTC-USD+":{"current":0.3398761682,"target":0.342928503,"change":0.0030523348},"cash":{"current":0.0764359891,"target":0.180412414,"change":0.1039764249}}