{"D":0.1022932713,"MTD":0.1067605347,"M":0.0251941729,"YTD":0.0319192799,"Y":-0.367270414,"Start (yearly)":4.2182644524}