{"XLM-USD+":{"current":0.110108386,"target":0.124511897,"change":0.014403511},"XRP-USD+":{"current":0.146716578,"target":0.136944444,"change":-0.009772134},"cash":{"current":0.743175036,"target":0.738543659,"change":-0.004631377}}