{"D":-0.0076027479,"MTD":0.0034996115,"M":-0.0142144878,"YTD":-0.0559566083,"Y":-0.4136493639,"Start (yearly)":4.374702026}