{"BCH-USD+":{"current":0.4067958772,"target":0.338267524,"change":-0.0685283532},"BTC-USD":{"current":0.3423026353,"target":0.264172505,"change":-0.0781301303},"LTC-USD+":{"current":0.2509014875,"target":0.233900905,"change":-0.0170005825},"cash":{"current":0.0,"target":0.163659066,"change":0.163659066}}