{"XLM-USD+":{"current":0.3363052413,"target":0.295372542,"change":-0.0409326993},"XRP-USD+":{"current":0.3136531633,"target":0.297898762,"change":-0.0157544013},"cash":{"current":0.3500415954,"target":0.406728696,"change":0.0566871006}}