{"EOS-USD+":{"current":0.037873766,"target":0.0351988255,"change":-0.0026749405},"ETH-USD+":{"current":0.0371742522,"target":0.0463986733,"change":0.0092244211},"cash":{"current":0.9249519819,"target":0.918402501,"change":-0.0065494809}}