{"D":0.0082086223,"MTD":0.0187788603,"M":-0.0197662193,"YTD":1.4267356477,"Y":0.7858328725,"Start (yearly)":3.2800932283}