{"D":-0.0034846432,"MTD":-0.1169008072,"M":-0.1169008072,"YTD":-0.1169008072,"Y":-0.4767457939,"Start (yearly)":4.9608970717}