{"EOS-USD+":{"current":0.0213907262,"target":0.0244526282,"change":0.003061902},"ETH-USD+":{"current":0.0298540563,"target":0.0242700245,"change":-0.0055840318},"cash":{"current":0.9487552175,"target":0.951277347,"change":0.0025221295}}