{"EOS-USD+":{"current":0.0651135389,"target":0.0832204048,"change":0.0181068659},"ETH-USD+":{"current":0.1191118013,"target":0.121111111,"change":0.0019993097},"cash":{"current":0.8157746597,"target":0.795668484,"change":-0.0201061757}}