{"D":0.1372971243,"MTD":0.1959648112,"M":0.148399959,"YTD":0.0561555594,"Y":-0.2718714264,"Start (yearly)":5.0243938508}