{"D":-0.0137960472,"MTD":0.4440456265,"M":0.5552816658,"YTD":0.9414759197,"Y":-0.0142019393,"Start (yearly)":3.4711958036}