{"D":0.0030409037,"MTD":-0.0615742421,"M":-0.0570760805,"YTD":1.4603404836,"Y":0.7070429254,"Start (yearly)":3.3337475564}