{"D":-0.0279382563,"MTD":0.1534810186,"M":0.3498206828,"YTD":0.2997566462,"Y":0.0065508951,"Start (yearly)":5.0202221164}