{"BCH-USD+":{"current":0.3213317898,"target":0.331882449,"change":0.0105506592},"BTC-USD":{"current":0.2143840179,"target":0.251763576,"change":0.0373795581},"LTC-USD+":{"current":0.3151510447,"target":0.416353975,"change":0.1012029303},"cash":{"current":0.1491331476,"target":0.0,"change":-0.1491331476}}