{"XLM-USD+":{"current":0.0436143773,"target":0.0285765911,"change":-0.0150377862},"XRP-USD+":{"current":0.0374130564,"target":0.0245200854,"change":-0.012892971},"cash":{"current":0.9189725663,"target":0.946903323,"change":0.0279307567}}