{"EOS-USD+":{"current":0.3359496255,"target":0.392807068,"change":0.0568574425},"ETH-USD+":{"current":0.453681375,"target":0.599717066,"change":0.146035691},"cash":{"current":0.2103689995,"target":0.007475866,"change":-0.2028931335}}