{"D":0.015139767,"MTD":0.3749469148,"M":0.2664820226,"YTD":0.7245368268,"Y":0.1213873404,"Start (yearly)":5.0488531289}