{"D":0.0288838349,"MTD":0.3127741372,"M":0.4698738237,"YTD":0.479250098,"Y":0.0978777438,"Start (yearly)":5.0895234233}