{"D":-0.0001475907,"MTD":-0.0067127252,"M":-0.0727090005,"YTD":-0.0655638756,"Y":-0.4203611868,"Start (yearly)":4.4293265545}