{"D":0.004376792,"MTD":0.2124036382,"M":0.3544764596,"YTD":0.3661513811,"Y":-0.0078264153,"Start (yearly)":5.0274680194}