{"D":0.0102326027,"MTD":0.0678485625,"M":0.0418639815,"YTD":-0.5882018725,"Y":-0.6152696054,"Start (yearly)":3.3976251493}