{"D":0.034923907,"MTD":0.4193262808,"M":0.3314901878,"YTD":1.5238355231,"Y":0.2947961829,"Start (yearly)":3.5295758555}