{"D":0.0120859183,"MTD":-0.0331204599,"M":-0.1277352038,"YTD":-0.124215245,"Y":-0.3801232087,"Start (yearly)":3.9835180768}