{"BCH-USD+":{"current":0.1955761017,"target":0.247892556,"change":0.0523164543},"BTC-USD":{"current":0.2191108909,"target":0.218671399,"change":-0.0004394919},"LTC-USD+":{"current":0.5853130074,"target":0.533436046,"change":-0.0518769614},"cash":{"current":0.0,"target":0.0,"change":0.0}}