{"D":-0.0014976232,"MTD":0.0155956476,"M":0.0244927008,"YTD":-0.2752522933,"Y":-0.3919065042,"Start (yearly)":3.6303532796}