{"EOS-USD+":{"current":0.1311740663,"target":0.148467214,"change":0.0172931477},"ETH-USD+":{"current":0.123229379,"target":0.124979218,"change":0.001749839},"cash":{"current":0.7455965547,"target":0.726553568,"change":-0.0190429867}}