{"D":0.0038711951,"MTD":-0.1163102435,"M":-0.0431114989,"YTD":0.7456551117,"Y":0.3481910011,"Start (yearly)":4.8931286279}