{"D":-0.0025426706,"MTD":-0.0557271308,"M":-0.027794038,"YTD":1.4756702895,"Y":0.6402183308,"Start (yearly)":3.3482402065}