{"EOS-USD+":{"current":0.0884499834,"target":0.0789240571,"change":-0.0095259263},"ETH-USD+":{"current":0.1329862196,"target":0.135277778,"change":0.0022915584},"cash":{"current":0.778563797,"target":0.785798165,"change":0.007234368}}