{"BCH-USD+":{"current":0.2564567566,"target":0.22416571,"change":-0.0322910466},"BTC-USD":{"current":0.2154974144,"target":0.141775731,"change":-0.0737216834},"LTC-USD+":{"current":0.3395531405,"target":0.270277512,"change":-0.0692756285},"cash":{"current":0.1884926885,"target":0.363781047,"change":0.1752883585}}