{"XLM-USD+":{"current":0.1536701133,"target":0.173269678,"change":0.0195995647},"XRP-USD+":{"current":0.1332088591,"target":0.148333333,"change":0.0151244739},"cash":{"current":0.7131210275,"target":0.678396988,"change":-0.0347240395}}