{"EOS-USD+":{"current":0.1042057672,"target":0.115555556,"change":0.0113497888},"ETH-USD+":{"current":0.1101844215,"target":0.109677779,"change":-0.0005066425},"cash":{"current":0.7856098113,"target":0.774766665,"change":-0.0108431463}}