{"XLM-USD+":{"current":0.3525722987,"target":0.441666667,"change":0.0890943683},"XRP-USD+":{"current":0.2639905209,"target":0.336666667,"change":0.0726761461},"cash":{"current":0.3834371804,"target":0.221666667,"change":-0.1617705134}}