{"EOS-USD+":{"current":0.5865975873,"target":0.590870802,"change":0.0042732147},"ETH-USD+":{"current":0.3575601677,"target":0.360909093,"change":0.0033489253},"cash":{"current":0.055842245,"target":0.0482201042,"change":-0.0076221408}}