{"D":-0.0060173608,"MTD":-0.0411664223,"M":-0.0965610404,"YTD":0.8940954377,"Y":0.4226786325,"Start (yearly)":4.9794418964}