{"BCH-USD+":{"current":0.1008589742,"target":0.0924820494,"change":-0.0083769248},"BTC-USD":{"current":0.0900297165,"target":0.1,"change":0.0099702835},"LTC-USD+":{"current":0.0627181551,"target":0.0567753368,"change":-0.0059428183},"cash":{"current":0.7463931541,"target":0.750742614,"change":0.0043494599}}