{"BCH-USD+":{"current":0.0335976229,"target":0.0291124801,"change":-0.0044851428},"BTC-USD":{"current":0.051674214,"target":0.0722299957,"change":0.0205557817},"LTC-USD+":{"current":0.0580306176,"target":0.212222767,"change":0.1541921494},"cash":{"current":0.8566975454,"target":0.686434757,"change":-0.1702627884}}