{"EOS-USD+":{"current":0.0790620167,"target":0.0844862347,"change":0.005424218},"ETH-USD+":{"current":0.0955455609,"target":0.0800828979,"change":-0.015462663},"cash":{"current":0.8253924224,"target":0.835430867,"change":0.0100384446}}