{"EOS-USD+":{"current":0.2227067924,"target":0.220833333,"change":-0.0018734594},"ETH-USD+":{"current":0.2214974748,"target":0.213055556,"change":-0.0084419188},"cash":{"current":0.5557957328,"target":0.566111111,"change":0.0103153782}}