{"EOS-USD+":{"current":0.0917239885,"target":0.148888889,"change":0.0571649005},"ETH-USD+":{"current":0.0556189408,"target":0.16270258,"change":0.1070836392},"cash":{"current":0.8526570708,"target":0.688408531,"change":-0.1642485398}}