{"XLM-USD+":{"current":0.6568479989,"target":0.655806621,"change":-0.0010413779},"XRP-USD+":{"current":0.3431520011,"target":0.344193379,"change":0.0010413779},"cash":{"current":0.0,"target":0.0,"change":0.0}}