{"D":0.0148197658,"MTD":0.1313190408,"M":0.0393944814,"YTD":0.054817093,"Y":-0.3364468041,"Start (yearly)":4.2151979913}