{"XLM-USD+":{"current":0.3414321694,"target":0.302903968,"change":-0.0385282014},"XRP-USD+":{"current":0.4193490807,"target":0.403611111,"change":-0.0157379697},"cash":{"current":0.2392187499,"target":0.293484921,"change":0.0542661711}}