{"BCH-USD+":{"current":0.2066892378,"target":0.20868282,"change":0.0019935822},"BTC-USD":{"current":0.2419166521,"target":0.246258437,"change":0.0043417849},"LTC-USD+":{"current":0.5513941101,"target":0.545058743,"change":-0.0063353671},"cash":{"current":0.0,"target":0.0,"change":0.0}}