{"D":-0.00763146,"MTD":0.2124640634,"M":0.1771132295,"YTD":0.1078111179,"Y":-0.526614168,"Start (yearly)":3.3013079412}