{"EOS-USD+":{"current":0.1624241058,"target":0.176941262,"change":0.0145171562},"ETH-USD+":{"current":0.1115292752,"target":0.122192842,"change":0.0106635668},"cash":{"current":0.726046619,"target":0.700865895,"change":-0.025180724}}