{"D":-0.0028154967,"MTD":-0.0678848191,"M":0.1680409465,"YTD":2.0206833152,"Y":0.7647415882,"Start (yearly)":3.5305164805}