{"XLM-USD+":{"current":0.1822157428,"target":0.115,"change":-0.0672157428},"XRP-USD+":{"current":0.2794696604,"target":0.209722222,"change":-0.0697474384},"cash":{"current":0.5383145968,"target":0.675277778,"change":0.1369631812}}