{"D":0.0772755132,"MTD":0.0856808316,"M":0.0678090766,"YTD":-0.1654509683,"Y":-0.3156029252,"Start (yearly)":3.7890592639}