{"EOS-USD+":{"current":0.1690427223,"target":0.148381811,"change":-0.0206609113},"ETH-USD+":{"current":0.4706164281,"target":0.452718654,"change":-0.0178977741},"cash":{"current":0.3603408496,"target":0.398899534,"change":0.0385586844}}