{"XLM-USD+":{"current":0.5301064064,"target":0.504834206,"change":-0.0252722004},"XRP-USD+":{"current":0.2423162639,"target":0.245555556,"change":0.0032392921},"cash":{"current":0.2275773296,"target":0.249610239,"change":0.0220329094}}