{"D":0.0115163212,"MTD":0.0668784961,"M":0.0458483875,"YTD":0.0041472955,"Y":-0.3542842851,"Start (yearly)":4.3445593205}