{"EOS-USD+":{"current":0.4967127793,"target":0.494667342,"change":-0.0020454373},"ETH-USD+":{"current":0.5032872207,"target":0.505332658,"change":0.0020454373},"cash":{"current":0.0,"target":0.0,"change":0.0}}