{"D":-0.0000824574,"MTD":-0.0405162968,"M":-0.0993203169,"YTD":-0.0405162968,"Y":-0.4466901533,"Start (yearly)":4.4818713977}