{"EOS-USD+":{"current":0.5807723784,"target":0.55098157,"change":-0.0297908084},"ETH-USD+":{"current":0.3535223644,"target":0.338737385,"change":-0.0147849794},"cash":{"current":0.0657052572,"target":0.110281045,"change":0.0445757878}}