{"BCH-USD+":{"current":0.1205007521,"target":0.136432001,"change":0.0159312489},"BTC-USD":{"current":0.1411745322,"target":0.163645955,"change":0.0224714228},"LTC-USD+":{"current":0.0458185519,"target":0.0455277176,"change":-0.0002908343},"cash":{"current":0.6925061639,"target":0.654394327,"change":-0.0381118369}}