{"BCH-USD+":{"current":0.1505484807,"target":0.146058069,"change":-0.0044904117},"BTC-USD":{"current":0.1544935998,"target":0.143187103,"change":-0.0113064968},"LTC-USD+":{"current":0.2332065184,"target":0.232777778,"change":-0.0004287404},"cash":{"current":0.4617514011,"target":0.477977051,"change":0.0162256499}}