{"BCH-USD+":{"current":0.3261641862,"target":0.30418095,"change":-0.0219832362},"BTC-USD":{"current":0.2682266966,"target":0.269374913,"change":0.0011482164},"LTC-USD+":{"current":0.3000320038,"target":0.30728634,"change":0.0072543362},"cash":{"current":0.1055771134,"target":0.119157796,"change":0.0135806826}}