{"EOS-USD+":{"current":0.5538372443,"target":0.543811839,"change":-0.0100254053},"ETH-USD+":{"current":0.4461627557,"target":0.456188161,"change":0.0100254053},"cash":{"current":0.0,"target":0.0,"change":0.0}}