{"D":-0.0046777763,"MTD":-0.0911671348,"M":-0.1589105851,"YTD":-0.0911671348,"Y":-0.6005167651,"Start (yearly)":3.2441630737}