{"D":0.0102022491,"MTD":0.0145006287,"M":0.4355468204,"YTD":1.8797134963,"Y":0.6121188027,"Start (yearly)":3.5546874039}