{"BCH-USD+":{"current":0.4746079706,"target":0.333888889,"change":-0.1407190816},"BTC-USD":{"current":0.2193441948,"target":0.193373166,"change":-0.0259710288},"LTC-USD+":{"current":0.2649097989,"target":0.231241474,"change":-0.0336683249},"cash":{"current":0.0411380357,"target":0.241496472,"change":0.2003584363}}