{"D":-0.1344921372,"MTD":0.0681942144,"M":0.043986846,"YTD":2.0321255689,"Y":0.7808350868,"Start (yearly)":3.5492427681}