{"EOS-USD+":{"current":0.3622309538,"target":0.366388889,"change":0.0041579352},"ETH-USD+":{"current":0.5469016703,"target":0.531856034,"change":-0.0150456363},"cash":{"current":0.0908673759,"target":0.101755077,"change":0.0108877011}}