{"BCH-USD+":{"current":0.3161097676,"target":0.330139679,"change":0.0140299114},"BTC-USD":{"current":0.2943122017,"target":0.26623434,"change":-0.0280778617},"LTC-USD+":{"current":0.3111297516,"target":0.297825551,"change":-0.0133042006},"cash":{"current":0.0784482791,"target":0.105800431,"change":0.0273521519}}