{"D":-0.0084140112,"MTD":-0.0533869501,"M":-0.059039046,"YTD":0.542850527,"Y":0.2753202187,"Start (yearly)":4.6698969827}