{"D":-0.0404770376,"MTD":0.0236944151,"M":0.0128529369,"YTD":-0.0364976124,"Y":-0.3796545768,"Start (yearly)":4.3107554163}