{"D":0.0319810167,"MTD":0.004746736,"M":-0.0410904062,"YTD":-0.1648594241,"Y":0.3530163723,"Start (yearly)":4.6437814489}