{"XLM-USD+":{"current":0.2216028169,"target":0.156645324,"change":-0.0649574929},"XRP-USD+":{"current":0.2033599226,"target":0.149257803,"change":-0.0541021196},"cash":{"current":0.5750372605,"target":0.694096873,"change":0.1190596125}}