{"XLM-USD+":{"current":0.0862030993,"target":0.089608143,"change":0.0034050437},"XRP-USD+":{"current":0.0876354816,"target":0.118666063,"change":0.0310305814},"cash":{"current":0.8261614191,"target":0.791725794,"change":-0.0344356251}}