{"EOS-USD+":{"current":0.5121095963,"target":0.505581743,"change":-0.0065278533},"ETH-USD+":{"current":0.4878904037,"target":0.494418257,"change":0.0065278533},"cash":{"current":0.0,"target":0.0,"change":0.0}}