{"D":0.0254581548,"MTD":0.0040526995,"M":-0.0699442702,"YTD":-0.0638432559,"Y":-0.4312390184,"Start (yearly)":4.163582038}