{"D":-0.0037344008,"MTD":-0.0656010115,"M":-0.0770468863,"YTD":0.4380514432,"Y":0.2815776407,"Start (yearly)":4.5429185851}