{"XLM-USD+":{"current":0.035684478,"target":0.063261785,"change":0.027577307},"XRP-USD+":{"current":0.0572474449,"target":0.0639049902,"change":0.0066575453},"cash":{"current":0.9070680772,"target":0.872833225,"change":-0.0342348522}}