{"D":0.0104292789,"MTD":0.0075891236,"M":-0.0485707012,"YTD":0.4578825011,"Y":0.2798993302,"Start (yearly)":4.5201890305}