{"XLM-USD+":{"current":0.124533049,"target":0.0909286447,"change":-0.0336044043},"XRP-USD+":{"current":0.1246318496,"target":0.118782294,"change":-0.0058495556},"cash":{"current":0.7508351014,"target":0.790289061,"change":0.0394539596}}