{"D":-0.0006763989,"MTD":-0.0065079105,"M":-0.0366778067,"YTD":-0.2363152805,"Y":-0.3676246004,"Start (yearly)":3.756195115}