{"XLM-USD+":{"current":0.5062020197,"target":0.477872174,"change":-0.0283298457},"XRP-USD+":{"current":0.2445102986,"target":0.256944444,"change":0.0124341454},"cash":{"current":0.2492876817,"target":0.265183382,"change":0.0158957003}}