{"D":0.0046123947,"MTD":-0.0578111588,"M":-0.0371808957,"YTD":1.4702064385,"Y":0.7018474032,"Start (yearly)":3.3337414113}