{"D":-0.0199294233,"MTD":-0.0077883092,"M":-0.1689828732,"YTD":1.6013550572,"Y":0.67988022,"Start (yearly)":3.3856998854}