{"D":-0.0086916231,"MTD":-0.1952349401,"M":-0.1944379425,"YTD":1.607982832,"Y":0.5101269787,"Start (yearly)":3.4225654632}