{"XLM-USD+":{"current":0.1793743543,"target":0.199120008,"change":0.0197456537},"XRP-USD+":{"current":0.1950992414,"target":0.218419569,"change":0.0233203276},"cash":{"current":0.6255264043,"target":0.582460423,"change":-0.0430659813}}