{"EOS-USD+":{"current":0.0531636587,"target":0.0324695664,"change":-0.0206940923},"ETH-USD+":{"current":0.0479511149,"target":0.0343156001,"change":-0.0136355148},"cash":{"current":0.8988852265,"target":0.933214833,"change":0.0343296065}}