{"D":0.1179650883,"MTD":0.4361151289,"M":0.3409259623,"YTD":0.8012574889,"Y":0.0998300227,"Start (yearly)":5.1059997751}