{"D":-0.046484397,"MTD":-0.0683727593,"M":-0.0606161569,"YTD":-0.0235920032,"Y":-0.3255276402,"Start (yearly)":4.0947073723}