{"D":-0.0311062528,"MTD":0.0137070852,"M":-0.0038273841,"YTD":0.5601075717,"Y":0.3058004133,"Start (yearly)":4.6009020325}