{"EOS-USD+":{"current":0.1450481338,"target":0.131218636,"change":-0.0138294978},"ETH-USD+":{"current":0.121654408,"target":0.122433754,"change":0.000779346},"cash":{"current":0.7332974582,"target":0.74634761,"change":0.0130501518}}