{"D":-0.0229521601,"MTD":-0.1851793462,"M":-0.127275253,"YTD":0.6096099667,"Y":0.2366430253,"Start (yearly)":4.8275825404}