{"D":0.0006938018,"MTD":-0.0100197489,"M":-0.0564741087,"YTD":0.2416896845,"Y":-0.3930276166,"Start (yearly)":4.8959096152}