{"D":-0.0071146318,"MTD":-0.0023682279,"M":-0.1822512854,"YTD":-0.1189921873,"Y":-0.374836714,"Start (yearly)":4.9388472459}