{"BCH-USD+":{"current":0.0460131263,"target":0.0498203546,"change":0.0038072283},"BTC-USD":{"current":0.0555940206,"target":0.0572675443,"change":0.0016735237},"LTC-USD+":{"current":0.0346875521,"target":0.0375837208,"change":0.0028961687},"cash":{"current":0.863705301,"target":0.85532838,"change":-0.008376921}}