{"EOS-USD+":{"current":0.3617044358,"target":0.326666667,"change":-0.0350377688},"ETH-USD+":{"current":0.6382955642,"target":0.603929324,"change":-0.0343662402},"cash":{"current":0.0,"target":0.0694040088,"change":0.0694040088}}