{"D":-0.0041377245,"MTD":0.0568197376,"M":-0.0425853671,"YTD":0.879229062,"Y":-0.2320971546,"Start (yearly)":3.4133455631}