{"D":0.0024657705,"MTD":-0.0403569945,"M":-0.0382676215,"YTD":0.5640875825,"Y":0.3338441403,"Start (yearly)":4.6962576825}