{"D":0.0765352663,"MTD":0.0604410909,"M":0.019648194,"YTD":-0.2766546507,"Y":-0.4177678307,"Start (yearly)":5.196810534}