{"EOS-USD+":{"current":0.087475398,"target":0.0719444444,"change":-0.0155309536},"ETH-USD+":{"current":0.1019833393,"target":0.0663888889,"change":-0.0355944504},"cash":{"current":0.8105412626,"target":0.861666667,"change":0.0511254044}}