{"BCH-USD+":{"current":0.136480211,"target":0.147662629,"change":0.011182418},"BTC-USD":{"current":0.1644802553,"target":0.150777331,"change":-0.0137029243},"LTC-USD+":{"current":0.05044119,"target":0.0517624578,"change":0.0013212678},"cash":{"current":0.6485983437,"target":0.649797582,"change":0.0011992383}}