{"BCH-USD+":{"current":0.1924965933,"target":0.19855261,"change":0.0060560167},"BTC-USD":{"current":0.5836621648,"target":0.597971987,"change":0.0143098222},"LTC-USD+":{"current":0.2238412419,"target":0.203475402,"change":-0.0203658399},"cash":{"current":0.0,"target":0.0,"change":0.0}}