{"D":-0.0031782213,"MTD":-0.0371085907,"M":-0.1268611679,"YTD":-0.1996493671,"Y":0.4278704241,"Start (yearly)":4.6343069135}