{"D":-0.0050948757,"MTD":-0.0135604462,"M":-0.0861463884,"YTD":-0.2960586173,"Y":-0.4794114991,"Start (yearly)":3.668617151}