{"D":0.0061813619,"MTD":-0.0713964616,"M":-0.0021808811,"YTD":-0.0713964616,"Y":-0.4281478776,"Start (yearly)":5.0447200669}