{"D":-0.0472161403,"MTD":0.2446224126,"M":0.2446224126,"YTD":0.6733574055,"Y":-0.275345954,"Start (yearly)":3.3715549299}