{"D":0.0034450833,"MTD":-0.0191511495,"M":-0.1489648337,"YTD":1.077803965,"Y":0.6780704858,"Start (yearly)":3.1530279623}