{"D":-0.0065763277,"MTD":-0.0863142658,"M":-0.0863142658,"YTD":-0.0863142658,"Y":-0.5945397424,"Start (yearly)":3.2428756422}