{"XLM-USD+":{"current":0.6052323263,"target":0.639994537,"change":0.0347622107},"XRP-USD+":{"current":0.3370047938,"target":0.360005463,"change":0.0230006692},"cash":{"current":0.0577628799,"target":0.0,"change":-0.0577628799}}