{"XLM-USD+":{"current":0.136927366,"target":0.0985065856,"change":-0.0384207804},"XRP-USD+":{"current":0.2830722619,"target":0.225315281,"change":-0.0577569809},"cash":{"current":0.5800003721,"target":0.676178133,"change":0.0961777609}}