{"EOS-USD+":{"current":0.367749147,"target":0.384881624,"change":0.017132477},"ETH-USD+":{"current":0.5317623761,"target":0.535110458,"change":0.0033480819},"cash":{"current":0.1004884769,"target":0.0800079182,"change":-0.0204805587}}