{"D":0.0769446273,"MTD":0.2929831468,"M":0.2415597674,"YTD":0.1418323732,"Y":-0.1950806173,"Start (yearly)":5.072382567}