{"D":0.0001270376,"MTD":-0.0883333455,"M":-0.1567086124,"YTD":-0.0883333455,"Y":-0.4919779811,"Start (yearly)":5.0073019212}