{"D":-0.0035554014,"MTD":0.0096096621,"M":-0.1066340749,"YTD":1.404894578,"Y":0.7272349554,"Start (yearly)":3.2964123862}