{"D":0.0029394521,"MTD":-0.0213199025,"M":-0.107744566,"YTD":0.0099735328,"Y":-0.2368875655,"Start (yearly)":4.8856805325}