{"EOS-USD+":{"current":0.5911135203,"target":0.530734447,"change":-0.0603790733},"ETH-USD+":{"current":0.3762519513,"target":0.334166667,"change":-0.0420852843},"cash":{"current":0.0326345284,"target":0.135098887,"change":0.1024643586}}