{"EOS-USD+":{"current":0.022091844,"target":0.0233070951,"change":0.0012152511},"ETH-USD+":{"current":0.0390794994,"target":0.0312832744,"change":-0.007796225},"cash":{"current":0.9388286566,"target":0.945409631,"change":0.0065809744}}