{"D":0.017639979,"MTD":-0.0256941088,"M":0.0535646149,"YTD":0.9246596974,"Y":0.4532670617,"Start (yearly)":4.9868655378}