{"D":-0.0005650906,"MTD":0.0103360897,"M":-0.0577630043,"YTD":-0.2790056104,"Y":-0.4509238154,"Start (yearly)":3.6700567801}