{"D":0.006063674,"MTD":-0.0420124013,"M":0.1009601004,"YTD":0.0040354245,"Y":-0.355495752,"Start (yearly)":4.1390187351}