{"D":0.0094933848,"MTD":-0.0543236178,"M":0.0543279846,"YTD":0.8681044999,"Y":0.4084631302,"Start (yearly)":4.9604510285}