{"EOS-USD+":{"current":0.1850028802,"target":0.160833333,"change":-0.0241695472},"ETH-USD+":{"current":0.2299189232,"target":0.195311273,"change":-0.0346076502},"cash":{"current":0.5850781966,"target":0.643855394,"change":0.0587771974}}