{"EOS-USD+":{"current":0.1128114689,"target":0.13337402,"change":0.0205625511},"ETH-USD+":{"current":0.1370335056,"target":0.142777778,"change":0.0057442724},"cash":{"current":0.7501550255,"target":0.723848202,"change":-0.0263068235}}