{"BCH-USD+":{"current":0.3289338989,"target":0.303249593,"change":-0.0256843059},"BTC-USD":{"current":0.4557288708,"target":0.461412259,"change":0.0056833882},"LTC-USD+":{"current":0.2153372303,"target":0.235338148,"change":0.0200009177},"cash":{"current":0.0,"target":0.0,"change":0.0}}