{"D":-0.0212970525,"MTD":0.3798214181,"M":0.443431647,"YTD":0.8551284028,"Y":-0.1629450757,"Start (yearly)":3.4335013179}