{"XLM-USD+":{"current":0.0208235701,"target":0.0378538667,"change":0.0170302966},"XRP-USD+":{"current":0.1253151716,"target":0.128759342,"change":0.0034441704},"cash":{"current":0.8538612582,"target":0.833386791,"change":-0.0204744672}}