{"D":0.0003713185,"MTD":-0.0062893212,"M":-0.0346492161,"YTD":-0.2361472538,"Y":-0.371086433,"Start (yearly)":3.754091225}