{"D":0.0292742232,"MTD":-0.0104255824,"M":-0.0671358415,"YTD":-0.3249940437,"Y":-0.3213469017,"Start (yearly)":5.1570305293}