{"EOS-USD+":{"current":0.129251934,"target":0.14794886,"change":0.018696926},"ETH-USD+":{"current":0.1850478257,"target":0.166388889,"change":-0.0186589367},"cash":{"current":0.6857002403,"target":0.685662251,"change":-0.0000379893}}