{"EOS-USD+":{"current":0.2886200336,"target":0.288611111,"change":-0.0000089226},"ETH-USD+":{"current":0.499356442,"target":0.449178474,"change":-0.050177968},"cash":{"current":0.2120235245,"target":0.262210415,"change":0.0501868905}}