{"BCH-USD+":{"current":0.357986915,"target":0.344826711,"change":-0.013160204},"BTC-USD":{"current":0.3246947648,"target":0.327764627,"change":0.0030698622},"LTC-USD+":{"current":0.3173183201,"target":0.327408662,"change":0.0100903419},"cash":{"current":0.0,"target":0.0,"change":0.0}}