{"BCH-USD+":{"current":0.1430235707,"target":0.180219985,"change":0.0371964143},"BTC-USD":{"current":0.1358268501,"target":0.166388889,"change":0.0305620389},"LTC-USD+":{"current":0.2030350536,"target":0.236666667,"change":0.0336316134},"cash":{"current":0.5181145257,"target":0.416724459,"change":-0.1013900667}}