{"D":-0.0176063919,"MTD":0.0080038065,"M":-0.0074005374,"YTD":-0.0030295635,"Y":-0.4540984566,"Start (yearly)":4.2571715314}