{"D":0.0040838335,"MTD":0.0050838492,"M":-0.1761428928,"YTD":-0.1124112641,"Y":-0.4259365129,"Start (yearly)":4.950807776}