{"EOS-USD+":{"current":0.5789527102,"target":0.548878187,"change":-0.0300745232},"ETH-USD+":{"current":0.4210472898,"target":0.451121813,"change":0.0300745232},"cash":{"current":0.0,"target":0.0,"change":0.0}}