{"EOS-USD+":{"current":0.4683768372,"target":0.456111111,"change":-0.0122657262},"ETH-USD+":{"current":0.5316231628,"target":0.421111111,"change":-0.1105120518},"cash":{"current":0.0,"target":0.122777778,"change":0.122777778}}