{"XLM-USD+":{"current":0.545923501,"target":0.540287945,"change":-0.005635556},"XRP-USD+":{"current":0.3437163046,"target":0.345933042,"change":0.0022167374},"cash":{"current":0.1103601944,"target":0.113779013,"change":0.0034188186}}