{"D":-0.000384149,"MTD":-0.0034962565,"M":-0.125341478,"YTD":1.1109668716,"Y":0.5796440408,"Start (yearly)":3.1831280088}