{"D":-0.0195450501,"MTD":0.0051019163,"M":-0.1254140062,"YTD":-0.0816527177,"Y":-0.5866322215,"Start (yearly)":3.2336330088}