{"D":0.0022202679,"MTD":0.4592411535,"M":0.514235584,"YTD":0.9619058488,"Y":-0.0962279378,"Start (yearly)":3.4723544504}