{"EOS-USD+":{"current":0.4015437314,"target":0.447536987,"change":0.0459932556},"ETH-USD+":{"current":0.2356074549,"target":0.27298362,"change":0.0373761651},"cash":{"current":0.3628488136,"target":0.279479392,"change":-0.0833694216}}