{"D":-0.0799893345,"MTD":0.0267083321,"M":0.0351780148,"YTD":0.0154702269,"Y":-0.3603774514,"Start (yearly)":4.2985116383}