{"EOS-USD+":{"current":0.6770013144,"target":0.69732325,"change":0.0203219356},"ETH-USD+":{"current":0.3229986856,"target":0.30267675,"change":-0.0203219356},"cash":{"current":0.0,"target":0.0,"change":0.0}}