{"XLM-USD+":{"current":0.4991326112,"target":0.396595226,"change":-0.1025373852},"XRP-USD+":{"current":0.5008673888,"target":0.391136549,"change":-0.1097308398},"cash":{"current":0.0,"target":0.212268225,"change":0.212268225}}