{"D":0.0026376658,"MTD":-0.0028108402,"M":-0.0620593441,"YTD":0.4428347749,"Y":0.2750316214,"Start (yearly)":4.5223812454}