{"D":-0.0042577324,"MTD":0.4098470038,"M":0.4748414221,"YTD":0.8954968998,"Y":-0.215568478,"Start (yearly)":3.4464771292}