{"D":-0.0043783136,"MTD":-0.0329433369,"M":-0.0450423023,"YTD":-0.0329433369,"Y":-0.4324248451,"Start (yearly)":4.5050131517}