{"XLM-USD+":{"current":0.3318566968,"target":0.410969837,"change":0.0791131402},"XRP-USD+":{"current":0.5126233405,"target":0.589030163,"change":0.0764068225},"cash":{"current":0.1555199627,"target":0.0,"change":-0.1555199627}}