{"D":-0.0087518875,"MTD":-0.0321482269,"M":-0.1470920081,"YTD":-0.3398114381,"Y":0.044657992,"Start (yearly)":5.1626510492}