{"BCH-USD+":{"current":0.0717244969,"target":0.0741940003,"change":0.0024695034},"BTC-USD":{"current":0.0983437323,"target":0.109211642,"change":0.0108679097},"LTC-USD+":{"current":0.0392854989,"target":0.0417654557,"change":0.0024799568},"cash":{"current":0.7906462719,"target":0.774828902,"change":-0.0158173699}}