{"D":0.0141791084,"MTD":0.0956661213,"M":0.0644429515,"YTD":0.0010945045,"Y":-0.5659203665,"Start (yearly)":3.258738525}