{"EOS-USD+":{"current":0.1516646273,"target":0.15,"change":-0.0016646273},"ETH-USD+":{"current":0.4570702702,"target":0.364734047,"change":-0.0923362232},"cash":{"current":0.3912651025,"target":0.485265953,"change":0.0940008505}}