{"D":0.0010840165,"MTD":-0.0056954167,"M":-0.0348780987,"YTD":-0.0646068415,"Y":-0.4258322225,"Start (yearly)":4.4094690477}