{"EOS-USD+":{"current":0.1897411484,"target":0.221111111,"change":0.0313699626},"ETH-USD+":{"current":0.1233059572,"target":0.15114123,"change":0.0278352728},"cash":{"current":0.6869528945,"target":0.627747659,"change":-0.0592052355}}