{"XLM-USD+":{"current":0.5211079921,"target":0.502454992,"change":-0.0186530001},"XRP-USD+":{"current":0.4739849168,"target":0.497545008,"change":0.0235600912},"cash":{"current":0.0049070911,"target":0.0,"change":-0.0049070911}}