{"D":-0.0050079212,"MTD":0.2028080838,"M":0.1948079058,"YTD":0.2789660013,"Y":-0.3906885661,"Start (yearly)":3.3052036645}