{"BCH-USD+":{"current":0.1489064202,"target":0.145621338,"change":-0.0032850822},"BTC-USD":{"current":0.2369841516,"target":0.233032406,"change":-0.0039517456},"LTC-USD+":{"current":0.6141094282,"target":0.621346256,"change":0.0072368278},"cash":{"current":0.0,"target":0.0,"change":0.0}}