{"D":0.0183569622,"MTD":-0.1541387899,"M":0.3791767037,"YTD":0.7733814134,"Y":0.1365848773,"Start (yearly)":5.0242880626}