{"BCH-USD+":{"current":0.2720042706,"target":0.271410255,"change":-0.0005940156},"BTC-USD":{"current":0.2176473217,"target":0.227159998,"change":0.0095126763},"LTC-USD+":{"current":0.5103484077,"target":0.501429747,"change":-0.0089186607},"cash":{"current":0.0,"target":0.0,"change":0.0}}