{"D":-0.0170525653,"MTD":-0.0648026126,"M":-0.0680285125,"YTD":1.4518764251,"Y":0.6861100841,"Start (yearly)":3.3340187296}