{"D":0.0000198104,"MTD":0.0351639409,"M":-0.0209615507,"YTD":1.4657649806,"Y":0.8494915327,"Start (yearly)":3.2819668018}