{"BCH-USD+":{"current":0.1070096945,"target":0.106407678,"change":-0.0006020165},"BTC-USD":{"current":0.1064330096,"target":0.0881972497,"change":-0.0182357599},"LTC-USD+":{"current":0.1118954187,"target":0.105118233,"change":-0.0067771857},"cash":{"current":0.6746618772,"target":0.700276839,"change":0.0256149618}}