{"BCH-USD+":{"current":0.0243773423,"target":0.033223447,"change":0.0088461047},"BTC-USD":{"current":0.0446125626,"target":0.0770795215,"change":0.0324669589},"LTC-USD+":{"current":0.043226073,"target":0.0962099507,"change":0.0529838777},"cash":{"current":0.8877840221,"target":0.793487081,"change":-0.0942969411}}