{"D":0.0012126138,"MTD":-0.0339928258,"M":-0.0402064084,"YTD":-0.223121454,"Y":-0.3924284744,"Start (yearly)":3.8123854224}