{"BCH-USD+":{"current":0.051873648,"target":0.101944444,"change":0.050070796},"BTC-USD":{"current":0.0585496832,"target":0.0888888889,"change":0.0303392057},"LTC-USD+":{"current":0.0383015866,"target":0.062948133,"change":0.0246465464},"cash":{"current":0.8512750822,"target":0.746218534,"change":-0.1050565482}}