{"D":-0.0031520855,"MTD":-0.035511099,"M":-0.0345822576,"YTD":0.571985733,"Y":0.3347493954,"Start (yearly)":4.7053944185}