{"XLM-USD+":{"current":0.1165674459,"target":0.0793465133,"change":-0.0372209326},"XRP-USD+":{"current":0.1248832994,"target":0.125,"change":0.0001167006},"cash":{"current":0.7585492548,"target":0.795653487,"change":0.0371042322}}