{"EOS-USD+":{"current":0.6172790585,"target":0.464166667,"change":-0.1531123915},"ETH-USD+":{"current":0.3827209415,"target":0.338894713,"change":-0.0438262285},"cash":{"current":0.0,"target":0.19693862,"change":0.19693862}}