{"D":0.0112669599,"MTD":0.0231966222,"M":-0.1096689598,"YTD":-0.065119843,"Y":-0.5802493986,"Start (yearly)":3.2464035431}