{"EOS-USD+":{"current":0.0938913271,"target":0.0847222222,"change":-0.0091691049},"ETH-USD+":{"current":0.0916165506,"target":0.0910658693,"change":-0.0005506813},"cash":{"current":0.8144921224,"target":0.824211909,"change":0.0097197866}}