{"BCH-USD+":{"current":0.1371078726,"target":0.153064353,"change":0.0159564804},"BTC-USD":{"current":0.2434799751,"target":0.215157853,"change":-0.0283221221},"LTC-USD+":{"current":0.1032123157,"target":0.103010494,"change":-0.0002018217},"cash":{"current":0.5161998366,"target":0.5287673,"change":0.0125674634}}