{"EOS-USD+":{"current":0.5623771217,"target":0.565493129,"change":0.0031160073},"ETH-USD+":{"current":0.4376228783,"target":0.434506871,"change":-0.0031160073},"cash":{"current":0.0,"target":0.0,"change":0.0}}