{"D":-0.006403359,"MTD":0.0702411621,"M":0.0702411621,"YTD":0.1044622754,"Y":-0.1447554019,"Start (yearly)":4.9266752776}