{"EOS-USD+":{"current":0.1357845269,"target":0.135833333,"change":0.0000488061},"ETH-USD+":{"current":0.1534047826,"target":0.17016114,"change":0.0167563574},"cash":{"current":0.7108106905,"target":0.694005526,"change":-0.0168051645}}