{"D":-0.0208670682,"MTD":0.0797712705,"M":0.1316778485,"YTD":0.0679172024,"Y":-0.2965418054,"Start (yearly)":4.3485541709}