{"D":-0.0227366048,"MTD":-0.014949975,"M":-0.0593030205,"YTD":-0.3280802107,"Y":-0.4885554019,"Start (yearly)":5.1464096363}