{"BCH-USD+":{"current":0.0882980328,"target":0.0826445263,"change":-0.0056535065},"BTC-USD":{"current":0.1001819534,"target":0.0801634511,"change":-0.0200185023},"LTC-USD+":{"current":0.0646281575,"target":0.0582467976,"change":-0.0063813599},"cash":{"current":0.7468918563,"target":0.778945225,"change":0.0320533687}}