{"XLM-USD+":{"current":0.3696885441,"target":0.341345923,"change":-0.0283426211},"XRP-USD+":{"current":0.3938439068,"target":0.314364774,"change":-0.0794791328},"cash":{"current":0.2364675491,"target":0.344289303,"change":0.1078217539}}