{"BCH-USD+":{"current":0.3546557669,"target":0.331637364,"change":-0.0230184029},"BTC-USD":{"current":0.4034856183,"target":0.447308662,"change":0.0438230437},"LTC-USD+":{"current":0.2418586147,"target":0.221053974,"change":-0.0208046407},"cash":{"current":0.0,"target":0.0,"change":0.0}}