{"BCH-USD+":{"current":0.142733023,"target":0.153607716,"change":0.010874693},"BTC-USD":{"current":0.2120920516,"target":0.179275566,"change":-0.0328164856},"LTC-USD+":{"current":0.082313144,"target":0.122222222,"change":0.039909078},"cash":{"current":0.5628617814,"target":0.544894495,"change":-0.0179672864}}