{"D":-0.0103302108,"MTD":-0.0588746349,"M":-0.0224203104,"YTD":-0.0588746349,"Y":-0.5883484761,"Start (yearly)":3.2835105903}