{"D":-0.0220205364,"MTD":0.0633346015,"M":0.0633346015,"YTD":-0.2746809368,"Y":-0.2746809368,"Start (yearly)":5.1586493721}