{"EOS-USD+":{"current":0.3999749642,"target":0.436771719,"change":0.0367967548},"ETH-USD+":{"current":0.6000250358,"target":0.563228281,"change":-0.0367967548},"cash":{"current":0.0,"target":0.0,"change":0.0}}