{"BCH-USD+":{"current":0.5054802419,"target":0.473218071,"change":-0.0322621709},"BTC-USD":{"current":0.223554016,"target":0.214022791,"change":-0.009531225},"LTC-USD+":{"current":0.2709657421,"target":0.281388889,"change":0.0104231469},"cash":{"current":0.0,"target":0.0313702492,"change":0.0313702492}}