{"D":-0.0013359207,"MTD":-0.002637894,"M":-0.0028141505,"YTD":-0.0612816126,"Y":-0.4077998194,"Start (yearly)":4.3426196362}