{"net perf\/dd":{"Bitcoin":3.3611359412,"CRC3":9.4471959739,"CRC3b":9.8608771504,"CRC4":8.1039246625,"folio_equal-weight_btc_eth_xrp":5.133393368},"Sharpe":{"Bitcoin":1.8842276604,"CRC3":5.9690100181,"CRC3b":6.1799061232,"CRC4":5.3318060844,"folio_equal-weight_btc_eth_xrp":2.8113290715},"perf":{"Bitcoin":3.1283545669,"CRC3":5.4841560193,"CRC3b":5.7243005152,"CRC4":5.2080639352,"folio_equal-weight_btc_eth_xrp":4.7778711922},"net perf":{"Bitcoin":3.1283545669,"CRC3":5.4841560193,"CRC3b":5.7243005152,"CRC4":5.2080639352,"folio_equal-weight_btc_eth_xrp":4.7778711922},"dd":{"Bitcoin":0.9307432432,"CRC3":0.5805062195,"CRC3b":0.5805062195,"CRC4":0.6426594708,"folio_equal-weight_btc_eth_xrp":0.9307432432},"vol":{"Bitcoin":1.6602848121,"CRC3":0.918771455,"CRC3b":0.9262762898,"CRC4":0.9767917011,"folio_equal-weight_btc_eth_xrp":1.6995062018},"occ":{"Bitcoin":1.0,"CRC3":0.6396947777,"CRC3b":0.6298273534,"CRC4":0.6583815741,"folio_equal-weight_btc_eth_xrp":1.0},"VaR robust 0.02":{"Bitcoin":-0.1415357849,"CRC3":-0.0913714387,"CRC3b":-0.0897106627,"CRC4":-0.127414938,"folio_equal-weight_btc_eth_xrp":-0.1543045742},"VaR sample 0.02":{"Bitcoin":-0.1415357849,"CRC3":-0.0874545666,"CRC3b":-0.0848270229,"CRC4":-0.1184015223,"folio_equal-weight_btc_eth_xrp":-0.1480550391}}