{"net perf\/dd":{"Bitcoin":2.8804647988,"CRC3":7.4594660764,"CRC3b":7.937661491,"folio_equal-weight_btc_eth_xrp":4.4536728617},"Sharpe":{"Bitcoin":1.6365058934,"CRC3":5.3745936563,"CRC3b":5.5307549295,"folio_equal-weight_btc_eth_xrp":2.4688160257},"perf":{"Bitcoin":2.6809731489,"CRC3":4.8896845628,"CRC3b":5.0742443226,"folio_equal-weight_btc_eth_xrp":4.145225923},"net perf":{"Bitcoin":2.6809731489,"CRC3":4.8896845628,"CRC3b":5.0742443226,"folio_equal-weight_btc_eth_xrp":4.145225923},"dd":{"Bitcoin":0.9307432432,"CRC3":0.6555006099,"CRC3b":0.6392618693,"folio_equal-weight_btc_eth_xrp":0.9307432431},"vol":{"Bitcoin":1.6382300606,"CRC3":0.909777534,"CRC3b":0.9174596212,"folio_equal-weight_btc_eth_xrp":1.6790339498},"occ":{"Bitcoin":1.0,"CRC3":0.635875445,"CRC3b":0.6258534981,"folio_equal-weight_btc_eth_xrp":0.9999999993},"VaR robust 0.02":{"Bitcoin":-0.1391889446,"CRC3":-0.0908488769,"CRC3b":-0.0820250277,"folio_equal-weight_btc_eth_xrp":-0.1527656826},"VaR sample 0.02":{"Bitcoin":-0.1391889446,"CRC3":-0.0862502771,"CRC3b":-0.0777037049,"folio_equal-weight_btc_eth_xrp":-0.144593796}}