{"net perf\/dd":{"Bitcoin":3.3513496343,"CRC3":9.4178308345,"CRC3b":9.8279132259,"CRC4":8.0756333786,"folio_equal-weight_btc_eth_xrp":5.1119159405},"Sharpe":{"Bitcoin":1.8793339111,"CRC3":5.9521314542,"CRC3b":6.1609227242,"CRC4":5.314698694,"folio_equal-weight_btc_eth_xrp":2.8004078537},"perf":{"Bitcoin":3.1192460279,"CRC3":5.4671093733,"CRC3b":5.705164752,"CRC4":5.1898822737,"folio_equal-weight_btc_eth_xrp":4.7578812216},"net perf":{"Bitcoin":3.1192460279,"CRC3":5.4671093733,"CRC3b":5.705164752,"CRC4":5.1898822737,"folio_equal-weight_btc_eth_xrp":4.7578812216},"dd":{"Bitcoin":0.9307432432,"CRC3":0.5805062195,"CRC3b":0.5805062195,"CRC4":0.6426594708,"folio_equal-weight_btc_eth_xrp":0.9307432432},"vol":{"Bitcoin":1.6597614769,"CRC3":0.9185128748,"CRC3b":0.9260243972,"CRC4":0.9765148642,"folio_equal-weight_btc_eth_xrp":1.6989958143},"occ":{"Bitcoin":1.0,"CRC3":0.6396219603,"CRC3b":0.6297484247,"CRC4":0.658472358,"folio_equal-weight_btc_eth_xrp":1.0},"VaR robust 0.02":{"Bitcoin":-0.1413984974,"CRC3":-0.0822970889,"CRC3b":-0.081338433,"CRC4":-0.1177607654,"folio_equal-weight_btc_eth_xrp":-0.1542589371},"VaR sample 0.02":{"Bitcoin":-0.1413984974,"CRC3":-0.0785817862,"CRC3b":-0.076923547,"CRC4":-0.1090613074,"folio_equal-weight_btc_eth_xrp":-0.147948664}}