{"net perf\/dd":{"Bitcoin":3.0232225199,"CRC3":8.2530734289,"CRC3b":8.8764529321,"folio_equal-weight_btc_eth_xrp":4.6522074388},"Sharpe":{"Bitcoin":1.7018721999,"CRC3":5.6473569993,"CRC3b":5.8237065497,"folio_equal-weight_btc_eth_xrp":2.5587296157},"perf":{"Bitcoin":2.8138439332,"CRC3":5.1654980565,"CRC3b":5.3702967383,"folio_equal-weight_btc_eth_xrp":4.3300106392},"net perf":{"Bitcoin":2.8138439332,"CRC3":5.1654980565,"CRC3b":5.3702967383,"folio_equal-weight_btc_eth_xrp":4.3300106392},"dd":{"Bitcoin":0.9307432432,"CRC3":0.6258878103,"CRC3b":0.6050048121,"folio_equal-weight_btc_eth_xrp":0.9307432431},"vol":{"Bitcoin":1.6533814545,"CRC3":0.9146753175,"CRC3b":0.9221441177,"folio_equal-weight_btc_eth_xrp":1.6922501747},"occ":{"Bitcoin":1.0,"CRC3":0.6379992953,"CRC3b":0.6280040823,"folio_equal-weight_btc_eth_xrp":0.9999999993},"VaR robust 0.02":{"Bitcoin":-0.1406965134,"CRC3":-0.0285566753,"CRC3b":-0.0216131015,"folio_equal-weight_btc_eth_xrp":-0.1535178112},"VaR sample 0.02":{"Bitcoin":-0.1406965134,"CRC3":-0.0271624919,"CRC3b":-0.0207291661,"folio_equal-weight_btc_eth_xrp":-0.1462023226}}