{"net perf\/dd":{"Bitcoin":3.1853006637,"CRC3":7.642279413,"CRC3b":8.135157722,"folio_equal-weight_btc_eth_xrp":4.58594603},"Sharpe":{"Bitcoin":1.8405547562,"CRC3":5.5552207986,"CRC3b":5.7193762788,"folio_equal-weight_btc_eth_xrp":2.5868196254},"perf":{"Bitcoin":2.9646970704,"CRC3":5.0095188164,"CRC3b":5.2004961323,"folio_equal-weight_btc_eth_xrp":4.2683382806},"net perf":{"Bitcoin":2.9646970704,"CRC3":5.0095188164,"CRC3b":5.2004961323,"folio_equal-weight_btc_eth_xrp":4.2683382806},"dd":{"Bitcoin":0.9307432432,"CRC3":0.6555006099,"CRC3b":0.6392618693,"folio_equal-weight_btc_eth_xrp":0.9307432431},"vol":{"Bitcoin":1.6107627662,"CRC3":0.9017677241,"CRC3b":0.909276795,"folio_equal-weight_btc_eth_xrp":1.6500332063},"occ":{"Bitcoin":1.0,"CRC3":0.6497942599,"CRC3b":0.6402389375,"folio_equal-weight_btc_eth_xrp":0.9999999994},"VaR robust 0.02":{"Bitcoin":-0.1366875147,"CRC3":-0.1148443601,"CRC3b":-0.1113798316,"folio_equal-weight_btc_eth_xrp":-0.1492815303},"VaR sample 0.02":{"Bitcoin":-0.1366875147,"CRC3":-0.1088164868,"CRC3b":-0.1060715404,"folio_equal-weight_btc_eth_xrp":-0.1399569792}}