{"net perf\/dd":{"Bitcoin":2.848096384,"CRC3":6.8373205507,"CRC3b":7.2461472234,"folio_equal-weight_btc_eth_xrp":4.0620479766},"Sharpe":{"Bitcoin":1.666639529,"CRC3":5.0356403957,"CRC3b":5.1594205921,"folio_equal-weight_btc_eth_xrp":2.3218796294},"perf":{"Bitcoin":2.6508464655,"CRC3":4.4818677913,"CRC3b":4.6321856192,"folio_equal-weight_btc_eth_xrp":3.7807237073},"net perf":{"Bitcoin":2.6508464655,"CRC3":4.4818677913,"CRC3b":4.6321856192,"folio_equal-weight_btc_eth_xrp":3.7807237073},"dd":{"Bitcoin":0.9307432432,"CRC3":0.6555006099,"CRC3b":0.6392618693,"folio_equal-weight_btc_eth_xrp":0.9307432431},"vol":{"Bitcoin":1.5905337773,"CRC3":0.8900293585,"CRC3b":0.8978112051,"folio_equal-weight_btc_eth_xrp":1.6283030608},"occ":{"Bitcoin":1.0,"CRC3":0.6412525164,"CRC3b":0.6319025911,"folio_equal-weight_btc_eth_xrp":0.9999999994},"VaR sample 0.02":{"Bitcoin":-0.1357688272,"CRC3":-0.0584911631,"CRC3b":-0.0474512091,"folio_equal-weight_btc_eth_xrp":-0.1374539764},"VaR robust 0.02":{"Bitcoin":-0.135771415,"CRC3":-0.0625426432,"CRC3b":-0.0517738768,"folio_equal-weight_btc_eth_xrp":-0.1496684263}}