{"net perf\/dd":{"Bitcoin":2.9492391348,"CRC3":7.3990052977,"CRC3b":7.9303185133,"folio_equal-weight_btc_eth_xrp":4.4562299728},"Sharpe":{"Bitcoin":1.6909508731,"CRC3":5.3648647453,"CRC3b":5.5599768766,"folio_equal-weight_btc_eth_xrp":2.4925495893},"perf":{"Bitcoin":2.7449843974,"CRC3":4.8500524855,"CRC3b":5.0695502369,"folio_equal-weight_btc_eth_xrp":4.1476059368},"net perf":{"Bitcoin":2.7449843974,"CRC3":4.8500524855,"CRC3b":5.0695502369,"folio_equal-weight_btc_eth_xrp":4.1476059368},"dd":{"Bitcoin":0.9307432432,"CRC3":0.6555006099,"CRC3b":0.6392618693,"folio_equal-weight_btc_eth_xrp":0.9307432431},"vol":{"Bitcoin":1.6233377569,"CRC3":0.90404003,"CRC3b":0.911793403,"folio_equal-weight_btc_eth_xrp":1.6640013722},"occ":{"Bitcoin":1.0,"CRC3":0.6420049341,"CRC3b":0.6323350898,"folio_equal-weight_btc_eth_xrp":0.9999999994},"VaR robust 0.02":{"Bitcoin":-0.1368182417,"CRC3":-0.1493327335,"CRC3b":-0.1526829777,"folio_equal-weight_btc_eth_xrp":-0.1511466474},"VaR sample 0.02":{"Bitcoin":-0.1368182417,"CRC3":-0.1428736178,"CRC3b":-0.144451244,"folio_equal-weight_btc_eth_xrp":-0.142926274}}