{"net perf\/dd":{"Bitcoin":2.8776031228,"CRC3":7.5211675563,"CRC3b":8.0240659583,"folio_equal-weight_btc_eth_xrp":4.4415403213},"Sharpe":{"Bitcoin":1.6314478246,"CRC3":5.3949589372,"CRC3b":5.5560177676,"folio_equal-weight_btc_eth_xrp":2.4572116494},"perf":{"Bitcoin":2.6783096633,"CRC3":4.9185542853,"CRC3b":5.1082205843,"folio_equal-weight_btc_eth_xrp":4.133933643},"net perf":{"Bitcoin":2.6783096633,"CRC3":4.9185542853,"CRC3b":5.1082205843,"folio_equal-weight_btc_eth_xrp":4.133933643},"dd":{"Bitcoin":0.9307432432,"CRC3":0.6539615357,"CRC3b":0.6366124868,"folio_equal-weight_btc_eth_xrp":0.9307432431},"vol":{"Bitcoin":1.6416765666,"CRC3":0.9116944804,"CRC3b":0.9194032125,"folio_equal-weight_btc_eth_xrp":1.6823677537},"occ":{"Bitcoin":1.0,"CRC3":0.636904703,"CRC3b":0.6270594872,"folio_equal-weight_btc_eth_xrp":0.9999999993},"VaR robust 0.02":{"Bitcoin":-0.1394738796,"CRC3":-0.0503899143,"CRC3b":-0.0472372123,"folio_equal-weight_btc_eth_xrp":-0.1527390206},"VaR sample 0.02":{"Bitcoin":-0.1394738796,"CRC3":-0.047858942,"CRC3b":-0.045026941,"folio_equal-weight_btc_eth_xrp":-0.1448710454}}