{"net perf\/dd":{"Bitcoin":2.9669426879,"CRC3":7.3314871333,"CRC3b":7.8298635773,"folio_equal-weight_btc_eth_xrp":4.3970691279},"Sharpe":{"Bitcoin":1.7061374524,"CRC3":5.328928051,"CRC3b":5.5028429707,"folio_equal-weight_btc_eth_xrp":2.4665933455},"perf":{"Bitcoin":2.7614618599,"CRC3":4.8057942875,"CRC3b":5.0053332267,"folio_equal-weight_btc_eth_xrp":4.0925423802},"net perf":{"Bitcoin":2.7614618599,"CRC3":4.8057942875,"CRC3b":5.0053332267,"folio_equal-weight_btc_eth_xrp":4.0925423802},"dd":{"Bitcoin":0.9307432432,"CRC3":0.6555006099,"CRC3b":0.6392618693,"folio_equal-weight_btc_eth_xrp":0.9307432431},"vol":{"Bitcoin":1.6185459477,"CRC3":0.901831333,"CRC3b":0.909590416,"folio_equal-weight_btc_eth_xrp":1.6591881218},"occ":{"Bitcoin":1.0,"CRC3":0.6441868805,"CRC3b":0.634575973,"folio_equal-weight_btc_eth_xrp":0.9999999994},"VaR robust 0.02":{"Bitcoin":-0.1359817231,"CRC3":-0.1467563768,"CRC3b":-0.1478469619,"folio_equal-weight_btc_eth_xrp":-0.1497926051},"VaR sample 0.02":{"Bitcoin":-0.1359817231,"CRC3":-0.1419156919,"CRC3b":-0.1423786781,"folio_equal-weight_btc_eth_xrp":-0.1423786781}}