{"net perf\/dd":{"Bitcoin":3.0343333742,"CRC3":7.1053012132,"CRC3b":7.5630488836,"folio_equal-weight_btc_eth_xrp":4.1897652711},"Sharpe":{"Bitcoin":1.7660311666,"CRC3":5.2068237357,"CRC3b":5.3602803232,"folio_equal-weight_btc_eth_xrp":2.382593054},"perf":{"Bitcoin":2.8241852858,"CRC3":4.657529279,"CRC3b":4.8347687669,"folio_equal-weight_btc_eth_xrp":3.8995957162},"net perf":{"Bitcoin":2.8241852858,"CRC3":4.657529279,"CRC3b":4.8347687669,"folio_equal-weight_btc_eth_xrp":3.8995957162},"dd":{"Bitcoin":0.9307432432,"CRC3":0.6555006099,"CRC3b":0.6392618693,"folio_equal-weight_btc_eth_xrp":0.9307432431},"vol":{"Bitcoin":1.5991706937,"CRC3":0.8945048873,"CRC3b":0.9019619265,"folio_equal-weight_btc_eth_xrp":1.6367023776},"occ":{"Bitcoin":1.0,"CRC3":0.6439801328,"CRC3b":0.6347496242,"folio_equal-weight_btc_eth_xrp":0.9999999994},"VaR sample 0.02":{"Bitcoin":-0.1359600608,"CRC3":-0.0402582514,"CRC3b":-0.0417383283,"folio_equal-weight_btc_eth_xrp":-0.1372281606},"VaR robust 0.02":{"Bitcoin":-0.1359699103,"CRC3":-0.0425407624,"CRC3b":-0.0434086207,"folio_equal-weight_btc_eth_xrp":-0.1494981471}}