{"net perf\/dd":{"Bitcoin":3.5372513243,"CRC3":10.1361980795,"CRC3b":10.5852319352,"CRC4":8.7605857997,"folio_equal-weight_btc_eth_xrp":5.3774933124},"Sharpe":{"Bitcoin":1.961863552,"CRC3":6.3638236514,"CRC3b":6.5725429941,"CRC4":5.7141072702,"folio_equal-weight_btc_eth_xrp":2.9198814884},"perf":{"Bitcoin":3.2922727697,"CRC3":5.8841260269,"CRC3b":6.1447929729,"CRC4":5.6300734342,"folio_equal-weight_btc_eth_xrp":5.0050655661},"net perf":{"Bitcoin":3.2922727697,"CRC3":5.8841260269,"CRC3b":6.1447929729,"CRC4":5.6300734342,"folio_equal-weight_btc_eth_xrp":5.0050655661},"dd":{"Bitcoin":0.9307432432,"CRC3":0.5805062195,"CRC3b":0.5805062195,"CRC4":0.6426594708,"folio_equal-weight_btc_eth_xrp":0.9307432432},"vol":{"Bitcoin":1.6781354474,"CRC3":0.9246211632,"CRC3b":0.9349186424,"CRC4":0.9852936195,"folio_equal-weight_btc_eth_xrp":1.7141331201},"occ":{"Bitcoin":1.0,"CRC3":0.6404538065,"CRC3b":0.6319922638,"CRC4":0.6593318663,"folio_equal-weight_btc_eth_xrp":1.0},"VaR robust 0.02":{"Bitcoin":-0.1437085539,"CRC3":-0.0781704767,"CRC3b":-0.0670592871,"CRC4":-0.0883450235,"folio_equal-weight_btc_eth_xrp":-0.1540294436},"VaR sample 0.02":{"Bitcoin":-0.1437085539,"CRC3":-0.0752957176,"CRC3b":-0.0644623095,"CRC4":-0.0834947285,"folio_equal-weight_btc_eth_xrp":-0.1463455518}}