{"net perf\/dd":{"Bitcoin":3.1362213746,"CRC3":7.3299049265,"CRC3b":7.8059601236,"folio_equal-weight_btc_eth_xrp":4.3881900547},"Sharpe":{"Bitcoin":1.8184624764,"CRC3":5.3493018752,"CRC3b":5.5097161528,"folio_equal-weight_btc_eth_xrp":2.4859450901},"perf":{"Bitcoin":2.9190168537,"CRC3":4.8047571501,"CRC3b":4.9900526602,"folio_equal-weight_btc_eth_xrp":4.0842782428},"net perf":{"Bitcoin":2.9190168537,"CRC3":4.8047571501,"CRC3b":4.9900526602,"folio_equal-weight_btc_eth_xrp":4.0842782428},"dd":{"Bitcoin":0.9307432432,"CRC3":0.6555006099,"CRC3b":0.6392618693,"folio_equal-weight_btc_eth_xrp":0.9307432431},"vol":{"Bitcoin":1.6052114859,"CRC3":0.8982026556,"CRC3b":0.9056823477,"folio_equal-weight_btc_eth_xrp":1.642947891},"occ":{"Bitcoin":1.0,"CRC3":0.6470347891,"CRC3b":0.6376537915,"folio_equal-weight_btc_eth_xrp":0.9999999994},"VaR sample 0.02":{"Bitcoin":-0.1361767493,"CRC3":-0.0556582295,"CRC3b":-0.0571966264,"folio_equal-weight_btc_eth_xrp":-0.1383461442},"VaR robust 0.02":{"Bitcoin":-0.1361865988,"CRC3":-0.0595260867,"CRC3b":-0.0601071684,"folio_equal-weight_btc_eth_xrp":-0.1498645343}}