{"net perf\/dd":{"Bitcoin":3.0865437183,"CRC3":7.3726501845,"CRC3b":7.8536884833,"folio_equal-weight_btc_eth_xrp":4.3756866346},"Sharpe":{"Bitcoin":1.7865776953,"CRC3":5.3695329431,"CRC3b":5.5321606084,"folio_equal-weight_btc_eth_xrp":2.4740474367},"perf":{"Bitcoin":2.8727797108,"CRC3":4.8327766927,"CRC3b":5.0205635807,"folio_equal-weight_btc_eth_xrp":4.0726407691},"net perf":{"Bitcoin":2.8727797108,"CRC3":4.8327766927,"CRC3b":5.0205635807,"folio_equal-weight_btc_eth_xrp":4.0726407691},"dd":{"Bitcoin":0.9307432432,"CRC3":0.6555006099,"CRC3b":0.6392618693,"folio_equal-weight_btc_eth_xrp":0.9307432431},"vol":{"Bitcoin":1.607979165,"CRC3":0.9000366967,"CRC3b":0.9075231065,"folio_equal-weight_btc_eth_xrp":1.6461449803},"occ":{"Bitcoin":1.0,"CRC3":0.6486431182,"CRC3b":0.6390976802,"folio_equal-weight_btc_eth_xrp":0.9999999994},"VaR sample 0.02":{"Bitcoin":-0.1362752441,"CRC3":-0.0282559028,"CRC3b":-0.0330814143,"folio_equal-weight_btc_eth_xrp":-0.1387302845},"VaR robust 0.02":{"Bitcoin":-0.1362850936,"CRC3":-0.0299531628,"CRC3b":-0.0349826446,"folio_equal-weight_btc_eth_xrp":-0.1492840132}}