{"net perf\/dd":{"Bitcoin":2.8729649373,"CRC3":7.3309174895,"CRC3b":7.8902887239,"folio_equal-weight_btc_eth_xrp":4.4171525079},"Sharpe":{"Bitcoin":1.6411949698,"CRC3":5.3063732506,"CRC3b":5.522179991,"folio_equal-weight_btc_eth_xrp":2.4614296468},"perf":{"Bitcoin":2.6739927035,"CRC3":4.8054208857,"CRC3b":5.0439607189,"folio_equal-weight_btc_eth_xrp":4.1112348504},"net perf":{"Bitcoin":2.6739927035,"CRC3":4.8054208857,"CRC3b":5.0439607189,"folio_equal-weight_btc_eth_xrp":4.1112348504},"dd":{"Bitcoin":0.9307432432,"CRC3":0.6555006099,"CRC3b":0.6392618693,"folio_equal-weight_btc_eth_xrp":0.9307432431},"vol":{"Bitcoin":1.6292961852,"CRC3":0.9055942088,"CRC3b":0.9134002744,"folio_equal-weight_btc_eth_xrp":1.6702629936},"occ":{"Bitcoin":1.0,"CRC3":0.6387028854,"CRC3b":0.628921755,"folio_equal-weight_btc_eth_xrp":0.9999999994},"VaR robust 0.02":{"Bitcoin":-0.1380730196,"CRC3":-0.1511815422,"CRC3b":-0.1564457515,"folio_equal-weight_btc_eth_xrp":-0.1519733849},"VaR sample 0.02":{"Bitcoin":-0.1380730196,"CRC3":-0.1437476679,"CRC3b":-0.1452591946,"folio_equal-weight_btc_eth_xrp":-0.1437476679}}