{"net perf\/dd":{"Bitcoin":2.8852761072,"CRC3":7.4301928607,"CRC3b":7.9136644127,"folio_equal-weight_btc_eth_xrp":4.4605707817},"Sharpe":{"Bitcoin":1.6423183359,"CRC3":5.3600987179,"CRC3b":5.5208243309,"folio_equal-weight_btc_eth_xrp":2.4768247229},"perf":{"Bitcoin":2.6854512417,"CRC3":4.870495952,"CRC3b":5.0589039054,"folio_equal-weight_btc_eth_xrp":4.1516461154},"net perf":{"Bitcoin":2.6854512417,"CRC3":4.870495952,"CRC3b":5.0589039054,"folio_equal-weight_btc_eth_xrp":4.1516461154},"dd":{"Bitcoin":0.9307432432,"CRC3":0.6555006099,"CRC3b":0.6392618693,"folio_equal-weight_btc_eth_xrp":0.9307432431},"vol":{"Bitcoin":1.635158777,"CRC3":0.9086578827,"CRC3b":0.9163312582,"folio_equal-weight_btc_eth_xrp":1.6761969779},"occ":{"Bitcoin":1.0,"CRC3":0.63657817,"CRC3b":0.6265139158,"folio_equal-weight_btc_eth_xrp":0.9999999993},"VaR robust 0.02":{"Bitcoin":-0.1389325031,"CRC3":-0.125676007,"CRC3b":-0.1344652124,"folio_equal-weight_btc_eth_xrp":-0.1524485847},"VaR sample 0.02":{"Bitcoin":-0.1389325031,"CRC3":-0.1198507651,"CRC3b":-0.1258296945,"folio_equal-weight_btc_eth_xrp":-0.1443442716}}