{"net perf\/dd":{"Bitcoin":3.1304257279,"CRC3":7.6271848563,"CRC3b":8.1121370722,"folio_equal-weight_btc_eth_xrp":4.5847587944},"Sharpe":{"Bitcoin":1.8085409535,"CRC3":5.5485930719,"CRC3b":5.7074940817,"folio_equal-weight_btc_eth_xrp":2.5847397769},"perf":{"Bitcoin":2.9136225947,"CRC3":4.9996243253,"CRC3b":5.1857799087,"folio_equal-weight_btc_eth_xrp":4.2672332691},"net perf":{"Bitcoin":2.9136225947,"CRC3":4.9996243253,"CRC3b":5.1857799087,"folio_equal-weight_btc_eth_xrp":4.2672332691},"dd":{"Bitcoin":0.9307432432,"CRC3":0.6555006099,"CRC3b":0.6392618693,"folio_equal-weight_btc_eth_xrp":0.9307432431},"vol":{"Bitcoin":1.6110349003,"CRC3":0.9010616314,"CRC3b":0.9085913773,"folio_equal-weight_btc_eth_xrp":1.6509334159},"occ":{"Bitcoin":1.0,"CRC3":0.6490424227,"CRC3b":0.6394665866,"folio_equal-weight_btc_eth_xrp":0.9999999994},"VaR robust 0.02":{"Bitcoin":-0.1357274217,"CRC3":-0.1489367319,"CRC3b":-0.1501640063,"folio_equal-weight_btc_eth_xrp":-0.1496247395},"VaR sample 0.02":{"Bitcoin":-0.1357274217,"CRC3":-0.1416373149,"CRC3b":-0.1416419324,"folio_equal-weight_btc_eth_xrp":-0.1403001978}}