{"net perf\/dd":{"Bitcoin":3.3925055887,"CRC3":9.5368301955,"CRC3b":9.9684089067,"CRC4":8.1715163056,"folio_equal-weight_btc_eth_xrp":5.1830710797},"Sharpe":{"Bitcoin":1.8983982409,"CRC3":6.0150371612,"CRC3b":6.2364119278,"CRC4":5.3667697796,"folio_equal-weight_btc_eth_xrp":2.8334493007},"perf":{"Bitcoin":3.1575516543,"CRC3":5.5361892425,"CRC3b":5.7867233685,"CRC4":5.2515023448,"folio_equal-weight_btc_eth_xrp":4.8241083867},"net perf":{"Bitcoin":3.1575516543,"CRC3":5.5361892425,"CRC3b":5.7867233685,"CRC4":5.2515023448,"folio_equal-weight_btc_eth_xrp":4.8241083867},"dd":{"Bitcoin":0.9307432432,"CRC3":0.5805062195,"CRC3b":0.5805062195,"CRC4":0.6426594708,"folio_equal-weight_btc_eth_xrp":0.9307432432},"vol":{"Bitcoin":1.6632714813,"CRC3":0.9203915278,"CRC3b":0.9278930634,"CRC4":0.9785220087,"folio_equal-weight_btc_eth_xrp":1.7025568044},"occ":{"Bitcoin":1.0,"CRC3":0.6398417125,"CRC3b":0.6298845173,"CRC4":0.6580943332,"folio_equal-weight_btc_eth_xrp":1.0},"VaR robust 0.02":{"Bitcoin":-0.142016291,"CRC3":-0.0919312084,"CRC3b":-0.0956953984,"CRC4":-0.1137530602,"folio_equal-weight_btc_eth_xrp":-0.1538937681},"VaR sample 0.02":{"Bitcoin":-0.142016291,"CRC3":-0.0874135867,"CRC3b":-0.0905957023,"CRC4":-0.1062319222,"folio_equal-weight_btc_eth_xrp":-0.1470931205}}