{"net perf\/dd":{"Bitcoin":3.3540808183,"CRC3":9.4235576928,"CRC3b":9.8264236991,"CRC4":8.0804702159,"folio_equal-weight_btc_eth_xrp":5.1221144676},"Sharpe":{"Bitcoin":1.8814875734,"CRC3":5.9577430437,"CRC3b":6.1620167365,"CRC4":5.3196879332,"folio_equal-weight_btc_eth_xrp":2.806930137},"perf":{"Bitcoin":3.1217880589,"CRC3":5.4704338502,"CRC3b":5.7043000724,"CRC4":5.192990713,"folio_equal-weight_btc_eth_xrp":4.7673734319},"net perf":{"Bitcoin":3.1217880589,"CRC3":5.4704338502,"CRC3b":5.7043000724,"CRC4":5.192990713,"folio_equal-weight_btc_eth_xrp":4.7673734319},"dd":{"Bitcoin":0.9307432432,"CRC3":0.5805062195,"CRC3b":0.5805062195,"CRC4":0.6426594708,"folio_equal-weight_btc_eth_xrp":0.9307432432},"vol":{"Bitcoin":1.6592126905,"CRC3":0.9182057383,"CRC3b":0.9257196655,"CRC4":0.976183336,"folio_equal-weight_btc_eth_xrp":1.698429672},"occ":{"Bitcoin":1.0,"CRC3":0.6395434329,"CRC3b":0.6296638663,"CRC4":0.6585627335,"folio_equal-weight_btc_eth_xrp":1.0},"VaR robust 0.02":{"Bitcoin":-0.14126121,"CRC3":-0.094658144,"CRC3b":-0.0929262394,"CRC4":-0.1333706799,"folio_equal-weight_btc_eth_xrp":-0.1542549737},"VaR sample 0.02":{"Bitcoin":-0.14126121,"CRC3":-0.0901399053,"CRC3b":-0.0877783229,"CRC4":-0.1237983988,"folio_equal-weight_btc_eth_xrp":-0.1478682969}}