{"net perf\/dd":{"Bitcoin":3.5166851157,"CRC3":10.1200908744,"CRC3b":10.5728556192,"CRC4":8.7407658919,"folio_equal-weight_btc_eth_xrp":5.3508253256},"Sharpe":{"Bitcoin":1.9501643119,"CRC3":6.3527096485,"CRC3b":6.5637536386,"CRC4":5.7002631202,"folio_equal-weight_btc_eth_xrp":2.9049703035},"perf":{"Bitcoin":3.2731309101,"CRC3":5.8747756941,"CRC3b":6.1376084444,"CRC4":5.6173359827,"folio_equal-weight_btc_eth_xrp":4.9802445176},"net perf":{"Bitcoin":3.2731309101,"CRC3":5.8747756941,"CRC3b":6.1376084444,"CRC4":5.6173359827,"folio_equal-weight_btc_eth_xrp":4.9802445176},"dd":{"Bitcoin":0.9307432432,"CRC3":0.5805062195,"CRC3b":0.5805062195,"CRC4":0.6426594708,"folio_equal-weight_btc_eth_xrp":0.9307432432},"vol":{"Bitcoin":1.6783872467,"CRC3":0.9247669135,"CRC3b":0.9350759919,"CRC4":0.9854520509,"folio_equal-weight_btc_eth_xrp":1.714387411},"occ":{"Bitcoin":1.0,"CRC3":0.6405702747,"CRC3b":0.632141298,"CRC4":0.6594453148,"folio_equal-weight_btc_eth_xrp":1.0},"VaR robust 0.02":{"Bitcoin":-0.1437476678,"CRC3":-0.0608799132,"CRC3b":-0.0501036783,"CRC4":-0.0673380886,"folio_equal-weight_btc_eth_xrp":-0.1540622009},"VaR sample 0.02":{"Bitcoin":-0.1437476678,"CRC3":-0.0589350819,"CRC3b":-0.0482096581,"CRC4":-0.0635656417,"folio_equal-weight_btc_eth_xrp":-0.1463840162}}