{"net perf\/dd":{"Bitcoin":3.0722433478,"CRC3":7.2523346818,"CRC3b":7.7210191397,"folio_equal-weight_btc_eth_xrp":4.3096766682},"Sharpe":{"Bitcoin":1.7831436688,"CRC3":5.2984741464,"CRC3b":5.4556554956,"folio_equal-weight_btc_eth_xrp":2.4441571012},"perf":{"Bitcoin":2.8594697376,"CRC3":4.7539098073,"CRC3b":4.9357531281,"folio_equal-weight_btc_eth_xrp":4.0112024388},"net perf":{"Bitcoin":2.8594697376,"CRC3":4.7539098073,"CRC3b":4.9357531281,"folio_equal-weight_btc_eth_xrp":4.0112024388},"dd":{"Bitcoin":0.9307432432,"CRC3":0.6555006099,"CRC3b":0.6392618693,"folio_equal-weight_btc_eth_xrp":0.9307432431},"vol":{"Bitcoin":1.6036115248,"CRC3":0.8972224221,"CRC3b":0.9047039594,"folio_equal-weight_btc_eth_xrp":1.6411393673},"occ":{"Bitcoin":1.0,"CRC3":0.6463992803,"CRC3b":0.6370702098,"folio_equal-weight_btc_eth_xrp":0.9999999994},"VaR sample 0.02":{"Bitcoin":-0.1361176524,"CRC3":-0.0375226118,"CRC3b":-0.0433592247,"folio_equal-weight_btc_eth_xrp":-0.1380135415},"VaR robust 0.02":{"Bitcoin":-0.1361275019,"CRC3":-0.0395561165,"CRC3b":-0.0456758003,"folio_equal-weight_btc_eth_xrp":-0.149866234}}