{"net perf\/dd":{"Bitcoin":3.3748408692,"CRC3":9.4797087692,"CRC3b":9.9044916488,"CRC4":8.1265262544,"folio_equal-weight_btc_eth_xrp":5.1514504929},"Sharpe":{"Bitcoin":1.8906802237,"CRC3":5.9857047788,"CRC3b":6.2033281082,"CRC4":5.3431892971,"folio_equal-weight_btc_eth_xrp":2.8193776121},"perf":{"Bitcoin":3.1411103361,"CRC3":5.5030298992,"CRC3b":5.7496190028,"CRC4":5.2225890623,"folio_equal-weight_btc_eth_xrp":4.7946777392},"net perf":{"Bitcoin":3.1411103361,"CRC3":5.5030298992,"CRC3b":5.7496190028,"CRC4":5.2225890623,"folio_equal-weight_btc_eth_xrp":4.7946777392},"dd":{"Bitcoin":0.9307432432,"CRC3":0.5805062195,"CRC3b":0.5805062195,"CRC4":0.6426594708,"folio_equal-weight_btc_eth_xrp":0.9307432432},"vol":{"Bitcoin":1.6613652043,"CRC3":0.9193620639,"CRC3b":0.9268603728,"CRC4":0.9774291667,"folio_equal-weight_btc_eth_xrp":1.7006156673},"occ":{"Bitcoin":1.0,"CRC3":0.6397291735,"CRC3b":0.6298373011,"CRC4":0.6582725148,"folio_equal-weight_btc_eth_xrp":1.0},"VaR robust 0.02":{"Bitcoin":-0.1416730724,"CRC3":-0.0919019292,"CRC3b":-0.097229424,"CRC4":-0.1256448688,"folio_equal-weight_btc_eth_xrp":-0.153723767},"VaR sample 0.02":{"Bitcoin":-0.1416730724,"CRC3":-0.0875960713,"CRC3b":-0.0918165179,"CRC4":-0.1167321537,"folio_equal-weight_btc_eth_xrp":-0.1468688442}}