{"net perf\/dd":{"Bitcoin":2.8699979097,"CRC3":7.2986950356,"CRC3b":7.8406797368,"folio_equal-weight_btc_eth_xrp":4.3960963603},"Sharpe":{"Bitcoin":1.6417603152,"CRC3":5.2895458006,"CRC3b":5.4933670926,"folio_equal-weight_btc_eth_xrp":2.4530285401},"perf":{"Bitcoin":2.6712311626,"CRC3":4.7842990475,"CRC3b":5.0122475851,"folio_equal-weight_btc_eth_xrp":4.0916369833},"net perf":{"Bitcoin":2.6712311626,"CRC3":4.7842990475,"CRC3b":5.0122475851,"folio_equal-weight_btc_eth_xrp":4.0916369833},"dd":{"Bitcoin":0.9307432432,"CRC3":0.6555006099,"CRC3b":0.6392618693,"folio_equal-weight_btc_eth_xrp":0.9307432431},"vol":{"Bitcoin":1.6270530709,"CRC3":0.9044820156,"CRC3b":0.9124181036,"folio_equal-weight_btc_eth_xrp":1.6679940394},"occ":{"Bitcoin":1.0,"CRC3":0.6397960619,"CRC3b":0.6300665535,"folio_equal-weight_btc_eth_xrp":0.9999999994},"VaR robust 0.02":{"Bitcoin":-0.1376547603,"CRC3":-0.150506907,"CRC3b":-0.1549684037,"folio_equal-weight_btc_eth_xrp":-0.1515733666},"VaR sample 0.02":{"Bitcoin":-0.1376547603,"CRC3":-0.1438990489,"CRC3b":-0.14506512,"folio_equal-weight_btc_eth_xrp":-0.14347387}}