{"net perf\/dd":{"Bitcoin":3.0029900828,"CRC3":7.127058423,"CRC3b":7.5877026568,"folio_equal-weight_btc_eth_xrp":4.1851964118},"Sharpe":{"Bitcoin":1.7464460341,"CRC3":5.2181952265,"CRC3b":5.3730568853,"folio_equal-weight_btc_eth_xrp":2.3780128623},"perf":{"Bitcoin":2.7950127291,"CRC3":4.6717911433,"CRC3b":4.850528984,"folio_equal-weight_btc_eth_xrp":3.8953432813},"net perf":{"Bitcoin":2.7950127291,"CRC3":4.6717911433,"CRC3b":4.850528984,"folio_equal-weight_btc_eth_xrp":3.8953432813},"dd":{"Bitcoin":0.9307432432,"CRC3":0.6555006099,"CRC3b":0.6392618693,"folio_equal-weight_btc_eth_xrp":0.9307432431},"vol":{"Bitcoin":1.6004002841,"CRC3":0.8952886852,"CRC3b":0.9027503501,"folio_equal-weight_btc_eth_xrp":1.6380665315},"occ":{"Bitcoin":1.0,"CRC3":0.6445799696,"CRC3b":0.6353043917,"folio_equal-weight_btc_eth_xrp":0.9999999994},"VaR sample 0.02":{"Bitcoin":-0.1359994587,"CRC3":-0.0264127705,"CRC3b":-0.0317187435,"folio_equal-weight_btc_eth_xrp":-0.1370572471},"VaR robust 0.02":{"Bitcoin":-0.1360093082,"CRC3":-0.0282128287,"CRC3b":-0.0338196776,"folio_equal-weight_btc_eth_xrp":-0.1493321145}}