{"net perf\/dd":{"Bitcoin":3.3859149989,"CRC3":9.5574138069,"CRC3b":9.9951138424,"CRC4":8.1941733435,"folio_equal-weight_btc_eth_xrp":5.1600047334},"Sharpe":{"Bitcoin":1.8925854788,"CRC3":6.0241226595,"CRC3b":6.2476110729,"CRC4":5.3772930193,"folio_equal-weight_btc_eth_xrp":2.8181911947},"perf":{"Bitcoin":3.1514175074,"CRC3":5.5481381569,"CRC3b":5.8022257498,"CRC4":5.2660631048,"folio_equal-weight_btc_eth_xrp":4.8026395407},"net perf":{"Bitcoin":3.1514175074,"CRC3":5.5481381569,"CRC3b":5.8022257498,"CRC4":5.2660631048,"folio_equal-weight_btc_eth_xrp":4.8026395407},"dd":{"Bitcoin":0.9307432432,"CRC3":0.5805062195,"CRC3b":0.5805062195,"CRC4":0.6426594708,"folio_equal-weight_btc_eth_xrp":0.9307432432},"vol":{"Bitcoin":1.665138797,"CRC3":0.9209869172,"CRC3b":0.9287110997,"CRC4":0.9793148869,"folio_equal-weight_btc_eth_xrp":1.7041567477},"occ":{"Bitcoin":1.0,"CRC3":0.6401203496,"CRC3b":0.6301827364,"CRC4":0.658387276,"folio_equal-weight_btc_eth_xrp":1.0},"VaR robust 0.02":{"Bitcoin":-0.1423004502,"CRC3":-0.0656341587,"CRC3b":-0.0659884945,"CRC4":-0.0677562996,"folio_equal-weight_btc_eth_xrp":-0.153701833},"VaR sample 0.02":{"Bitcoin":-0.1423004502,"CRC3":-0.0631042266,"CRC3b":-0.0624161633,"CRC4":-0.0635840274,"folio_equal-weight_btc_eth_xrp":-0.1471234068}}