{"net perf\/dd":{"Bitcoin":3.3859020105,"CRC3":9.5458111021,"CRC3b":9.9749914877,"CRC4":8.170721897,"folio_equal-weight_btc_eth_xrp":5.1668262925},"Sharpe":{"Bitcoin":1.8928680988,"CRC3":6.0148743324,"CRC3b":6.2343846252,"CRC4":5.3609493329,"folio_equal-weight_btc_eth_xrp":2.8218707884},"perf":{"Bitcoin":3.1514054186,"CRC3":5.5414027146,"CRC3b":5.7905445977,"CRC4":5.2509918106,"folio_equal-weight_btc_eth_xrp":4.8089886607},"net perf":{"Bitcoin":3.1514054186,"CRC3":5.5414027146,"CRC3b":5.7905445977,"CRC4":5.2509918106,"folio_equal-weight_btc_eth_xrp":4.8089886607},"dd":{"Bitcoin":0.9307432432,"CRC3":0.5805062195,"CRC3b":0.5805062195,"CRC4":0.6426594708,"folio_equal-weight_btc_eth_xrp":0.9307432432},"vol":{"Bitcoin":1.6648837923,"CRC3":0.921283207,"CRC3b":0.9288077245,"CRC4":0.9794891696,"folio_equal-weight_btc_eth_xrp":1.7041845716},"occ":{"Bitcoin":1.0,"CRC3":0.64001971,"CRC3b":0.6300826707,"CRC4":0.6582777034,"folio_equal-weight_btc_eth_xrp":1.0},"VaR robust 0.02":{"Bitcoin":-0.1422613362,"CRC3":-0.0656234897,"CRC3b":-0.0639592612,"CRC4":-0.0702098082,"folio_equal-weight_btc_eth_xrp":-0.1539434598},"VaR sample 0.02":{"Bitcoin":-0.1422613362,"CRC3":-0.062670227,"CRC3b":-0.0605752401,"CRC4":-0.0657790771,"folio_equal-weight_btc_eth_xrp":-0.1469540782}}