{"net perf\/dd":{"Bitcoin":3.4244218818,"CRC3":9.7249514306,"CRC3b":10.1377365099,"CRC4":8.3257160748,"folio_equal-weight_btc_eth_xrp":5.2611113783},"Sharpe":{"Bitcoin":1.9136488022,"CRC3":6.1321752093,"CRC3b":6.3380516671,"CRC4":5.4652388938,"folio_equal-weight_btc_eth_xrp":2.8732403651},"perf":{"Bitcoin":3.1872575285,"CRC3":5.6453947895,"CRC3b":5.8850190953,"CRC4":5.3506002869,"folio_equal-weight_btc_eth_xrp":4.8967438673},"net perf":{"Bitcoin":3.1872575285,"CRC3":5.6453947895,"CRC3b":5.8850190953,"CRC4":5.3506002869,"folio_equal-weight_btc_eth_xrp":4.8967438673},"dd":{"Bitcoin":0.9307432432,"CRC3":0.5805062195,"CRC3b":0.5805062195,"CRC4":0.6426594708,"folio_equal-weight_btc_eth_xrp":0.9307432432},"vol":{"Bitcoin":1.6655394265,"CRC3":0.9206186381,"CRC3b":0.9285217926,"CRC4":0.9790240447,"folio_equal-weight_btc_eth_xrp":1.7042583443},"occ":{"Bitcoin":1.0,"CRC3":0.6399508288,"CRC3b":0.6300743801,"CRC4":0.6581960871,"folio_equal-weight_btc_eth_xrp":1.0},"VaR robust 0.02":{"Bitcoin":-0.1423786782,"CRC3":-0.12984465,"CRC3b":-0.1202885275,"CRC4":-0.139375814,"folio_equal-weight_btc_eth_xrp":-0.1541371969},"VaR sample 0.02":{"Bitcoin":-0.1423786782,"CRC3":-0.1251213411,"CRC3b":-0.1137775534,"CRC4":-0.1303733371,"folio_equal-weight_btc_eth_xrp":-0.1483319903}}