{"net perf\/dd":{"Bitcoin":2.8646126823,"CRC3":7.3529653676,"CRC3b":7.8271567384,"folio_equal-weight_btc_eth_xrp":4.4192861415},"Sharpe":{"Bitcoin":1.6323454557,"CRC3":5.3097802894,"CRC3b":5.4658796555,"folio_equal-weight_btc_eth_xrp":2.4565784765},"perf":{"Bitcoin":2.6662188986,"CRC3":4.8198732832,"CRC3b":5.0036028478,"folio_equal-weight_btc_eth_xrp":4.1132207155},"net perf":{"Bitcoin":2.6662188986,"CRC3":4.8198732832,"CRC3b":5.0036028478,"folio_equal-weight_btc_eth_xrp":4.1132207155},"dd":{"Bitcoin":0.9307432432,"CRC3":0.6555006099,"CRC3b":0.6392618693,"folio_equal-weight_btc_eth_xrp":0.9307432431},"vol":{"Bitcoin":1.6333668154,"CRC3":0.9077349759,"CRC3b":0.9154249934,"folio_equal-weight_btc_eth_xrp":1.6743697605},"occ":{"Bitcoin":1.0,"CRC3":0.6371544292,"CRC3b":0.6271565549,"folio_equal-weight_btc_eth_xrp":0.9999999994},"VaR robust 0.02":{"Bitcoin":-0.1387900356,"CRC3":-0.111230434,"CRC3b":-0.1184087408,"folio_equal-weight_btc_eth_xrp":-0.1521654119},"VaR sample 0.02":{"Bitcoin":-0.1387900356,"CRC3":-0.1057015333,"CRC3b":-0.1107010744,"folio_equal-weight_btc_eth_xrp":-0.1442056469}}