{"net perf\/dd":{"Bitcoin":3.0539262688,"CRC3":7.5322552982,"CRC3b":8.0304658252,"folio_equal-weight_btc_eth_xrp":4.5282899693},"Sharpe":{"Bitcoin":1.7606564942,"CRC3":5.470528303,"CRC3b":5.6400696847,"folio_equal-weight_btc_eth_xrp":2.5475547484},"perf":{"Bitcoin":2.84242124,"CRC3":4.9373979421,"CRC3b":5.1335705947,"folio_equal-weight_btc_eth_xrp":4.2146752917},"net perf":{"Bitcoin":2.84242124,"CRC3":4.9373979421,"CRC3b":5.1335705947,"folio_equal-weight_btc_eth_xrp":4.2146752917},"dd":{"Bitcoin":0.9307432432,"CRC3":0.6555006099,"CRC3b":0.6392618693,"folio_equal-weight_btc_eth_xrp":0.9307432431},"vol":{"Bitcoin":1.6144098803,"CRC3":0.9025449954,"CRC3b":0.9101963064,"folio_equal-weight_btc_eth_xrp":1.6544002811},"occ":{"Bitcoin":1.0,"CRC3":0.647376964,"CRC3b":0.6378144114,"folio_equal-weight_btc_eth_xrp":0.9999999994},"VaR robust 0.02":{"Bitcoin":-0.1357558879,"CRC3":-0.1498583441,"CRC3b":-0.1477184055,"folio_equal-weight_btc_eth_xrp":-0.1510404313},"VaR sample 0.02":{"Bitcoin":-0.1357558879,"CRC3":-0.1418289723,"CRC3b":-0.1380372479,"folio_equal-weight_btc_eth_xrp":-0.1410552788}}