{"net perf\/dd":{"Bitcoin":2.8726100816,"CRC3":6.8797346061,"CRC3b":7.2945874997,"folio_equal-weight_btc_eth_xrp":4.0858486886},"Sharpe":{"Bitcoin":1.6791850382,"CRC3":5.0617168688,"CRC3b":5.1884453027,"folio_equal-weight_btc_eth_xrp":2.3330844153},"perf":{"Bitcoin":2.6736624239,"CRC3":4.5096702304,"CRC3b":4.6631516408,"folio_equal-weight_btc_eth_xrp":3.8028760592},"net perf":{"Bitcoin":2.6736624239,"CRC3":4.5096702304,"CRC3b":4.6631516408,"folio_equal-weight_btc_eth_xrp":3.8028760592},"dd":{"Bitcoin":0.9307432432,"CRC3":0.6555006099,"CRC3b":0.6392618693,"folio_equal-weight_btc_eth_xrp":0.9307432431},"vol":{"Bitcoin":1.5922381174,"CRC3":0.8909368792,"CRC3b":0.8987570204,"folio_equal-weight_btc_eth_xrp":1.6299779101},"occ":{"Bitcoin":1.0,"CRC3":0.6415905065,"CRC3b":0.6323938536,"folio_equal-weight_btc_eth_xrp":0.9999999994},"VaR sample 0.02":{"Bitcoin":-0.1357843542,"CRC3":-0.0624763447,"CRC3b":-0.0543361435,"folio_equal-weight_btc_eth_xrp":-0.1380316447},"VaR robust 0.02":{"Bitcoin":-0.1357869421,"CRC3":-0.0668804433,"CRC3b":-0.0595543543,"folio_equal-weight_btc_eth_xrp":-0.1497439015}}