{"net perf\/dd":{"Bitcoin":2.9964331784,"CRC3":7.3676767861,"CRC3b":7.8677435402,"folio_equal-weight_btc_eth_xrp":4.411689601},"Sharpe":{"Bitcoin":1.723576798,"CRC3":5.3567298686,"CRC3b":5.5310327506,"folio_equal-weight_btc_eth_xrp":2.4755574606},"perf":{"Bitcoin":2.7889099347,"CRC3":4.829516627,"CRC3b":5.0295484426,"folio_equal-weight_btc_eth_xrp":4.1061502867},"net perf":{"Bitcoin":2.7889099347,"CRC3":4.829516627,"CRC3b":5.0295484426,"folio_equal-weight_btc_eth_xrp":4.1061502867},"dd":{"Bitcoin":0.9307432432,"CRC3":0.6555006099,"CRC3b":0.6392618693,"folio_equal-weight_btc_eth_xrp":0.9307432431},"vol":{"Bitcoin":1.6180943825,"CRC3":0.9015792742,"CRC3b":0.9093326092,"folio_equal-weight_btc_eth_xrp":1.6586770261},"occ":{"Bitcoin":1.0,"CRC3":0.6444964178,"CRC3b":0.6348938712,"folio_equal-weight_btc_eth_xrp":0.9999999994},"VaR robust 0.02":{"Bitcoin":-0.1358622205,"CRC3":-0.1469523471,"CRC3b":-0.1478973059,"folio_equal-weight_btc_eth_xrp":-0.1494107542},"VaR sample 0.02":{"Bitcoin":-0.1358622205,"CRC3":-0.1422305854,"CRC3b":-0.1423004501,"folio_equal-weight_btc_eth_xrp":-0.1423004501}}