{"net perf\/dd":{"Bitcoin":3.5565156176,"CRC3":10.052871823,"CRC3b":10.5003020136,"CRC4":8.6958928687,"folio_equal-weight_btc_eth_xrp":5.3522624499},"Sharpe":{"Bitcoin":1.9764310331,"CRC3":6.3236203989,"CRC3b":6.5324614672,"CRC4":5.6826637101,"folio_equal-weight_btc_eth_xrp":2.9118085748},"perf":{"Bitcoin":3.3102028805,"CRC3":5.8357546168,"CRC3b":6.0954906252,"CRC4":5.5884979094,"folio_equal-weight_btc_eth_xrp":4.9815821113},"net perf":{"Bitcoin":3.3102028805,"CRC3":5.8357546168,"CRC3b":6.0954906252,"CRC4":5.5884979094,"folio_equal-weight_btc_eth_xrp":4.9815821113},"dd":{"Bitcoin":0.9307432432,"CRC3":0.5805062195,"CRC3b":0.5805062195,"CRC4":0.6426594708,"folio_equal-weight_btc_eth_xrp":0.9307432432},"vol":{"Bitcoin":1.6748385474,"CRC3":0.9228502422,"CRC3b":0.9331077812,"CRC4":0.983429285,"folio_equal-weight_btc_eth_xrp":1.7108206063},"occ":{"Bitcoin":1.0,"CRC3":0.639986746,"CRC3b":0.6312491977,"CRC4":0.6589905275,"folio_equal-weight_btc_eth_xrp":1.0},"VaR robust 0.02":{"Bitcoin":-0.1433956419,"CRC3":-0.1008543866,"CRC3b":-0.0890265104,"CRC4":-0.112650314,"folio_equal-weight_btc_eth_xrp":-0.1548575305},"VaR sample 0.02":{"Bitcoin":-0.1433956419,"CRC3":-0.0962171192,"CRC3b":-0.0858699207,"CRC4":-0.1067589673,"folio_equal-weight_btc_eth_xrp":-0.1474475098}}