{"net perf\/dd":{"Bitcoin":2.8715584673,"CRC3":7.3322583311,"CRC3b":7.896950643,"folio_equal-weight_btc_eth_xrp":4.4183065662},"Sharpe":{"Bitcoin":1.6401331941,"CRC3":5.3065343159,"CRC3b":5.5259945437,"folio_equal-weight_btc_eth_xrp":2.4616897533},"perf":{"Bitcoin":2.672683641,"CRC3":4.8062998082,"CRC3b":5.0482194297,"folio_equal-weight_btc_eth_xrp":4.1123089824},"net perf":{"Bitcoin":2.672683641,"CRC3":4.8062998082,"CRC3b":5.0482194297,"folio_equal-weight_btc_eth_xrp":4.1123089824},"dd":{"Bitcoin":0.9307432432,"CRC3":0.6555006099,"CRC3b":0.6392618693,"folio_equal-weight_btc_eth_xrp":0.9307432431},"vol":{"Bitcoin":1.6295528013,"CRC3":0.9057323522,"CRC3b":0.9135404297,"folio_equal-weight_btc_eth_xrp":1.67052285},"occ":{"Bitcoin":1.0,"CRC3":0.6385430901,"CRC3b":0.6287576338,"folio_equal-weight_btc_eth_xrp":0.9999999994},"VaR robust 0.02":{"Bitcoin":-0.138132771,"CRC3":-0.1513541358,"CRC3b":-0.1567809632,"folio_equal-weight_btc_eth_xrp":-0.1520413876},"VaR sample 0.02":{"Bitcoin":-0.138132771,"CRC3":-0.143813769,"CRC3b":-0.1452869196,"folio_equal-weight_btc_eth_xrp":-0.1437867819}}