{"net perf\/dd":{"Bitcoin":2.8853079496,"CRC3":7.5376657419,"CRC3b":8.054934448,"folio_equal-weight_btc_eth_xrp":4.4509378409},"Sharpe":{"Bitcoin":1.6355646476,"CRC3":5.399435343,"CRC3b":5.5624184736,"folio_equal-weight_btc_eth_xrp":2.461979762},"perf":{"Bitcoin":2.6854808788,"CRC3":4.9234894751,"CRC3b":5.1149303053,"folio_equal-weight_btc_eth_xrp":4.1426803208},"net perf":{"Bitcoin":2.6854808788,"CRC3":4.9234894751,"CRC3b":5.1149303053,"folio_equal-weight_btc_eth_xrp":4.1426803208},"dd":{"Bitcoin":0.9307432432,"CRC3":0.6531849041,"CRC3b":0.6350058263,"folio_equal-weight_btc_eth_xrp":0.9307432431},"vol":{"Bitcoin":1.6419289098,"CRC3":0.9118526591,"CRC3b":0.9195515098,"folio_equal-weight_btc_eth_xrp":1.6826622155},"occ":{"Bitcoin":1.0,"CRC3":0.6370338193,"CRC3b":0.6271947403,"folio_equal-weight_btc_eth_xrp":0.9999999993},"VaR robust 0.02":{"Bitcoin":-0.1395023731,"CRC3":-0.0533992494,"CRC3b":-0.0502595413,"folio_equal-weight_btc_eth_xrp":-0.1527344414},"VaR sample 0.02":{"Bitcoin":-0.1395023731,"CRC3":-0.0507915763,"CRC3b":-0.0476233673,"folio_equal-weight_btc_eth_xrp":-0.1448987704}}