{"net perf\/dd":{"Bitcoin":2.9276979581,"CRC3":7.8118656648,"CRC3b":8.3688361992,"folio_equal-weight_btc_eth_xrp":4.5508643495},"Sharpe":{"Bitcoin":1.6570581492,"CRC3":5.4720982642,"CRC3b":5.6381545783,"folio_equal-weight_btc_eth_xrp":2.5136684864},"perf":{"Bitcoin":2.7249350927,"CRC3":4.9967451611,"CRC3b":5.1918591251,"folio_equal-weight_btc_eth_xrp":4.2356862436},"net perf":{"Bitcoin":2.7249350927,"CRC3":4.9967451611,"CRC3b":5.1918591251,"folio_equal-weight_btc_eth_xrp":4.2356862436},"dd":{"Bitcoin":0.9307432432,"CRC3":0.6396353157,"CRC3b":0.6203800626,"folio_equal-weight_btc_eth_xrp":0.9307432431},"vol":{"Bitcoin":1.6444414422,"CRC3":0.9131314753,"CRC3b":0.9208437004,"folio_equal-weight_btc_eth_xrp":1.6850616008},"occ":{"Bitcoin":1.0,"CRC3":0.6373893572,"CRC3b":0.6276159498,"folio_equal-weight_btc_eth_xrp":0.9999999993},"VaR robust 0.02":{"Bitcoin":-0.1396733341,"CRC3":-0.0861876065,"CRC3b":-0.0856081099,"folio_equal-weight_btc_eth_xrp":-0.1529355405},"VaR sample 0.02":{"Bitcoin":-0.1396733341,"CRC3":-0.0816038562,"CRC3b":-0.0803993357,"folio_equal-weight_btc_eth_xrp":-0.14506512}}