{"net perf\/dd":{"Bitcoin":2.9488481236,"CRC3":7.3815413423,"CRC3b":7.9101694953,"folio_equal-weight_btc_eth_xrp":4.4421492062},"Sharpe":{"Bitcoin":1.6917823069,"CRC3":5.355361091,"CRC3b":5.5491037393,"folio_equal-weight_btc_eth_xrp":2.4861954722},"perf":{"Bitcoin":2.7446204664,"CRC3":4.8386048521,"CRC3b":5.056669738,"folio_equal-weight_btc_eth_xrp":4.1345003585},"net perf":{"Bitcoin":2.7446204664,"CRC3":4.8386048521,"CRC3b":5.056669738,"folio_equal-weight_btc_eth_xrp":4.1345003585},"dd":{"Bitcoin":0.9307432432,"CRC3":0.6555006099,"CRC3b":0.6392618693,"folio_equal-weight_btc_eth_xrp":0.9307432431},"vol":{"Bitcoin":1.6223248436,"CRC3":0.9035067421,"CRC3b":0.9112588222,"folio_equal-weight_btc_eth_xrp":1.6629828204},"occ":{"Bitcoin":1.0,"CRC3":0.6423182777,"CRC3b":0.6326568971,"folio_equal-weight_btc_eth_xrp":0.9999999994},"VaR robust 0.02":{"Bitcoin":-0.1366987391,"CRC3":-0.1491127489,"CRC3b":-0.1519261605,"folio_equal-weight_btc_eth_xrp":-0.1509711151},"VaR sample 0.02":{"Bitcoin":-0.1366987391,"CRC3":-0.1427697642,"CRC3b":-0.1435299953,"folio_equal-weight_btc_eth_xrp":-0.142848046}}