{
    "occ": {
        "2": 0.644713902,
        "0": 0.6341536717,
        "1": 0.6613845179,
        "3": 1.0
    },
    "perf": {
        "2": 6.1577289406,
        "0": 6.4292518819,
        "1": 5.916563112,
        "3": 5.3218776658
    },
    "net perf/dd": {
        "2": 10.6075158785,
        "0": 11.0752506456,
        "1": 9.2063734849,
        "3": 5.7178794522
    },
    "VaR robust 0.02": {
        "2": -0.0209980524,
        "0": -0.0219770582,
        "1": -0.0325328585,
        "3": -0.1557529982
    },
    "Sharpe": {
        "2": 6.6205464469,
        "0": 6.8404396403,
        "1": 5.9747345326,
        "3": 3.0878095156
    },
    "VaR sample 0.02": {
        "2": -0.0203772607,
        "0": -0.0212327678,
        "1": -0.0304304678,
        "3": -0.1490611096
    },
    "vol": {
        "2": 0.9300937604,
        "0": 0.9398886943,
        "1": 0.9902637648,
        "3": 1.7235122954
    },
    "Unnamed: 0": {
        "2": "folio_btc_eth_xrp",
        "0": "folio_btc_eth_xlm",
        "1": "folio_btc_eth_xlm_rep",
        "3": "folio_equal-weight_btc_eth_xrp"
    },
    "dd": {
        "2": 0.5805062195,
        "0": 0.5805062195,
        "1": 0.6426594708,
        "3": 0.9307432432
    },
    "net perf": {
        "2": 6.1577289406,
        "0": 6.4292518819,
        "1": 5.916563112,
        "3": 5.3218776658
    }
}