{"net perf\/dd":{"Bitcoin":3.012074452,"CRC3":7.0808835139,"CRC3b":7.5359810786,"folio_equal-weight_btc_eth_xrp":4.1830584863},"Sharpe":{"Bitcoin":1.7543428515,"CRC3":5.1927139042,"CRC3b":5.3449899108,"folio_equal-weight_btc_eth_xrp":2.3804954784},"perf":{"Bitcoin":2.8034679443,"CRC3":4.6415234622,"CRC3b":4.8174653512,"folio_equal-weight_btc_eth_xrp":3.8933534216},"net perf":{"Bitcoin":2.8034679443,"CRC3":4.6415234622,"CRC3b":4.8174653512,"folio_equal-weight_btc_eth_xrp":3.8933534216},"dd":{"Bitcoin":0.9307432432,"CRC3":0.6555006099,"CRC3b":0.6392618693,"folio_equal-weight_btc_eth_xrp":0.9307432431},"vol":{"Bitcoin":1.598015999,"CRC3":0.893853108,"CRC3b":0.901304854,"folio_equal-weight_btc_eth_xrp":1.6355222923},"occ":{"Bitcoin":1.0,"CRC3":0.6436128546,"CRC3b":0.6343865146,"folio_equal-weight_btc_eth_xrp":0.9999999994},"VaR sample 0.02":{"Bitcoin":-0.1359305124,"CRC3":-0.0479934466,"CRC3b":-0.0479769894,"folio_equal-weight_btc_eth_xrp":-0.1375022371},"VaR robust 0.02":{"Bitcoin":-0.1359403618,"CRC3":-0.0516492913,"CRC3b":-0.0509849572,"folio_equal-weight_btc_eth_xrp":-0.1498112739}}