{"net perf\/dd":{"Bitcoin":2.8669584264,"CRC3":7.2921966159,"CRC3b":7.8367708286,"folio_equal-weight_btc_eth_xrp":4.3945438056},"Sharpe":{"Bitcoin":1.6407969915,"CRC3":5.2872343112,"CRC3b":5.4931532361,"folio_equal-weight_btc_eth_xrp":2.4533112042},"perf":{"Bitcoin":2.668402184,"CRC3":4.7800393295,"CRC3b":5.0097487691,"folio_equal-weight_btc_eth_xrp":4.0901919536},"net perf":{"Bitcoin":2.668402184,"CRC3":4.7800393295,"CRC3b":5.0097487691,"folio_equal-weight_btc_eth_xrp":4.0901919536},"dd":{"Bitcoin":0.9307432432,"CRC3":0.6555006099,"CRC3b":0.6392618693,"folio_equal-weight_btc_eth_xrp":0.9307432431},"vol":{"Bitcoin":1.6262841764,"CRC3":0.904071779,"CRC3b":0.9119987289,"folio_equal-weight_btc_eth_xrp":1.6672128454},"occ":{"Bitcoin":1.0,"CRC3":0.6399547421,"CRC3b":0.6302295198,"folio_equal-weight_btc_eth_xrp":0.9999999994},"VaR robust 0.02":{"Bitcoin":-0.137595009,"CRC3":-0.1506171166,"CRC3b":-0.1551376194,"folio_equal-weight_btc_eth_xrp":-0.1515601763},"VaR sample 0.02":{"Bitcoin":-0.137595009,"CRC3":-0.143434756,"CRC3b":-0.1450373951,"folio_equal-weight_btc_eth_xrp":-0.143434756}}