{"net perf\/dd":{"Bitcoin":3.1201168931,"CRC3":7.6620840982,"CRC3b":8.1827138108,"folio_equal-weight_btc_eth_xrp":4.5982231131},"Sharpe":{"Bitcoin":1.7965390885,"CRC3":5.5617195497,"CRC3b":5.7436073157,"folio_equal-weight_btc_eth_xrp":2.5837402562},"perf":{"Bitcoin":2.9040277164,"CRC3":5.0225007997,"CRC3b":5.2308969266,"folio_equal-weight_btc_eth_xrp":4.2797650928},"net perf":{"Bitcoin":2.9040277164,"CRC3":5.0225007997,"CRC3b":5.2308969266,"folio_equal-weight_btc_eth_xrp":4.2797650928},"dd":{"Bitcoin":0.9307432432,"CRC3":0.6555006099,"CRC3b":0.6392618693,"folio_equal-weight_btc_eth_xrp":0.9307432431},"vol":{"Bitcoin":1.616456739,"CRC3":0.9030481949,"CRC3b":0.9107337321,"folio_equal-weight_btc_eth_xrp":1.6564223445},"occ":{"Bitcoin":1.0,"CRC3":0.6461557587,"CRC3b":0.6365751885,"folio_equal-weight_btc_eth_xrp":0.9999999994},"VaR robust 0.02":{"Bitcoin":-0.1357765907,"CRC3":-0.1490955404,"CRC3b":-0.1511988576,"folio_equal-weight_btc_eth_xrp":-0.1509847656},"VaR sample 0.02":{"Bitcoin":-0.1357765907,"CRC3":-0.1421555703,"CRC3b":-0.1420888681,"folio_equal-weight_btc_eth_xrp":-0.1416044286}}