{"net perf\/dd":{"Bitcoin":3.4444811333,"CRC3":9.7880465145,"CRC3b":10.2472064856,"CRC4":8.4234957461,"folio_equal-weight_btc_eth_xrp":5.1525749721},"Sharpe":{"Bitcoin":1.9183502677,"CRC3":6.1671384985,"CRC3b":6.3871025591,"CRC4":5.5129066836,"folio_equal-weight_btc_eth_xrp":2.807792812},"perf":{"Bitcoin":3.2059275413,"CRC3":5.6820218781,"CRC3b":5.948567097,"CRC4":5.4134393187,"folio_equal-weight_btc_eth_xrp":4.7957243406},"net perf":{"Bitcoin":3.2059275413,"CRC3":5.6820218781,"CRC3b":5.948567097,"CRC4":5.4134393187,"folio_equal-weight_btc_eth_xrp":4.7957243406},"dd":{"Bitcoin":0.9307432432,"CRC3":0.5805062195,"CRC3b":0.5805062195,"CRC4":0.6426594708,"folio_equal-weight_btc_eth_xrp":0.9307432432},"vol":{"Bitcoin":1.6711898735,"CRC3":0.9213384586,"CRC3b":0.9313404696,"CRC4":0.9819573647,"folio_equal-weight_btc_eth_xrp":1.7080050637},"occ":{"Bitcoin":1.0,"CRC3":0.6386136279,"CRC3b":0.6299155583,"CRC4":0.6578069662,"folio_equal-weight_btc_eth_xrp":1.0},"VaR robust 0.02":{"Bitcoin":-0.142965388,"CRC3":-0.0678661533,"CRC3b":-0.0620259472,"CRC4":-0.0672829773,"folio_equal-weight_btc_eth_xrp":-0.1543919078},"VaR sample 0.02":{"Bitcoin":-0.142965388,"CRC3":-0.0652554225,"CRC3b":-0.0592958265,"CRC4":-0.0634676317,"folio_equal-weight_btc_eth_xrp":-0.1467515358}}