{"net perf\/dd":{"Bitcoin":3.3816223544,"CRC3":9.5017617361,"CRC3b":9.9395162008,"CRC4":8.1497897003,"folio_equal-weight_btc_eth_xrp":5.1639785546},"Sharpe":{"Bitcoin":1.8935505522,"CRC3":5.9967653465,"CRC3b":6.2223574081,"CRC4":5.3559916557,"folio_equal-weight_btc_eth_xrp":2.8248538633},"perf":{"Bitcoin":3.1474221576,"CRC3":5.5158317837,"CRC3b":5.769950973,"CRC4":5.2375395362,"folio_equal-weight_btc_eth_xrp":4.806338148},"net perf":{"Bitcoin":3.1474221576,"CRC3":5.5158317837,"CRC3b":5.769950973,"CRC4":5.2375395362,"folio_equal-weight_btc_eth_xrp":4.806338148},"dd":{"Bitcoin":0.9307432432,"CRC3":0.5805062195,"CRC3b":0.5805062195,"CRC4":0.6426594708,"folio_equal-weight_btc_eth_xrp":0.9307432432},"vol":{"Bitcoin":1.6621801588,"CRC3":0.9198011703,"CRC3b":0.9272934026,"CRC4":0.9778841852,"folio_equal-weight_btc_eth_xrp":1.7014466519},"occ":{"Bitcoin":1.0,"CRC3":0.6397895919,"CRC3b":0.629854265,"CRC4":0.6581080056,"folio_equal-weight_btc_eth_xrp":1.0},"VaR robust 0.02":{"Bitcoin":-0.1418790036,"CRC3":-0.0910302344,"CRC3b":-0.0967961365,"CRC4":-0.1206384698,"folio_equal-weight_btc_eth_xrp":-0.1538323412},"VaR sample 0.02":{"Bitcoin":-0.1418790036,"CRC3":-0.0871189714,"CRC3b":-0.0913684948,"CRC4":-0.1122164183,"folio_equal-weight_btc_eth_xrp":-0.1470900092}}