{"net perf\/dd":{"Bitcoin":3.0819601473,"CRC3":7.4017489854,"CRC3b":7.8864736956,"folio_equal-weight_btc_eth_xrp":4.3870305048},"Sharpe":{"Bitcoin":1.782956928,"CRC3":5.386790642,"CRC3b":5.5512433593,"folio_equal-weight_btc_eth_xrp":2.4788424609},"perf":{"Bitcoin":2.868513583,"CRC3":4.8518509745,"CRC3b":5.0415219168,"folio_equal-weight_btc_eth_xrp":4.0831989996},"net perf":{"Bitcoin":2.868513583,"CRC3":4.8518509745,"CRC3b":5.0415219168,"folio_equal-weight_btc_eth_xrp":4.0831989996},"dd":{"Bitcoin":0.9307432432,"CRC3":0.6555006099,"CRC3b":0.6392618693,"folio_equal-weight_btc_eth_xrp":0.9307432431},"vol":{"Bitcoin":1.6088518673,"CRC3":0.9006941789,"CRC3b":0.9081788692,"folio_equal-weight_btc_eth_xrp":1.6472200489},"occ":{"Bitcoin":1.0,"CRC3":0.6491671135,"CRC3b":0.6395688699,"folio_equal-weight_btc_eth_xrp":0.9999999994},"VaR robust 0.02":{"Bitcoin":-0.1363657723,"CRC3":-0.0308266547,"CRC3b":-0.0381788955,"folio_equal-weight_btc_eth_xrp":-0.1495313578},"VaR sample 0.02":{"Bitcoin":-0.1363657723,"CRC3":-0.0290249909,"CRC3b":-0.0358961643,"folio_equal-weight_btc_eth_xrp":-0.138995967}}