{"net perf\/dd":{"Bitcoin":2.9863447949,"CRC3":8.0225415383,"CRC3b":8.5932767336,"folio_equal-weight_btc_eth_xrp":4.6712223043},"Sharpe":{"Bitcoin":1.6847288602,"CRC3":5.6138081644,"CRC3b":5.7842912711,"folio_equal-weight_btc_eth_xrp":2.5729684559},"perf":{"Bitcoin":2.7795202398,"CRC3":5.1315008899,"CRC3b":5.3310975578,"folio_equal-weight_btc_eth_xrp":4.3477085967},"net perf":{"Bitcoin":2.7795202398,"CRC3":5.1315008899,"CRC3b":5.3310975578,"folio_equal-weight_btc_eth_xrp":4.3477085967},"dd":{"Bitcoin":0.9307432432,"CRC3":0.6396353157,"CRC3b":0.6203800626,"folio_equal-weight_btc_eth_xrp":0.9307432431},"vol":{"Bitcoin":1.6498323887,"CRC3":0.914085544,"CRC3b":0.9216509522,"folio_equal-weight_btc_eth_xrp":1.6897636606},"occ":{"Bitcoin":1.0,"CRC3":0.6364901078,"CRC3b":0.626541192,"folio_equal-weight_btc_eth_xrp":0.9999999993},"VaR robust 0.02":{"Bitcoin":-0.1401862171,"CRC3":-0.1109679043,"CRC3b":-0.1177886393,"folio_equal-weight_btc_eth_xrp":-0.1535061998},"VaR sample 0.02":{"Bitcoin":-0.1401862171,"CRC3":-0.1050256218,"CRC3b":-0.1116781374,"folio_equal-weight_btc_eth_xrp":-0.145564169}}