{"net perf\/dd":{"Bitcoin":3.0415936227,"CRC3":7.4864440199,"CRC3b":7.9831421444,"folio_equal-weight_btc_eth_xrp":4.500040279},"Sharpe":{"Bitcoin":1.7548430087,"CRC3":5.4407809469,"CRC3b":5.6105524071,"folio_equal-weight_btc_eth_xrp":2.5334906138},"perf":{"Bitcoin":2.830942713,"CRC3":4.9073686212,"CRC3b":5.1033183701,"folio_equal-weight_btc_eth_xrp":4.1883820834},"net perf":{"Bitcoin":2.830942713,"CRC3":4.9073686212,"CRC3b":5.1033183701,"folio_equal-weight_btc_eth_xrp":4.1883820834},"dd":{"Bitcoin":0.9307432432,"CRC3":0.6555006099,"CRC3b":0.6392618693,"folio_equal-weight_btc_eth_xrp":0.9307432431},"vol":{"Bitcoin":1.6132170792,"CRC3":0.9019603379,"CRC3b":0.9095928529,"folio_equal-weight_btc_eth_xrp":1.6532060788},"occ":{"Bitcoin":1.0,"CRC3":0.6478327456,"CRC3b":0.6382607924,"folio_equal-weight_btc_eth_xrp":0.9999999994},"VaR robust 0.02":{"Bitcoin":-0.1357481244,"CRC3":-0.1496538712,"CRC3b":-0.1388702939,"folio_equal-weight_btc_eth_xrp":-0.1499995478},"VaR sample 0.02":{"Bitcoin":-0.1357481244,"CRC3":-0.1418217807,"CRC3b":-0.1298203082,"folio_equal-weight_btc_eth_xrp":-0.1408493476}}