{"net perf\/dd":{"Bitcoin":3.0520885586,"CRC3":7.3310862491,"CRC3b":7.8060955757,"folio_equal-weight_btc_eth_xrp":4.3466253073},"Sharpe":{"Bitcoin":1.7683692867,"CRC3":5.3447145013,"CRC3b":5.5042210021,"folio_equal-weight_btc_eth_xrp":2.4600680944},"perf":{"Bitcoin":2.8407108037,"CRC3":4.8055315077,"CRC3b":4.9901392496,"folio_equal-weight_btc_eth_xrp":4.045592135},"net perf":{"Bitcoin":2.8407108037,"CRC3":4.8055315077,"CRC3b":4.9901392496,"folio_equal-weight_btc_eth_xrp":4.045592135},"dd":{"Bitcoin":0.9307432432,"CRC3":0.6555006099,"CRC3b":0.6392618693,"folio_equal-weight_btc_eth_xrp":0.9307432431},"vol":{"Bitcoin":1.6064013468,"CRC3":0.8991184668,"CRC3b":0.906602269,"folio_equal-weight_btc_eth_xrp":1.6445041275},"occ":{"Bitcoin":1.0,"CRC3":0.6477442189,"CRC3b":0.6382929053,"folio_equal-weight_btc_eth_xrp":0.9999999994},"VaR sample 0.02":{"Bitcoin":-0.1362259967,"CRC3":-0.034253881,"CRC3b":-0.0374729221,"folio_equal-weight_btc_eth_xrp":-0.1384315278},"VaR robust 0.02":{"Bitcoin":-0.1362358462,"CRC3":-0.0367944676,"CRC3b":-0.0401113773,"folio_equal-weight_btc_eth_xrp":-0.1494211385}}