{"net perf\/dd":{"Bitcoin":2.8715004798,"CRC3":7.3412167039,"CRC3b":7.8797793289,"folio_equal-weight_btc_eth_xrp":4.4227287878},"Sharpe":{"Bitcoin":1.6380415437,"CRC3":5.3064387775,"CRC3b":5.5075101378,"folio_equal-weight_btc_eth_xrp":2.4610590584},"perf":{"Bitcoin":2.6726296696,"CRC3":4.812172027,"CRC3b":5.0372424634,"folio_equal-weight_btc_eth_xrp":4.1164249353},"net perf":{"Bitcoin":2.6726296696,"CRC3":4.812172027,"CRC3b":5.0372424634,"folio_equal-weight_btc_eth_xrp":4.1164249353},"dd":{"Bitcoin":0.9307432432,"CRC3":0.6555006099,"CRC3b":0.6392618693,"folio_equal-weight_btc_eth_xrp":0.9307432431},"vol":{"Bitcoin":1.6316006635,"CRC3":0.9068552807,"CRC3b":0.9146133802,"folio_equal-weight_btc_eth_xrp":1.672623386},"occ":{"Bitcoin":1.0,"CRC3":0.6377050258,"CRC3b":0.6277698492,"folio_equal-weight_btc_eth_xrp":0.9999999994},"VaR robust 0.02":{"Bitcoin":-0.1384912789,"CRC3":-0.1397003299,"CRC3b":-0.1569019184,"folio_equal-weight_btc_eth_xrp":-0.1519610688},"VaR sample 0.02":{"Bitcoin":-0.1384912789,"CRC3":-0.1326378273,"CRC3b":-0.1454532692,"folio_equal-weight_btc_eth_xrp":-0.1440214659}}