{"net perf\/dd":{"Bitcoin":2.8997062294,"CRC3":6.9283245564,"CRC3b":7.3463572429,"folio_equal-weight_btc_eth_xrp":4.0889702564},"Sharpe":{"Bitcoin":1.6919297271,"CRC3":5.0882986426,"CRC3b":5.2156815432,"folio_equal-weight_btc_eth_xrp":2.3307574034},"perf":{"Bitcoin":2.6988819804,"CRC3":4.5415209725,"CRC3b":4.6962460635,"folio_equal-weight_btc_eth_xrp":3.8057814373},"net perf":{"Bitcoin":2.6988819804,"CRC3":4.5415209725,"CRC3b":4.6962460635,"folio_equal-weight_btc_eth_xrp":3.8057814373},"dd":{"Bitcoin":0.9307432432,"CRC3":0.6555006099,"CRC3b":0.6392618693,"folio_equal-weight_btc_eth_xrp":0.9307432431},"vol":{"Bitcoin":1.5951501633,"CRC3":0.8925421426,"CRC3b":0.9004088966,"folio_equal-weight_btc_eth_xrp":1.6328518068},"occ":{"Bitcoin":1.0,"CRC3":0.6428852876,"CRC3b":0.6337279396,"folio_equal-weight_btc_eth_xrp":0.9999999994},"VaR sample 0.02":{"Bitcoin":-0.1358221681,"CRC3":-0.027022917,"CRC3b":-0.0189567169,"folio_equal-weight_btc_eth_xrp":-0.1372791598},"VaR robust 0.02":{"Bitcoin":-0.1358320176,"CRC3":-0.0287808967,"CRC3b":-0.0205846959,"folio_equal-weight_btc_eth_xrp":-0.1505032213}}