{"net perf\/dd":{"Bitcoin":3.3974384472,"CRC3":9.5443576838,"CRC3b":9.9712558532,"CRC4":8.1691638754,"folio_equal-weight_btc_eth_xrp":5.1841229733},"Sharpe":{"Bitcoin":1.9002343049,"CRC3":6.01698709,"CRC3b":6.235149426,"CRC4":5.3625897563,"folio_equal-weight_btc_eth_xrp":2.8326873103},"perf":{"Bitcoin":3.1621428791,"CRC3":5.5405589962,"CRC3b":5.7883760387,"CRC4":5.2499905332,"folio_equal-weight_btc_eth_xrp":4.8250874296},"net perf":{"Bitcoin":3.1621428791,"CRC3":5.5405589962,"CRC3b":5.7883760387,"CRC4":5.2499905332,"folio_equal-weight_btc_eth_xrp":4.8250874296},"dd":{"Bitcoin":0.9307432432,"CRC3":0.5805062195,"CRC3b":0.5805062195,"CRC4":0.6426594708,"folio_equal-weight_btc_eth_xrp":0.9307432432},"vol":{"Bitcoin":1.6640805141,"CRC3":0.9208194921,"CRC3b":0.9283460015,"CRC4":0.9790028273,"folio_equal-weight_btc_eth_xrp":1.703360414},"occ":{"Bitcoin":1.0,"CRC3":0.6399188469,"CRC3b":0.62997705,"CRC4":0.6581750848,"folio_equal-weight_btc_eth_xrp":1.0},"VaR robust 0.02":{"Bitcoin":-0.1422222222,"CRC3":-0.0858600163,"CRC3b":-0.0812094023,"CRC4":-0.0861722021,"folio_equal-weight_btc_eth_xrp":-0.1539497766},"VaR sample 0.02":{"Bitcoin":-0.1422222222,"CRC3":-0.0818516955,"CRC3b":-0.0776861751,"CRC4":-0.0814025507,"folio_equal-weight_btc_eth_xrp":-0.1472233323}}