{"net perf\/dd":{"Bitcoin":3.0357022622,"CRC3":7.1554948052,"CRC3b":7.6202561821,"folio_equal-weight_btc_eth_xrp":4.2295731084},"Sharpe":{"Bitcoin":1.7650800889,"CRC3":5.2376977292,"CRC3b":5.3947807645,"folio_equal-weight_btc_eth_xrp":2.402737498},"perf":{"Bitcoin":2.825459369,"CRC3":4.6904312091,"CRC3b":4.8713392114,"folio_equal-weight_btc_eth_xrp":3.9366465919},"net perf":{"Bitcoin":2.825459369,"CRC3":4.6904312091,"CRC3b":4.8713392114,"folio_equal-weight_btc_eth_xrp":3.9366465919},"dd":{"Bitcoin":0.9307432432,"CRC3":0.6555006099,"CRC3b":0.6392618693,"folio_equal-weight_btc_eth_xrp":0.9307432431},"vol":{"Bitcoin":1.600754202,"CRC3":0.8955139169,"CRC3b":0.9029725997,"folio_equal-weight_btc_eth_xrp":1.6384006139},"occ":{"Bitcoin":1.0,"CRC3":0.6449186935,"CRC3b":0.6356348668,"folio_equal-weight_btc_eth_xrp":0.9999999994},"VaR sample 0.02":{"Bitcoin":-0.1360191577,"CRC3":-0.0411767017,"CRC3b":-0.0405352604,"folio_equal-weight_btc_eth_xrp":-0.1374146889},"VaR robust 0.02":{"Bitcoin":-0.1360290071,"CRC3":-0.0438465571,"CRC3b":-0.0422891897,"folio_equal-weight_btc_eth_xrp":-0.149457344}}