{"net perf\/dd":{"Bitcoin":2.878683882,"CRC3":6.9152922885,"CRC3b":7.3426420449,"folio_equal-weight_btc_eth_xrp":4.0606185076},"Sharpe":{"Bitcoin":1.6797241595,"CRC3":5.079061096,"CRC3b":5.2135676171,"folio_equal-weight_btc_eth_xrp":2.3146331797},"perf":{"Bitcoin":2.6793155726,"CRC3":4.5329783129,"CRC3b":4.6938710792,"folio_equal-weight_btc_eth_xrp":3.7793932387},"net perf":{"Bitcoin":2.6793155726,"CRC3":4.5329783129,"CRC3b":4.6938710792,"folio_equal-weight_btc_eth_xrp":3.7793932387},"dd":{"Bitcoin":0.9307432432,"CRC3":0.6555006099,"CRC3b":0.6392618693,"folio_equal-weight_btc_eth_xrp":0.9307432431},"vol":{"Bitcoin":1.5950925975,"CRC3":0.8924835176,"CRC3b":0.9003184429,"folio_equal-weight_btc_eth_xrp":1.6328260011},"occ":{"Bitcoin":1.0,"CRC3":0.6426960396,"CRC3b":0.6335240972,"folio_equal-weight_btc_eth_xrp":0.9999999994},"VaR sample 0.02":{"Bitcoin":-0.1358123186,"CRC3":-0.0203371094,"CRC3b":-0.0203417672,"folio_equal-weight_btc_eth_xrp":-0.1388222405},"VaR robust 0.02":{"Bitcoin":-0.1358221681,"CRC3":-0.02218295,"CRC3b":-0.0216734414,"folio_equal-weight_btc_eth_xrp":-0.1505055231}}