{"net perf\/dd":{"Bitcoin":3.5419409198,"CRC3":10.0580437363,"CRC3b":10.5092492069,"CRC4":8.7007074233,"folio_equal-weight_btc_eth_xrp":5.3458364838},"Sharpe":{"Bitcoin":1.9673529661,"CRC3":6.3236299338,"CRC3b":6.5346942359,"CRC4":5.6829324649,"folio_equal-weight_btc_eth_xrp":2.9068300953},"perf":{"Bitcoin":3.2966375791,"CRC3":5.8387569446,"CRC3b":6.1006845265,"CRC4":5.5915920285,"folio_equal-weight_btc_eth_xrp":4.9756011868},"net perf":{"Bitcoin":3.2966375791,"CRC3":5.8387569446,"CRC3b":6.1006845265,"CRC4":5.5915920285,"folio_equal-weight_btc_eth_xrp":4.9756011868},"dd":{"Bitcoin":0.9307432432,"CRC3":0.5805062195,"CRC3b":0.5805062195,"CRC4":0.6426594708,"folio_equal-weight_btc_eth_xrp":0.9307432432},"vol":{"Bitcoin":1.675671644,"CRC3":0.9233236299,"CRC3b":0.933583777,"CRC4":0.9839272353,"folio_equal-weight_btc_eth_xrp":1.7116931584},"occ":{"Bitcoin":1.0,"CRC3":0.6400193162,"CRC3b":0.6313078303,"CRC4":0.6589989126,"folio_equal-weight_btc_eth_xrp":1.0},"VaR robust 0.02":{"Bitcoin":-0.1434347559,"CRC3":-0.0871206428,"CRC3b":-0.0785536476,"CRC4":-0.1016938502,"folio_equal-weight_btc_eth_xrp":-0.1536241123},"VaR sample 0.02":{"Bitcoin":-0.1434347559,"CRC3":-0.0829053769,"CRC3b":-0.0756798437,"CRC4":-0.0960805876,"folio_equal-weight_btc_eth_xrp":-0.1459070987}}