{"net perf\/dd":{"Bitcoin":3.0372040444,"CRC3":8.3391130016,"CRC3b":9.0183898804,"folio_equal-weight_btc_eth_xrp":4.6860622681},"Sharpe":{"Bitcoin":1.7096024907,"CRC3":5.661003734,"CRC3b":5.842166996,"folio_equal-weight_btc_eth_xrp":2.577159028},"perf":{"Bitcoin":2.8268571427,"CRC3":5.178609222,"CRC3b":5.3878737353,"folio_equal-weight_btc_eth_xrp":4.3615207928},"net perf":{"Bitcoin":2.8268571427,"CRC3":5.178609222,"CRC3b":5.3878737353,"folio_equal-weight_btc_eth_xrp":4.3615207928},"dd":{"Bitcoin":0.9307432432,"CRC3":0.6210024041,"CRC3b":0.5974318927,"folio_equal-weight_btc_eth_xrp":0.9307432431},"vol":{"Bitcoin":1.6535172111,"CRC3":0.9147863993,"CRC3b":0.9222389122,"folio_equal-weight_btc_eth_xrp":1.6923754977},"occ":{"Bitcoin":1.0,"CRC3":0.6381796234,"CRC3b":0.6281975808,"folio_equal-weight_btc_eth_xrp":0.9999999993},"VaR robust 0.02":{"Bitcoin":-0.1407366636,"CRC3":-0.0367847035,"CRC3b":-0.0309981079,"folio_equal-weight_btc_eth_xrp":-0.153700983},"VaR sample 0.02":{"Bitcoin":-0.1407366636,"CRC3":-0.0350660417,"CRC3b":-0.0297297128,"folio_equal-weight_btc_eth_xrp":-0.146344184}}