{"net perf\/dd":{"Bitcoin":3.0987415053,"CRC3":7.6456925687,"CRC3b":8.1429339223,"folio_equal-weight_btc_eth_xrp":4.596070954},"Sharpe":{"Bitcoin":1.7818361705,"CRC3":5.5481164795,"CRC3b":5.7147939242,"folio_equal-weight_btc_eth_xrp":2.5789925873},"perf":{"Bitcoin":2.8841327186,"CRC3":5.0117561421,"CRC3b":5.2054671607,"folio_equal-weight_btc_eth_xrp":4.2777619852},"net perf":{"Bitcoin":2.8841327186,"CRC3":5.0117561421,"CRC3b":5.2054671607,"folio_equal-weight_btc_eth_xrp":4.2777619852},"dd":{"Bitcoin":0.9307432432,"CRC3":0.6555006099,"CRC3b":0.6392618693,"folio_equal-weight_btc_eth_xrp":0.9307432431},"vol":{"Bitcoin":1.6186295723,"CRC3":0.9033256891,"CRC3b":0.9108757428,"folio_equal-weight_btc_eth_xrp":1.6586949518},"occ":{"Bitcoin":1.0,"CRC3":0.6449597153,"CRC3b":0.6353696828,"folio_equal-weight_btc_eth_xrp":0.9999999994},"VaR robust 0.02":{"Bitcoin":-0.1357972934,"CRC3":-0.1500709442,"CRC3b":-0.1519632836,"folio_equal-weight_btc_eth_xrp":-0.1510093831},"VaR sample 0.02":{"Bitcoin":-0.1357972934,"CRC3":-0.1421944737,"CRC3b":-0.1421944851,"folio_equal-weight_btc_eth_xrp":-0.1421535783}}