{"net perf\/dd":{"Bitcoin":3.0271552936,"CRC3":8.0490340708,"CRC3b":8.6300860646,"folio_equal-weight_btc_eth_xrp":4.6756652452},"Sharpe":{"Bitcoin":1.7070911524,"CRC3":5.6398762883,"CRC3b":5.8170991842,"folio_equal-weight_btc_eth_xrp":2.575656667},"perf":{"Bitcoin":2.8175043358,"CRC3":5.1484464493,"CRC3b":5.3539333329,"folio_equal-weight_btc_eth_xrp":4.3518438339},"net perf":{"Bitcoin":2.8175043358,"CRC3":5.1484464493,"CRC3b":5.3539333329,"folio_equal-weight_btc_eth_xrp":4.3518438339},"dd":{"Bitcoin":0.9307432432,"CRC3":0.6396353157,"CRC3b":0.6203800626,"folio_equal-weight_btc_eth_xrp":0.9307432431},"vol":{"Bitcoin":1.6504709381,"CRC3":0.9128651385,"CRC3b":0.9203785535,"folio_equal-weight_btc_eth_xrp":1.6896055634},"occ":{"Bitcoin":1.0,"CRC3":0.6362409267,"CRC3b":0.62626083,"folio_equal-weight_btc_eth_xrp":0.9999999993},"VaR robust 0.02":{"Bitcoin":-0.1402548608,"CRC3":-0.1255246766,"CRC3b":-0.1353431673,"folio_equal-weight_btc_eth_xrp":-0.1536144561},"VaR sample 0.02":{"Bitcoin":-0.1402548608,"CRC3":-0.1196307881,"CRC3b":-0.126775842,"folio_equal-weight_btc_eth_xrp":-0.1456852927}}