{"net perf\/dd":{"Bitcoin":2.9501212208,"CRC3":7.4558794059,"CRC3b":8.0069562461,"folio_equal-weight_btc_eth_xrp":4.4924789374},"Sharpe":{"Bitcoin":1.6877809052,"CRC3":5.3979854677,"CRC3b":5.6057881678,"folio_equal-weight_btc_eth_xrp":2.5075792857},"perf":{"Bitcoin":2.745805393,"CRC3":4.8873334981,"CRC3b":5.1185418172,"folio_equal-weight_btc_eth_xrp":4.1813444158},"net perf":{"Bitcoin":2.745805393,"CRC3":4.8873334981,"CRC3b":5.1185418172,"folio_equal-weight_btc_eth_xrp":4.1813444158},"dd":{"Bitcoin":0.9307432432,"CRC3":0.6555006099,"CRC3b":0.6392618693,"folio_equal-weight_btc_eth_xrp":0.9307432431},"vol":{"Bitcoin":1.6268731235,"CRC3":0.9053995287,"CRC3b":0.9130815621,"folio_equal-weight_btc_eth_xrp":1.667482436},"occ":{"Bitcoin":1.0,"CRC3":0.6402716833,"CRC3b":0.630555022,"folio_equal-weight_btc_eth_xrp":0.9999999994},"VaR robust 0.02":{"Bitcoin":-0.1374755063,"CRC3":-0.1505732115,"CRC3b":-0.1547988276,"folio_equal-weight_btc_eth_xrp":-0.1513279764},"VaR sample 0.02":{"Bitcoin":-0.1374755063,"CRC3":-0.143356528,"CRC3b":-0.1449819452,"folio_equal-weight_btc_eth_xrp":-0.143356528}}