{"net perf\/dd":{"Bitcoin":3.0160392908,"CRC3":7.072373531,"CRC3b":7.5261186184,"folio_equal-weight_btc_eth_xrp":4.1782776728},"Sharpe":{"Bitcoin":1.7571561523,"CRC3":5.1879808248,"CRC3b":5.3395373546,"folio_equal-weight_btc_eth_xrp":2.3784814},"perf":{"Bitcoin":2.8071581913,"CRC3":4.6359451632,"CRC3b":4.8111606565,"folio_equal-weight_btc_eth_xrp":3.8889037118},"net perf":{"Bitcoin":2.8071581913,"CRC3":4.6359451632,"CRC3b":4.8111606565,"folio_equal-weight_btc_eth_xrp":3.8889037118},"dd":{"Bitcoin":0.9307432432,"CRC3":0.6555006099,"CRC3b":0.6392618693,"folio_equal-weight_btc_eth_xrp":0.9307432431},"vol":{"Bitcoin":1.5975576147,"CRC3":0.8935933497,"CRC3b":0.9010444795,"folio_equal-weight_btc_eth_xrp":1.6350364193},"occ":{"Bitcoin":1.0,"CRC3":0.6433450981,"CRC3b":0.6341187679,"folio_equal-weight_btc_eth_xrp":0.9999999994},"VaR sample 0.02":{"Bitcoin":-0.1359108134,"CRC3":-0.0528042202,"CRC3b":-0.0520398215,"folio_equal-weight_btc_eth_xrp":-0.1375342117},"VaR robust 0.02":{"Bitcoin":-0.1359206629,"CRC3":-0.0558957899,"CRC3b":-0.0556503773,"folio_equal-weight_btc_eth_xrp":-0.1497166753}}