{"net perf\/dd":{"Bitcoin":3.1120947794,"CRC3":8.8859003027,"CRC3b":9.4414330634,"folio_equal-weight_btc_eth_xrp":4.821411265},"Sharpe":{"Bitcoin":1.7498176372,"CRC3":5.7558674132,"CRC3b":5.9327965919,"folio_equal-weight_btc_eth_xrp":2.6484240677},"perf":{"Bitcoin":2.8965611883,"CRC3":5.2741091449,"CRC3b":5.480810614,"folio_equal-weight_btc_eth_xrp":4.4874959578},"net perf":{"Bitcoin":2.8965611883,"CRC3":5.2741091449,"CRC3b":5.480810614,"folio_equal-weight_btc_eth_xrp":4.4874959578},"dd":{"Bitcoin":0.9307432432,"CRC3":0.5935368353,"CRC3b":0.5805062195,"folio_equal-weight_btc_eth_xrp":0.9307432432},"vol":{"Bitcoin":1.6553503215,"CRC3":0.9163013611,"CRC3b":0.9238156962,"folio_equal-weight_btc_eth_xrp":1.6944023476},"occ":{"Bitcoin":1.0,"CRC3":0.6394161225,"CRC3b":0.629456469,"folio_equal-weight_btc_eth_xrp":1.0},"VaR robust 0.02":{"Bitcoin":-0.1410578655,"CRC3":-0.0414412158,"CRC3b":-0.0254506071,"folio_equal-weight_btc_eth_xrp":-0.1543061422},"VaR sample 0.02":{"Bitcoin":-0.1410578655,"CRC3":-0.0393774901,"CRC3b":-0.0243705961,"folio_equal-weight_btc_eth_xrp":-0.1468597764}}