{"net perf\/dd":{"Bitcoin":3.0528757147,"CRC3":7.3891543665,"CRC3b":7.8706074948,"folio_equal-weight_btc_eth_xrp":4.34544232},"Sharpe":{"Bitcoin":1.7658368915,"CRC3":5.3767598308,"CRC3b":5.5391657583,"folio_equal-weight_btc_eth_xrp":2.4550351348},"perf":{"Bitcoin":2.8414434439,"CRC3":4.8435951941,"CRC3b":5.0313792596,"folio_equal-weight_btc_eth_xrp":4.0444910776},"net perf":{"Bitcoin":2.8414434439,"CRC3":4.8435951941,"CRC3b":5.0313792596,"folio_equal-weight_btc_eth_xrp":4.0444910776},"dd":{"Bitcoin":0.9307432432,"CRC3":0.6555006099,"CRC3b":0.6392618693,"folio_equal-weight_btc_eth_xrp":0.9307432431},"vol":{"Bitcoin":1.6091199916,"CRC3":0.9008390455,"CRC3b":0.9083279828,"folio_equal-weight_btc_eth_xrp":1.6474269636},"occ":{"Bitcoin":1.0,"CRC3":0.6493876693,"CRC3b":0.6397804252,"folio_equal-weight_btc_eth_xrp":0.9999999994},"VaR robust 0.02":{"Bitcoin":-0.1364011869,"CRC3":-0.0193580043,"CRC3b":-0.0213846854,"folio_equal-weight_btc_eth_xrp":-0.1494355384},"VaR sample 0.02":{"Bitcoin":-0.1364011869,"CRC3":-0.0182646107,"CRC3b":-0.0199645558,"folio_equal-weight_btc_eth_xrp":-0.1390646108}}