{"net perf\/dd":{"Bitcoin":3.4406544528,"CRC3":9.9368479682,"CRC3b":10.2379133201,"CRC4":8.4117229363,"folio_equal-weight_btc_eth_xrp":5.342399411},"Sharpe":{"Bitcoin":1.9201941589,"CRC3":6.2613218266,"CRC3b":6.3929932605,"CRC4":5.515020781,"folio_equal-weight_btc_eth_xrp":2.9140325769},"perf":{"Bitcoin":3.2023658843,"CRC3":5.7684020475,"CRC3b":5.9431723567,"CRC4":5.405873411,"folio_equal-weight_btc_eth_xrp":4.9724021545},"net perf":{"Bitcoin":3.2023658843,"CRC3":5.7684020475,"CRC3b":5.9431723567,"CRC4":5.405873411,"folio_equal-weight_btc_eth_xrp":4.9724021545},"dd":{"Bitcoin":0.9307432432,"CRC3":0.5805062195,"CRC3b":0.5805062195,"CRC4":0.6426594708,"folio_equal-weight_btc_eth_xrp":0.9307432432},"vol":{"Bitcoin":1.6677302498,"CRC3":0.9212754443,"CRC3b":0.9296384517,"CRC4":0.9802090737,"folio_equal-weight_btc_eth_xrp":1.7063646419},"occ":{"Bitcoin":1.0,"CRC3":0.6391468453,"CRC3b":0.6298181455,"CRC4":0.6577804237,"folio_equal-weight_btc_eth_xrp":1.0},"VaR robust 0.02":{"Bitcoin":-0.1426133621,"CRC3":-0.156455443,"CRC3b":-0.1231538437,"CRC4":-0.140466875,"folio_equal-weight_btc_eth_xrp":-0.1546057684},"VaR sample 0.02":{"Bitcoin":-0.1426133621,"CRC3":-0.1507481962,"CRC3b":-0.1158029085,"CRC4":-0.1308280402,"folio_equal-weight_btc_eth_xrp":-0.1488215361}}