{"net perf\/dd":{"Bitcoin":2.9054843362,"CRC3":7.7390593356,"CRC3b":8.2774831075,"folio_equal-weight_btc_eth_xrp":4.5067057993},"Sharpe":{"Bitcoin":1.6462829763,"CRC3":5.435775238,"CRC3b":5.5990120003,"folio_equal-weight_btc_eth_xrp":2.4919740749},"perf":{"Bitcoin":2.7042599142,"CRC3":4.9583393789,"CRC3b":5.1504034787,"folio_equal-weight_btc_eth_xrp":4.1945859713},"net perf":{"Bitcoin":2.7042599142,"CRC3":4.9583393789,"CRC3b":5.1504034787,"folio_equal-weight_btc_eth_xrp":4.1945859713},"dd":{"Bitcoin":0.9307432432,"CRC3":0.6406901878,"CRC3b":0.622218543,"folio_equal-weight_btc_eth_xrp":0.9307432431},"vol":{"Bitcoin":1.6426458593,"CRC3":0.9121678439,"CRC3b":0.9198771995,"folio_equal-weight_btc_eth_xrp":1.683238206},"occ":{"Bitcoin":1.0,"CRC3":0.6371047093,"CRC3b":0.627281565,"folio_equal-weight_btc_eth_xrp":0.9999999993},"VaR robust 0.02":{"Bitcoin":-0.1395308666,"CRC3":-0.0737265617,"CRC3b":-0.0671729998,"folio_equal-weight_btc_eth_xrp":-0.1530477602},"VaR sample 0.02":{"Bitcoin":-0.1395308666,"CRC3":-0.0697502147,"CRC3b":-0.0646697624,"folio_equal-weight_btc_eth_xrp":-0.1449264953}}