{"net perf\/dd":{"Bitcoin":3.2069732306,"CRC3":7.6061128493,"CRC3b":8.0955289026,"folio_equal-weight_btc_eth_xrp":4.5815644466},"Sharpe":{"Bitcoin":1.8540356418,"CRC3":5.5321784566,"CRC3b":5.694809811,"folio_equal-weight_btc_eth_xrp":2.5872677546},"perf":{"Bitcoin":2.9848686657,"CRC3":4.9858116119,"CRC3b":5.1751629392,"folio_equal-weight_btc_eth_xrp":4.2642601515},"net perf":{"Bitcoin":2.9848686657,"CRC3":4.9858116119,"CRC3b":5.1751629392,"folio_equal-weight_btc_eth_xrp":4.2642601515},"dd":{"Bitcoin":0.9307432432,"CRC3":0.6555006099,"CRC3b":0.6392618693,"folio_equal-weight_btc_eth_xrp":0.9307432431},"vol":{"Bitcoin":1.6099305744,"CRC3":0.9012383912,"CRC3b":0.9087507943,"folio_equal-weight_btc_eth_xrp":1.6481711813},"occ":{"Bitcoin":1.0,"CRC3":0.6498057179,"CRC3b":0.6401894692,"folio_equal-weight_btc_eth_xrp":0.9999999994},"VaR robust 0.02":{"Bitcoin":-0.1366136745,"CRC3":-0.1102341908,"CRC3b":-0.1047683378,"folio_equal-weight_btc_eth_xrp":-0.1500163619},"VaR sample 0.02":{"Bitcoin":-0.1366136745,"CRC3":-0.1045318629,"CRC3b":-0.1001904943,"folio_equal-weight_btc_eth_xrp":-0.1394764731}}