{"net perf\/dd":{"Bitcoin":2.9502785422,"CRC3":7.4479828506,"CRC3b":7.9974303047,"folio_equal-weight_btc_eth_xrp":4.4911265725},"Sharpe":{"Bitcoin":1.6883782928,"CRC3":5.3930437325,"CRC3b":5.5999599803,"folio_equal-weight_btc_eth_xrp":2.507432711},"perf":{"Bitcoin":2.7459518189,"CRC3":4.8821573013,"CRC3b":5.1124522461,"folio_equal-weight_btc_eth_xrp":4.1800857113},"net perf":{"Bitcoin":2.7459518189,"CRC3":4.8821573013,"CRC3b":5.1124522461,"folio_equal-weight_btc_eth_xrp":4.1800857113},"dd":{"Bitcoin":0.9307432432,"CRC3":0.6555006099,"CRC3b":0.6392618693,"folio_equal-weight_btc_eth_xrp":0.9307432431},"vol":{"Bitcoin":1.6263842236,"CRC3":0.9052693698,"CRC3b":0.9129444253,"folio_equal-weight_btc_eth_xrp":1.6670779212},"occ":{"Bitcoin":1.0,"CRC3":0.6405880671,"CRC3b":0.6308799516,"folio_equal-weight_btc_eth_xrp":0.9999999994},"VaR robust 0.02":{"Bitcoin":-0.1373560037,"CRC3":-0.1502312466,"CRC3b":-0.1545470842,"folio_equal-weight_btc_eth_xrp":-0.1511822867},"VaR sample 0.02":{"Bitcoin":-0.1373560037,"CRC3":-0.1432783,"CRC3b":-0.1449264953,"folio_equal-weight_btc_eth_xrp":-0.1432783}}