{"net perf\/dd":{"Bitcoin":3.5213603879,"CRC3":10.1018205658,"CRC3b":10.5588964663,"CRC4":8.7325640801,"folio_equal-weight_btc_eth_xrp":5.3433663499},"Sharpe":{"Bitcoin":1.9536808736,"CRC3":6.344074343,"CRC3b":6.5581768841,"CRC4":5.6974804556,"folio_equal-weight_btc_eth_xrp":2.9022018512},"perf":{"Bitcoin":3.277482388,"CRC3":5.8641696664,"CRC3b":6.1295050694,"CRC4":5.6120650107,"folio_equal-weight_btc_eth_xrp":4.9733021263},"net perf":{"Bitcoin":3.277482388,"CRC3":5.8641696664,"CRC3b":6.1295050694,"CRC4":5.6120650107,"folio_equal-weight_btc_eth_xrp":4.9733021263},"dd":{"Bitcoin":0.9307432432,"CRC3":0.5805062195,"CRC3b":0.5805062195,"CRC4":0.6426594708,"folio_equal-weight_btc_eth_xrp":0.9307432432},"vol":{"Bitcoin":1.6775935274,"CRC3":0.9243538693,"CRC3b":0.9346355211,"CRC4":0.9850082075,"folio_equal-weight_btc_eth_xrp":1.7136306781},"occ":{"Bitcoin":1.0,"CRC3":0.640249365,"CRC3b":0.6317234883,"CRC4":0.6591522308,"folio_equal-weight_btc_eth_xrp":1.0},"VaR robust 0.02":{"Bitcoin":-0.1436303259,"CRC3":-0.0649350566,"CRC3b":-0.0545392446,"CRC4":-0.0722186694,"folio_equal-weight_btc_eth_xrp":-0.1539116729},"VaR sample 0.02":{"Bitcoin":-0.1436303259,"CRC3":-0.0631112184,"CRC3b":-0.0523421431,"CRC4":-0.0679049919,"folio_equal-weight_btc_eth_xrp":-0.146215118}}