{"net perf\/dd":{"Bitcoin":3.0130800201,"CRC3":7.1176454523,"CRC3b":7.5771336848,"folio_equal-weight_btc_eth_xrp":4.1890715567},"Sharpe":{"Bitcoin":1.753073688,"CRC3":5.2136436304,"CRC3b":5.3679796897,"folio_equal-weight_btc_eth_xrp":2.3812747251},"perf":{"Bitcoin":2.80440387,"CRC3":4.6656209352,"CRC3b":4.8437726432,"folio_equal-weight_btc_eth_xrp":3.8989500463},"net perf":{"Bitcoin":2.80440387,"CRC3":4.6656209352,"CRC3b":4.8437726432,"folio_equal-weight_btc_eth_xrp":3.8989500463},"dd":{"Bitcoin":0.9307432432,"CRC3":0.6555006099,"CRC3b":0.6392618693,"folio_equal-weight_btc_eth_xrp":0.9307432431},"vol":{"Bitcoin":1.5997067831,"CRC3":0.8948868135,"CRC3b":0.9023455607,"folio_equal-weight_btc_eth_xrp":1.6373373493},"occ":{"Bitcoin":1.0,"CRC3":0.644387503,"CRC3b":0.6351277496,"folio_equal-weight_btc_eth_xrp":0.9999999994},"VaR sample 0.02":{"Bitcoin":-0.1359896092,"CRC3":-0.0325485991,"CRC3b":-0.0374476472,"folio_equal-weight_btc_eth_xrp":-0.1375939542},"VaR robust 0.02":{"Bitcoin":-0.1359994587,"CRC3":-0.0347566986,"CRC3b":-0.0395857511,"folio_equal-weight_btc_eth_xrp":-0.1497665202}}