{"net perf\/dd":{"Bitcoin":3.5613988761,"CRC3":10.0536979108,"CRC3b":10.5012964941,"CRC4":8.7024255762,"folio_equal-weight_btc_eth_xrp":5.3549116542},"Sharpe":{"Bitcoin":1.9794713824,"CRC3":6.3251910535,"CRC3b":6.5341736148,"CRC4":5.6878602383,"folio_equal-weight_btc_eth_xrp":2.9137328009},"perf":{"Bitcoin":3.3147479404,"CRC3":5.8362341658,"CRC3b":6.0960679273,"CRC4":5.5926962157,"folio_equal-weight_btc_eth_xrp":4.9840478403},"net perf":{"Bitcoin":3.3147479404,"CRC3":5.8362341658,"CRC3b":6.0960679273,"CRC4":5.5926962157,"folio_equal-weight_btc_eth_xrp":4.9840478403},"dd":{"Bitcoin":0.9307432432,"CRC3":0.5805062195,"CRC3b":0.5805062195,"CRC4":0.6426594708,"folio_equal-weight_btc_eth_xrp":0.9307432432},"vol":{"Bitcoin":1.6745621937,"CRC3":0.9226968982,"CRC3b":0.9329516304,"CRC4":0.9832689239,"folio_equal-weight_btc_eth_xrp":1.7105370262},"occ":{"Bitcoin":1.0,"CRC3":0.6399975494,"CRC3b":0.631223658,"CRC4":0.6590186318,"folio_equal-weight_btc_eth_xrp":1.0},"VaR robust 0.02":{"Bitcoin":-0.1433565279,"CRC3":-0.1049880471,"CRC3b":-0.0961747967,"CRC4":-0.1245757313,"folio_equal-weight_btc_eth_xrp":-0.1548006587},"VaR sample 0.02":{"Bitcoin":-0.1433565279,"CRC3":-0.10012046,"CRC3b":-0.0927059652,"CRC4":-0.1179466021,"folio_equal-weight_btc_eth_xrp":-0.1473389244}}