{"net perf\/dd":{"Bitcoin":2.9041776798,"CRC3":7.4896852435,"CRC3b":7.9818031565,"folio_equal-weight_btc_eth_xrp":4.4964257424},"Sharpe":{"Bitcoin":1.652373615,"CRC3":5.4020704745,"CRC3b":5.5677502615,"folio_equal-weight_btc_eth_xrp":2.4957639185},"perf":{"Bitcoin":2.7030437527,"CRC3":4.9094932453,"CRC3b":5.1024624061,"folio_equal-weight_btc_eth_xrp":4.1850178778},"net perf":{"Bitcoin":2.7030437527,"CRC3":4.9094932453,"CRC3b":5.1024624061,"folio_equal-weight_btc_eth_xrp":4.1850178778},"dd":{"Bitcoin":0.9307432432,"CRC3":0.6555006099,"CRC3b":0.6392618693,"folio_equal-weight_btc_eth_xrp":0.9307432431},"vol":{"Bitcoin":1.6358550682,"CRC3":0.9088169561,"CRC3b":0.9164316226,"folio_equal-weight_btc_eth_xrp":1.6768484578},"occ":{"Bitcoin":1.0,"CRC3":0.6364162173,"CRC3b":0.6263474781,"folio_equal-weight_btc_eth_xrp":0.9999999993},"VaR robust 0.02":{"Bitcoin":-0.1389609966,"CRC3":-0.1532348523,"CRC3b":-0.1562048935,"folio_equal-weight_btc_eth_xrp":-0.15255489},"VaR sample 0.02":{"Bitcoin":-0.1389609966,"CRC3":-0.1457148831,"CRC3b":-0.1456586333,"folio_equal-weight_btc_eth_xrp":-0.1443719965}}