{"net perf\/dd":{"Bitcoin":3.0706029275,"CRC3":7.2096175006,"CRC3b":7.6784772907,"folio_equal-weight_btc_eth_xrp":4.2760573603},"Sharpe":{"Bitcoin":1.7834862531,"CRC3":5.2713688092,"CRC3b":5.4298855886,"folio_equal-weight_btc_eth_xrp":2.4264855531},"perf":{"Bitcoin":2.8579429274,"CRC3":4.725908669,"CRC3b":4.9085577462,"folio_equal-weight_btc_eth_xrp":3.9799114952},"net perf":{"Bitcoin":2.8579429274,"CRC3":4.725908669,"CRC3b":4.9085577462,"folio_equal-weight_btc_eth_xrp":3.9799114952},"dd":{"Bitcoin":0.9307432432,"CRC3":0.6555006099,"CRC3b":0.6392618693,"folio_equal-weight_btc_eth_xrp":0.9307432431},"vol":{"Bitcoin":1.6024474102,"CRC3":0.8965240035,"CRC3b":0.9039891663,"folio_equal-weight_btc_eth_xrp":1.6401958339},"occ":{"Bitcoin":1.0,"CRC3":0.6457788682,"CRC3b":0.6364873761,"folio_equal-weight_btc_eth_xrp":0.9999999994},"VaR sample 0.02":{"Bitcoin":-0.1360782545,"CRC3":-0.0493251031,"CRC3b":-0.0473516957,"folio_equal-weight_btc_eth_xrp":-0.1378161382},"VaR robust 0.02":{"Bitcoin":-0.136088104,"CRC3":-0.0529765204,"CRC3b":-0.0499549281,"folio_equal-weight_btc_eth_xrp":-0.1495217014}}