{"net perf\/dd":{"Bitcoin":3.044762568,"CRC3":7.1244961734,"CRC3b":7.5844723711,"folio_equal-weight_btc_eth_xrp":4.214859286},"Sharpe":{"Bitcoin":1.771567889,"CRC3":5.2194386368,"CRC3b":5.3739780937,"folio_equal-weight_btc_eth_xrp":2.3961904821},"perf":{"Bitcoin":2.8338921874,"CRC3":4.6701115871,"CRC3b":4.8484639855,"folio_equal-weight_btc_eth_xrp":3.9229518011},"net perf":{"Bitcoin":2.8338921874,"CRC3":4.6701115871,"CRC3b":4.8484639855,"folio_equal-weight_btc_eth_xrp":3.9229518011},"dd":{"Bitcoin":0.9307432432,"CRC3":0.6555006099,"CRC3b":0.6392618693,"folio_equal-weight_btc_eth_xrp":0.9307432431},"vol":{"Bitcoin":1.5996520399,"CRC3":0.8947536147,"CRC3b":0.9022113416,"folio_equal-weight_btc_eth_xrp":1.6371619161},"occ":{"Bitcoin":1.0,"CRC3":0.6442174271,"CRC3b":0.6349730407,"folio_equal-weight_btc_eth_xrp":0.9999999994},"VaR sample 0.02":{"Bitcoin":-0.1359797597,"CRC3":-0.054082404,"CRC3b":-0.0555509076,"folio_equal-weight_btc_eth_xrp":-0.1375654772},"VaR robust 0.02":{"Bitcoin":-0.1359896092,"CRC3":-0.0582432739,"CRC3b":-0.0589484801,"folio_equal-weight_btc_eth_xrp":-0.1496916807}}