{"net perf\/dd":{"Bitcoin":3.4262014169,"CRC3":9.8289476175,"CRC3b":10.1687004223,"CRC4":8.3472563601,"folio_equal-weight_btc_eth_xrp":5.2956538519},"Sharpe":{"Bitcoin":1.9127379057,"CRC3":6.1923807279,"CRC3b":6.3512712819,"CRC4":5.4740841858,"folio_equal-weight_btc_eth_xrp":2.8892857466},"perf":{"Bitcoin":3.1889138188,"CRC3":5.7057652228,"CRC3b":5.902993839,"CRC4":5.3644433553,"folio_equal-weight_btc_eth_xrp":4.9288940412},"net perf":{"Bitcoin":3.1889138188,"CRC3":5.7057652228,"CRC3b":5.902993839,"CRC4":5.3644433553,"folio_equal-weight_btc_eth_xrp":4.9288940412},"dd":{"Bitcoin":0.9307432432,"CRC3":0.5805062195,"CRC3b":0.5805062195,"CRC4":0.6426594708,"folio_equal-weight_btc_eth_xrp":0.9307432432},"vol":{"Bitcoin":1.667198527,"CRC3":0.9214170565,"CRC3b":0.9294192575,"CRC4":0.9799709272,"folio_equal-weight_btc_eth_xrp":1.7059212807},"occ":{"Bitcoin":1.0,"CRC3":0.6394837764,"CRC3b":0.6299355359,"CRC4":0.6579729766,"folio_equal-weight_btc_eth_xrp":1.0},"VaR robust 0.02":{"Bitcoin":-0.1425351341,"CRC3":-0.1400942954,"CRC3b":-0.1062449229,"CRC4":-0.1158136731,"folio_equal-weight_btc_eth_xrp":-0.1543822812},"VaR sample 0.02":{"Bitcoin":-0.1425351341,"CRC3":-0.1350444423,"CRC3b":-0.100233286,"CRC4":-0.1085462869,"folio_equal-weight_btc_eth_xrp":-0.1484523348}}