{"net perf\/dd":{"Bitcoin":3.4417903611,"CRC3":9.8700623165,"CRC3b":10.2265208922,"CRC4":8.3956800933,"folio_equal-weight_btc_eth_xrp":5.3077949089},"Sharpe":{"Bitcoin":1.9196011045,"CRC3":6.2167189358,"CRC3b":6.382382608,"CRC4":5.5015689673,"folio_equal-weight_btc_eth_xrp":2.8934338531},"perf":{"Bitcoin":3.2034231233,"CRC3":5.7296325613,"CRC3b":5.9365589814,"CRC4":5.395563326,"folio_equal-weight_btc_eth_xrp":4.940194248},"net perf":{"Bitcoin":3.2034231233,"CRC3":5.7296325613,"CRC3b":5.9365589814,"CRC4":5.395563326,"folio_equal-weight_btc_eth_xrp":4.940194248},"dd":{"Bitcoin":0.9307432432,"CRC3":0.5805062195,"CRC3b":0.5805062195,"CRC4":0.6426594708,"folio_equal-weight_btc_eth_xrp":0.9307432432},"vol":{"Bitcoin":1.6687962492,"CRC3":0.9216489631,"CRC3b":0.9301477749,"CRC4":0.9807317436,"folio_equal-weight_btc_eth_xrp":1.7073810907},"occ":{"Bitcoin":1.0,"CRC3":0.6388814862,"CRC3b":0.6297434582,"CRC4":0.6576729632,"folio_equal-weight_btc_eth_xrp":1.0},"VaR robust 0.02":{"Bitcoin":-0.1426915901,"CRC3":-0.140458835,"CRC3b":-0.107645232,"CRC4":-0.1141420027,"folio_equal-weight_btc_eth_xrp":-0.15506323},"VaR sample 0.02":{"Bitcoin":-0.1426915901,"CRC3":-0.1354547111,"CRC3b":-0.1013215418,"CRC4":-0.1069228553,"folio_equal-weight_btc_eth_xrp":-0.1490276273}}