{"net perf\/dd":{"Bitcoin":3.049029418,"CRC3":7.3328034597,"CRC3b":7.8091198838,"folio_equal-weight_btc_eth_xrp":4.3386147117},"Sharpe":{"Bitcoin":1.7663114572,"CRC3":5.3451454645,"CRC3b":5.5055143384,"folio_equal-weight_btc_eth_xrp":2.4551153589},"perf":{"Bitcoin":2.8378635293,"CRC3":4.8066571403,"CRC3b":4.9920725744,"folio_equal-weight_btc_eth_xrp":4.0381363273},"net perf":{"Bitcoin":2.8378635293,"CRC3":4.8066571403,"CRC3b":4.9920725744,"folio_equal-weight_btc_eth_xrp":4.0381363273},"dd":{"Bitcoin":0.9307432432,"CRC3":0.6555006099,"CRC3b":0.6392618693,"folio_equal-weight_btc_eth_xrp":0.9307432431},"vol":{"Bitcoin":1.6066608852,"CRC3":0.8992565632,"CRC3b":0.9067404547,"folio_equal-weight_btc_eth_xrp":1.6447847604},"occ":{"Bitcoin":1.0,"CRC3":0.6479318887,"CRC3b":0.63846083,"folio_equal-weight_btc_eth_xrp":0.9999999994},"VaR sample 0.02":{"Bitcoin":-0.1362358462,"CRC3":-0.0290162729,"CRC3b":-0.0345065438,"folio_equal-weight_btc_eth_xrp":-0.1384912792},"VaR robust 0.02":{"Bitcoin":-0.1362456956,"CRC3":-0.030750417,"CRC3b":-0.0368708763,"folio_equal-weight_btc_eth_xrp":-0.1494220808}}