{"net perf\/dd":{"Bitcoin":2.9375337435,"CRC3":7.3667492071,"CRC3b":7.899479356,"folio_equal-weight_btc_eth_xrp":4.434162984},"Sharpe":{"Bitcoin":1.6837376855,"CRC3":5.3400415356,"CRC3b":5.5368442718,"folio_equal-weight_btc_eth_xrp":2.4794514743},"perf":{"Bitcoin":2.7340896836,"CRC3":4.8289085984,"CRC3b":5.0498359396,"folio_equal-weight_btc_eth_xrp":4.1270672362},"net perf":{"Bitcoin":2.7340896836,"CRC3":4.8289085984,"CRC3b":5.0498359396,"folio_equal-weight_btc_eth_xrp":4.1270672362},"dd":{"Bitcoin":0.9307432432,"CRC3":0.6555006099,"CRC3b":0.6392618693,"folio_equal-weight_btc_eth_xrp":0.9307432431},"vol":{"Bitcoin":1.6238216363,"CRC3":0.904282966,"CRC3b":0.9120422558,"folio_equal-weight_btc_eth_xrp":1.66450817},"occ":{"Bitcoin":1.0,"CRC3":0.641691041,"CRC3b":0.6320127181,"folio_equal-weight_btc_eth_xrp":0.9999999994},"VaR robust 0.02":{"Bitcoin":-0.1369377444,"CRC3":-0.1494072485,"CRC3b":-0.1526750867,"folio_equal-weight_btc_eth_xrp":-0.1511594958},"VaR sample 0.02":{"Bitcoin":-0.1369377444,"CRC3":-0.1431181957,"CRC3b":-0.1445696209,"folio_equal-weight_btc_eth_xrp":-0.143004502}}