{"net perf\/dd":{"Bitcoin":2.9657058172,"CRC3":7.956810168,"CRC3b":8.5212081927,"folio_equal-weight_btc_eth_xrp":4.6217238448},"Sharpe":{"Bitcoin":1.6737834229,"CRC3":5.5688258778,"CRC3b":5.736628165,"folio_equal-weight_btc_eth_xrp":2.5465067939},"perf":{"Bitcoin":2.7603106508,"CRC3":5.0894567842,"CRC3b":5.286387672,"folio_equal-weight_btc_eth_xrp":4.30163824},"net perf":{"Bitcoin":2.7603106508,"CRC3":5.0894567842,"CRC3b":5.286387672,"folio_equal-weight_btc_eth_xrp":4.30163824},"dd":{"Bitcoin":0.9307432432,"CRC3":0.6396353157,"CRC3b":0.6203800626,"folio_equal-weight_btc_eth_xrp":0.9307432431},"vol":{"Bitcoin":1.6491444551,"CRC3":0.9139191808,"CRC3b":0.9215147853,"folio_equal-weight_btc_eth_xrp":1.6892310086},"occ":{"Bitcoin":1.0,"CRC3":0.6366297731,"CRC3b":0.6267332532,"folio_equal-weight_btc_eth_xrp":0.9999999993},"VaR robust 0.02":{"Bitcoin":-0.1401007366,"CRC3":-0.09071374,"CRC3b":-0.0981932791,"folio_equal-weight_btc_eth_xrp":-0.1532616857},"VaR sample 0.02":{"Bitcoin":-0.1401007366,"CRC3":-0.0863259735,"CRC3b":-0.0920149253,"folio_equal-weight_btc_eth_xrp":-0.1454809942}}