{"net perf\/dd":{"Bitcoin":2.997678912,"CRC3":8.0558695718,"CRC3b":8.6342303852,"folio_equal-weight_btc_eth_xrp":4.6904244727},"Sharpe":{"Bitcoin":1.6940857849,"CRC3":5.6409771116,"CRC3b":5.8151531591,"folio_equal-weight_btc_eth_xrp":2.5872126642},"perf":{"Bitcoin":2.7900693927,"CRC3":5.1528186772,"CRC3b":5.3565043868,"folio_equal-weight_btc_eth_xrp":4.3655808852},"net perf":{"Bitcoin":2.7900693927,"CRC3":5.1528186772,"CRC3b":5.3565043868,"folio_equal-weight_btc_eth_xrp":4.3655808852},"dd":{"Bitcoin":0.9307432432,"CRC3":0.6396353157,"CRC3b":0.6203800626,"folio_equal-weight_btc_eth_xrp":0.9307432431},"vol":{"Bitcoin":1.646946936,"CRC3":0.9134620785,"CRC3b":0.9211286857,"folio_equal-weight_btc_eth_xrp":1.6873683967},"occ":{"Bitcoin":1.0,"CRC3":0.6370218959,"CRC3b":0.627227999,"folio_equal-weight_btc_eth_xrp":0.9999999993},"VaR robust 0.02":{"Bitcoin":-0.1399297756,"CRC3":-0.1550443988,"CRC3b":-0.157206561,"folio_equal-weight_btc_eth_xrp":-0.153570273},"VaR sample 0.02":{"Bitcoin":-0.1399297756,"CRC3":-0.1489181704,"CRC3b":-0.1492332033,"folio_equal-weight_btc_eth_xrp":-0.1453146445}}