{"net perf\/dd":{"Bitcoin":3.3269596594,"CRC3":9.3824286046,"CRC3b":9.801378128,"CRC4":8.0367473998,"folio_equal-weight_btc_eth_xrp":5.1218953317},"Sharpe":{"Bitcoin":1.8696063075,"CRC3":5.9400175801,"CRC3b":6.1564886661,"CRC4":5.2996439321,"folio_equal-weight_btc_eth_xrp":2.8114867749},"perf":{"Bitcoin":3.0965452235,"CRC3":5.4465581587,"CRC3b":5.6897609626,"CRC4":5.1648918311,"folio_equal-weight_btc_eth_xrp":4.7671694726},"net perf":{"Bitcoin":3.0965452235,"CRC3":5.4465581587,"CRC3b":5.6897609626,"CRC4":5.1648918311,"folio_equal-weight_btc_eth_xrp":4.7671694726},"dd":{"Bitcoin":0.9307432432,"CRC3":0.5805062195,"CRC3b":0.5805062195,"CRC4":0.6426594708,"folio_equal-weight_btc_eth_xrp":0.9307432432},"vol":{"Bitcoin":1.6562552293,"CRC3":0.9169262692,"CRC3b":0.9241893019,"CRC4":0.9745733671,"folio_equal-weight_btc_eth_xrp":1.695604445},"occ":{"Bitcoin":1.0,"CRC3":0.6400246105,"CRC3b":0.6302269989,"CRC4":0.6595760641,"folio_equal-weight_btc_eth_xrp":1.0},"VaR robust 0.02":{"Bitcoin":-0.1407807038,"CRC3":-0.1261396338,"CRC3b":-0.1350639951,"CRC4":-0.1611175291,"folio_equal-weight_btc_eth_xrp":-0.1543924269},"VaR sample 0.02":{"Bitcoin":-0.1407807038,"CRC3":-0.121623584,"CRC3b":-0.1261264797,"CRC4":-0.1506241749,"folio_equal-weight_btc_eth_xrp":-0.1476840965}}