{"net perf\/dd":{"Bitcoin":2.9369326504,"CRC3":7.845287841,"CRC3b":8.4029327499,"folio_equal-weight_btc_eth_xrp":4.5770587668},"Sharpe":{"Bitcoin":1.6617561586,"CRC3":5.4937514912,"CRC3b":5.6593071642,"folio_equal-weight_btc_eth_xrp":2.5273145216},"perf":{"Bitcoin":2.7335302203,"CRC3":5.0181231653,"CRC3b":5.2130119453,"folio_equal-weight_btc_eth_xrp":4.2600665204},"net perf":{"Bitcoin":2.7335302203,"CRC3":5.0181231653,"CRC3b":5.2130119453,"folio_equal-weight_btc_eth_xrp":4.2600665204},"dd":{"Bitcoin":0.9307432432,"CRC3":0.6396353157,"CRC3b":0.6203800626,"folio_equal-weight_btc_eth_xrp":0.9307432431},"vol":{"Bitcoin":1.6449646996,"CRC3":0.913423764,"CRC3b":0.9211396014,"folio_equal-weight_btc_eth_xrp":1.6856099563},"occ":{"Bitcoin":1.0,"CRC3":0.6374389062,"CRC3b":0.6276710331,"folio_equal-weight_btc_eth_xrp":0.9999999993},"VaR robust 0.02":{"Bitcoin":-0.1397303211,"CRC3":-0.0946954976,"CRC3b":-0.0942876999,"folio_equal-weight_btc_eth_xrp":-0.1531194473},"VaR sample 0.02":{"Bitcoin":-0.1397303211,"CRC3":-0.0897751901,"CRC3b":-0.0892370079,"folio_equal-weight_btc_eth_xrp":-0.1451205699}}