{"net perf\/dd":{"Bitcoin":2.8860106022,"CRC3":7.4393349936,"CRC3b":7.9167504053,"folio_equal-weight_btc_eth_xrp":4.4704984041},"Sharpe":{"Bitcoin":1.6432832784,"CRC3":5.3691855339,"CRC3b":5.5253196687,"folio_equal-weight_btc_eth_xrp":2.483263968},"perf":{"Bitcoin":2.6861348679,"CRC3":4.8764886257,"CRC3b":5.0608766628,"folio_equal-weight_btc_eth_xrp":4.1608861829},"net perf":{"Bitcoin":2.6861348679,"CRC3":4.8764886257,"CRC3b":5.0608766628,"folio_equal-weight_btc_eth_xrp":4.1608861829},"dd":{"Bitcoin":0.9307432432,"CRC3":0.6555006099,"CRC3b":0.6392618693,"folio_equal-weight_btc_eth_xrp":0.9307432431},"vol":{"Bitcoin":1.6346146177,"CRC3":0.9082361924,"CRC3b":0.9159427809,"folio_equal-weight_btc_eth_xrp":1.6755714401},"occ":{"Bitcoin":1.0,"CRC3":0.636779433,"CRC3b":0.6267414069,"folio_equal-weight_btc_eth_xrp":0.9999999993},"VaR robust 0.02":{"Bitcoin":-0.1388755161,"CRC3":-0.1406452434,"CRC3b":-0.1464599635,"folio_equal-weight_btc_eth_xrp":-0.1524784086},"VaR sample 0.02":{"Bitcoin":-0.1388755161,"CRC3":-0.1330056388,"CRC3b":-0.1364029089,"folio_equal-weight_btc_eth_xrp":-0.1442888217}}