{"net perf\/dd":{"Bitcoin":3.0643738697,"CRC3":7.5205645125,"CRC3b":8.0153896564,"folio_equal-weight_btc_eth_xrp":4.5190234233},"Sharpe":{"Bitcoin":1.768807398,"CRC3":5.4677429288,"CRC3b":5.6354704752,"folio_equal-weight_btc_eth_xrp":2.5453175869},"perf":{"Bitcoin":2.852145274,"CRC3":4.929734625,"CRC3b":5.1239329749,"folio_equal-weight_btc_eth_xrp":4.2060505166},"net perf":{"Bitcoin":2.852145274,"CRC3":4.929734625,"CRC3b":5.1239329749,"folio_equal-weight_btc_eth_xrp":4.2060505166},"dd":{"Bitcoin":0.9307432432,"CRC3":0.6555006099,"CRC3b":0.6392618693,"folio_equal-weight_btc_eth_xrp":0.9307432431},"vol":{"Bitcoin":1.6124679698,"CRC3":0.9016032189,"CRC3b":0.9092289628,"folio_equal-weight_btc_eth_xrp":1.6524658998},"occ":{"Bitcoin":1.0,"CRC3":0.6482873505,"CRC3b":0.6386909123,"folio_equal-weight_btc_eth_xrp":0.9999999994},"VaR robust 0.02":{"Bitcoin":-0.1357403609,"CRC3":-0.1491374703,"CRC3b":-0.1511396427,"folio_equal-weight_btc_eth_xrp":-0.1498951416},"VaR sample 0.02":{"Bitcoin":-0.1357403609,"CRC3":-0.1418483872,"CRC3b":-0.1412403727,"folio_equal-weight_btc_eth_xrp":-0.1406434164}}