{"net perf\/dd":{"Bitcoin":2.8792047419,"CRC3":7.3926372403,"CRC3b":7.8690411109,"folio_equal-weight_btc_eth_xrp":4.451554642},"Sharpe":{"Bitcoin":1.6411434604,"CRC3":5.3396952218,"CRC3b":5.4964345557,"folio_equal-weight_btc_eth_xrp":2.4751867569},"perf":{"Bitcoin":2.6798003595,"CRC3":4.84587822,"CRC3b":5.03037793,"folio_equal-weight_btc_eth_xrp":4.1432544043},"net perf":{"Bitcoin":2.6798003595,"CRC3":4.84587822,"CRC3b":5.03037793,"folio_equal-weight_btc_eth_xrp":4.1432544043},"dd":{"Bitcoin":0.9307432432,"CRC3":0.6555006099,"CRC3b":0.6392618693,"folio_equal-weight_btc_eth_xrp":0.9307432431},"vol":{"Bitcoin":1.6328861091,"CRC3":0.9075196278,"CRC3b":0.9152074639,"folio_equal-weight_btc_eth_xrp":1.6739158743},"occ":{"Bitcoin":1.0,"CRC3":0.6372655283,"CRC3b":0.6273032557,"folio_equal-weight_btc_eth_xrp":0.9999999994},"VaR robust 0.02":{"Bitcoin":-0.1386705329,"CRC3":-0.1477068156,"CRC3b":-0.1513332579,"folio_equal-weight_btc_eth_xrp":-0.1522959509},"VaR sample 0.02":{"Bitcoin":-0.1386705329,"CRC3":-0.1396267723,"CRC3b":-0.1403646693,"folio_equal-weight_btc_eth_xrp":-0.1441388079}}