{"net perf\/dd":{"Bitcoin":2.8706206862,"CRC3":7.3433295075,"CRC3b":7.8766991374,"folio_equal-weight_btc_eth_xrp":4.4240644258},"Sharpe":{"Bitcoin":1.6377973051,"CRC3":5.3088198065,"CRC3b":5.5063560042,"folio_equal-weight_btc_eth_xrp":2.4621930138},"perf":{"Bitcoin":2.6718108076,"CRC3":4.8135569711,"CRC3b":5.0352734144,"folio_equal-weight_btc_eth_xrp":4.1176680713},"net perf":{"Bitcoin":2.6718108076,"CRC3":4.8135569711,"CRC3b":5.0352734144,"folio_equal-weight_btc_eth_xrp":4.1176680713},"dd":{"Bitcoin":0.9307432432,"CRC3":0.6555006099,"CRC3b":0.6392618693,"folio_equal-weight_btc_eth_xrp":0.9307432431},"vol":{"Bitcoin":1.6313440004,"CRC3":0.9067094282,"CRC3b":0.9144474877,"folio_equal-weight_btc_eth_xrp":1.6723579541},"occ":{"Bitcoin":1.0,"CRC3":0.637830507,"CRC3b":0.6279348448,"folio_equal-weight_btc_eth_xrp":0.9999999994},"VaR robust 0.02":{"Bitcoin":-0.1384315276,"CRC3":-0.1436473463,"CRC3b":-0.1569126935,"folio_equal-weight_btc_eth_xrp":-0.1519602889},"VaR sample 0.02":{"Bitcoin":-0.1384315276,"CRC3":-0.136265127,"CRC3b":-0.1454255443,"folio_equal-weight_btc_eth_xrp":-0.1439823519}}