{"net perf\/dd":{"Bitcoin":2.953629081,"CRC3":7.3096024715,"CRC3b":7.8103237528,"folio_equal-weight_btc_eth_xrp":4.387129071},"Sharpe":{"Bitcoin":1.697953499,"CRC3":5.3114123795,"CRC3b":5.4873636946,"folio_equal-weight_btc_eth_xrp":2.4602601559},"perf":{"Bitcoin":2.7490703102,"CRC3":4.7914488784,"CRC3b":4.992842162,"folio_equal-weight_btc_eth_xrp":4.0832907395},"net perf":{"Bitcoin":2.7490703102,"CRC3":4.7914488784,"CRC3b":4.992842162,"folio_equal-weight_btc_eth_xrp":4.0832907395},"dd":{"Bitcoin":0.9307432432,"CRC3":0.6555006099,"CRC3b":0.6392618693,"folio_equal-weight_btc_eth_xrp":0.9307432431},"vol":{"Bitcoin":1.6190492329,"CRC3":0.9021044754,"CRC3b":0.9098799423,"folio_equal-weight_btc_eth_xrp":1.6596987639},"occ":{"Bitcoin":1.0,"CRC3":0.6438768037,"CRC3b":0.6342575207,"folio_equal-weight_btc_eth_xrp":0.9999999994},"VaR robust 0.02":{"Bitcoin":-0.1361012258,"CRC3":-0.1464091382,"CRC3b":-0.147517541,"folio_equal-weight_btc_eth_xrp":-0.1499346591},"VaR sample 0.02":{"Bitcoin":-0.1361012258,"CRC3":-0.141125457,"CRC3b":-0.1424569061,"folio_equal-weight_btc_eth_xrp":-0.1424569061}}