{"net perf\/dd":{"Bitcoin":2.8436559874,"CRC3":6.831077545,"CRC3b":7.2389497817,"folio_equal-weight_btc_eth_xrp":4.0616933305},"Sharpe":{"Bitcoin":1.6645205101,"CRC3":5.032334029,"CRC3b":5.1557433328,"folio_equal-weight_btc_eth_xrp":2.3222981982},"perf":{"Bitcoin":2.6467135964,"CRC3":4.4777754972,"CRC3b":4.6275845691,"folio_equal-weight_btc_eth_xrp":3.7803936229},"net perf":{"Bitcoin":2.6467135964,"CRC3":4.4777754972,"CRC3b":4.6275845691,"folio_equal-weight_btc_eth_xrp":3.7803936229},"dd":{"Bitcoin":0.9307432432,"CRC3":0.6555006099,"CRC3b":0.6392618693,"folio_equal-weight_btc_eth_xrp":0.9307432431},"vol":{"Bitcoin":1.5900756887,"CRC3":0.8898009296,"CRC3b":0.8975591434,"folio_equal-weight_btc_eth_xrp":1.62786744},"occ":{"Bitcoin":1.0,"CRC3":0.6411132765,"CRC3b":0.6316876509,"folio_equal-weight_btc_eth_xrp":0.9999999994},"VaR sample 0.02":{"Bitcoin":-0.1357636515,"CRC3":-0.0656610462,"CRC3b":-0.0511494313,"folio_equal-weight_btc_eth_xrp":-0.1372713852},"VaR robust 0.02":{"Bitcoin":-0.1357662393,"CRC3":-0.0702428967,"CRC3b":-0.0545259186,"folio_equal-weight_btc_eth_xrp":-0.1496462586}}