{"net perf\/dd":{"Bitcoin":3.1116848879,"CRC3":7.6627509669,"CRC3b":8.1743911578,"folio_equal-weight_btc_eth_xrp":4.605996973},"Sharpe":{"Bitcoin":1.7921712762,"CRC3":5.5624065372,"CRC3b":5.7382247852,"folio_equal-weight_btc_eth_xrp":2.5886317687},"perf":{"Bitcoin":2.8961796846,"CRC3":5.0229379325,"CRC3b":5.2255765719,"folio_equal-weight_btc_eth_xrp":4.2870005603},"net perf":{"Bitcoin":2.8961796846,"CRC3":5.0229379325,"CRC3b":5.2255765719,"folio_equal-weight_btc_eth_xrp":4.2870005603},"dd":{"Bitcoin":0.9307432432,"CRC3":0.6555006099,"CRC3b":0.6392618693,"folio_equal-weight_btc_eth_xrp":0.9307432431},"vol":{"Bitcoin":1.6160172429,"CRC3":0.9030152505,"CRC3b":0.9106608346,"folio_equal-weight_btc_eth_xrp":1.6560874406},"occ":{"Bitcoin":1.0,"CRC3":0.6464618523,"CRC3b":0.6368895698,"folio_equal-weight_btc_eth_xrp":0.9999999994},"VaR robust 0.02":{"Bitcoin":-0.135771415,"CRC3":-0.1492728348,"CRC3b":-0.1516416255,"folio_equal-weight_btc_eth_xrp":-0.1510672823},"VaR sample 0.02":{"Bitcoin":-0.135771415,"CRC3":-0.1419665127,"CRC3b":-0.1422226821,"folio_equal-weight_btc_eth_xrp":-0.1414671411}}