{"net perf\/dd":{"Bitcoin":2.8815379721,"CRC3":7.5277208371,"CRC3b":8.0306115385,"folio_equal-weight_btc_eth_xrp":4.4481575253},"Sharpe":{"Bitcoin":1.6339495611,"CRC3":5.3955305676,"CRC3b":5.5559545734,"folio_equal-weight_btc_eth_xrp":2.4612823659},"perf":{"Bitcoin":2.6819719976,"CRC3":4.9182782426,"CRC3b":5.107338265,"folio_equal-weight_btc_eth_xrp":4.1400925609},"net perf":{"Bitcoin":2.6819719976,"CRC3":4.9182782426,"CRC3b":5.107338265,"folio_equal-weight_btc_eth_xrp":4.1400925609},"dd":{"Bitcoin":0.9307432432,"CRC3":0.6533555573,"CRC3b":0.6359837281,"folio_equal-weight_btc_eth_xrp":0.9307432431},"vol":{"Bitcoin":1.6414043992,"CRC3":0.9115467295,"CRC3b":0.9192548639,"folio_equal-weight_btc_eth_xrp":1.6820876054},"occ":{"Bitcoin":1.0,"CRC3":0.636766142,"CRC3b":0.6269148612,"folio_equal-weight_btc_eth_xrp":0.9999999993},"VaR robust 0.02":{"Bitcoin":-0.1394453861,"CRC3":-0.0564695187,"CRC3b":-0.052722749,"folio_equal-weight_btc_eth_xrp":-0.1527288591},"VaR sample 0.02":{"Bitcoin":-0.1394453861,"CRC3":-0.0535765299,"CRC3b":-0.049923018,"folio_equal-weight_btc_eth_xrp":-0.1448433205}}