{"net perf\/dd":{"Bitcoin":2.9098231718,"CRC3":7.748742995,"CRC3b":8.2905375019,"folio_equal-weight_btc_eth_xrp":4.5151604716},"Sharpe":{"Bitcoin":1.6479643988,"CRC3":5.4436058166,"CRC3b":5.6075931143,"folio_equal-weight_btc_eth_xrp":2.4954705244},"perf":{"Bitcoin":2.7082982562,"CRC3":4.9677918471,"CRC3b":5.1606929796,"folio_equal-weight_btc_eth_xrp":4.2024551004},"net perf":{"Bitcoin":2.7082982562,"CRC3":4.9677918471,"CRC3b":5.1606929796,"folio_equal-weight_btc_eth_xrp":4.2024551004},"dd":{"Bitcoin":0.9307432432,"CRC3":0.6411093838,"CRC3b":0.622479903,"folio_equal-weight_btc_eth_xrp":0.9307432431},"vol":{"Bitcoin":1.6434203665,"CRC3":0.9125921337,"CRC3b":0.9203044648,"folio_equal-weight_btc_eth_xrp":1.684033155},"occ":{"Bitcoin":1.0,"CRC3":0.6372977856,"CRC3b":0.6275129953,"folio_equal-weight_btc_eth_xrp":0.9999999993},"VaR robust 0.02":{"Bitcoin":-0.1396163471,"CRC3":-0.07175224,"CRC3b":-0.0658347055,"folio_equal-weight_btc_eth_xrp":-0.1531115605},"VaR sample 0.02":{"Bitcoin":-0.1396163471,"CRC3":-0.0678623651,"CRC3b":-0.0630992339,"folio_equal-weight_btc_eth_xrp":-0.1450096702}}