{"Unnamed: 0":{"0":"CRC3","1":"CRC3b","2":"CRC4","3":"folio_equal-weight_btc_eth_xrp"},"net perf\/dd":{"0":10.129123705,"1":10.5779144432,"2":8.7457398037,"3":5.3608377425},"Sharpe":{"0":6.358328124,"1":6.5668973599,"2":5.7035034571,"3":2.9103689671},"perf":{"0":5.8800193085,"1":6.1405451232,"2":5.6205325143,"3":4.989563507},"net perf":{"0":5.8800193085,"1":6.1405451232,"2":5.6205325143,"3":4.989563507},"dd":{"0":0.5805062195,"1":0.5805062195,"2":0.6426594708,"3":0.9307432432},"vol":{"0":0.9247744366,"1":0.9350755443,"2":0.9854526357,"3":1.7144092599},"occ":{"0":0.6405702747,"1":0.632141298,"2":0.6594453148,"3":1.0},"VaR robust 0.02":{"0":-0.0663017191,"1":-0.0548470272,"2":-0.0698652556,"3":-0.1541200931},"VaR sample 0.02":{"0":-0.064063468,"1":-0.0525363179,"2":-0.0661540898,"3":-0.1464751046}}