{"net perf\/dd":{"Bitcoin":3.0665316534,"CRC3":8.5855269322,"CRC3b":9.3310171877,"folio_equal-weight_btc_eth_xrp":4.7438899423},"Sharpe":{"Bitcoin":1.7247796651,"CRC3":5.714642795,"CRC3b":5.9000685456,"folio_equal-weight_btc_eth_xrp":2.6068708954},"perf":{"Bitcoin":2.8541536166,"CRC3":5.2327993985,"CRC3b":5.4465756864,"folio_equal-weight_btc_eth_xrp":4.4153435105},"net perf":{"Bitcoin":2.8541536166,"CRC3":5.2327993985,"CRC3b":5.4465756864,"folio_equal-weight_btc_eth_xrp":4.4153435105},"dd":{"Bitcoin":0.9307432432,"CRC3":0.6094907674,"CRC3b":0.5837065324,"folio_equal-weight_btc_eth_xrp":0.9307432432},"vol":{"Bitcoin":1.6547931741,"CRC3":0.9156826745,"CRC3b":0.9231376965,"folio_equal-weight_btc_eth_xrp":1.6937330952},"occ":{"Bitcoin":1.0,"CRC3":0.6388243574,"CRC3b":0.6287788892,"folio_equal-weight_btc_eth_xrp":1.0},"VaR robust 0.02":{"Bitcoin":-0.1409374148,"CRC3":-0.0529210297,"CRC3b":-0.0504820905,"folio_equal-weight_btc_eth_xrp":-0.1539018167},"VaR sample 0.02":{"Bitcoin":-0.1409374148,"CRC3":-0.0503757373,"CRC3b":-0.0482134996,"folio_equal-weight_btc_eth_xrp":-0.1466779054}}