{"net perf\/dd":{"Bitcoin":3.4268976522,"CRC3":9.7404498697,"CRC3b":10.1448686892,"CRC4":8.330758715,"folio_equal-weight_btc_eth_xrp":5.2673952074},"Sharpe":{"Bitcoin":1.9147190663,"CRC3":6.1408825376,"CRC3b":6.341510242,"CRC4":5.4676666074,"folio_equal-weight_btc_eth_xrp":2.8761930489},"perf":{"Bitcoin":3.1895618351,"CRC3":5.6543917298,"CRC3b":5.8891593698,"CRC4":5.3538409874,"folio_equal-weight_btc_eth_xrp":4.9025924988},"net perf":{"Bitcoin":3.1895618351,"CRC3":5.6543917298,"CRC3b":5.8891593698,"CRC4":5.3538409874,"folio_equal-weight_btc_eth_xrp":4.9025924988},"dd":{"Bitcoin":0.9307432432,"CRC3":0.5805062195,"CRC3b":0.5805062195,"CRC4":0.6426594708,"folio_equal-weight_btc_eth_xrp":0.9307432432},"vol":{"Bitcoin":1.6658119153,"CRC3":0.9207783564,"CRC3b":0.9286682738,"CRC4":0.9791820482,"folio_equal-weight_btc_eth_xrp":1.7045422249},"occ":{"Bitcoin":1.0,"CRC3":0.6398545733,"CRC3b":0.6300217116,"CRC4":0.6581091081,"folio_equal-weight_btc_eth_xrp":1.0},"VaR robust 0.02":{"Bitcoin":-0.1424177922,"CRC3":-0.1316789385,"CRC3b":-0.1181051796,"CRC4":-0.1356668938,"folio_equal-weight_btc_eth_xrp":-0.1541687894},"VaR sample 0.02":{"Bitcoin":-0.1424177922,"CRC3":-0.1271222157,"CRC3b":-0.1117335421,"CRC4":-0.1270007414,"folio_equal-weight_btc_eth_xrp":-0.1483140999}}