{"net perf\/dd":{"Bitcoin":2.9273310571,"CRC3":7.8165460302,"CRC3b":8.3718977582,"folio_equal-weight_btc_eth_xrp":4.5538357531},"Sharpe":{"Bitcoin":1.6565898935,"CRC3":5.474525419,"CRC3b":5.6393363173,"folio_equal-weight_btc_eth_xrp":2.5149133555},"perf":{"Bitcoin":2.7245936021,"CRC3":4.9997388881,"CRC3b":5.1937584552,"folio_equal-weight_btc_eth_xrp":4.2384518574},"net perf":{"Bitcoin":2.7245936021,"CRC3":4.9997388881,"CRC3b":5.1937584552,"folio_equal-weight_btc_eth_xrp":4.2384518574},"dd":{"Bitcoin":0.9307432432,"CRC3":0.6396353157,"CRC3b":0.6203800626,"folio_equal-weight_btc_eth_xrp":0.9307432431},"vol":{"Bitcoin":1.6447001234,"CRC3":0.9132734813,"CRC3b":0.9209875352,"folio_equal-weight_btc_eth_xrp":1.6853271895},"occ":{"Bitcoin":1.0,"CRC3":0.6374276928,"CRC3b":0.6276594948,"folio_equal-weight_btc_eth_xrp":0.9999999993},"VaR robust 0.02":{"Bitcoin":-0.1397018276,"CRC3":-0.0851802441,"CRC3b":-0.0830074272,"folio_equal-weight_btc_eth_xrp":-0.152985442},"VaR sample 0.02":{"Bitcoin":-0.1397018276,"CRC3":-0.0806263282,"CRC3b":-0.0783412392,"folio_equal-weight_btc_eth_xrp":-0.145092845}}