{"net perf\/dd":{"Bitcoin":2.8787695551,"CRC3":7.3711075467,"CRC3b":7.857546583,"folio_equal-weight_btc_eth_xrp":4.4384389832},"Sharpe":{"Bitcoin":1.6414133548,"CRC3":5.3257056501,"CRC3b":5.490084371,"folio_equal-weight_btc_eth_xrp":2.4686532098},"perf":{"Bitcoin":2.6793953123,"CRC3":4.8317654927,"CRC3b":5.0230299167,"folio_equal-weight_btc_eth_xrp":4.1310470935},"net perf":{"Bitcoin":2.6793953123,"CRC3":4.8317654927,"CRC3b":5.0230299167,"folio_equal-weight_btc_eth_xrp":4.1310470935},"dd":{"Bitcoin":0.9307432432,"CRC3":0.6555006099,"CRC3b":0.6392618693,"folio_equal-weight_btc_eth_xrp":0.9307432431},"vol":{"Bitcoin":1.6323708495,"CRC3":0.9072535754,"CRC3b":0.9149276363,"folio_equal-weight_btc_eth_xrp":1.6734011392},"occ":{"Bitcoin":1.0,"CRC3":0.6375576171,"CRC3b":0.6276047071,"folio_equal-weight_btc_eth_xrp":0.9999999994},"VaR robust 0.02":{"Bitcoin":-0.1385510303,"CRC3":-0.1474616649,"CRC3b":-0.1552918102,"folio_equal-weight_btc_eth_xrp":-0.1520781082},"VaR sample 0.02":{"Bitcoin":-0.1385510303,"CRC3":-0.1398181371,"CRC3b":-0.1451573919,"folio_equal-weight_btc_eth_xrp":-0.1440605799}}