{"net perf\/dd":{"Bitcoin":3.1136800668,"CRC3":7.4235564962,"CRC3b":7.9092512327,"folio_equal-weight_btc_eth_xrp":4.4160762847},"Sharpe":{"Bitcoin":1.8009304861,"CRC3":5.4002495741,"CRC3b":5.5647654867,"folio_equal-weight_btc_eth_xrp":2.4946760233},"perf":{"Bitcoin":2.8980366838,"CRC3":4.8661458111,"CRC3b":5.0560827277,"folio_equal-weight_btc_eth_xrp":4.110233163},"net perf":{"Bitcoin":2.8980366838,"CRC3":4.8661458111,"CRC3b":5.0560827277,"folio_equal-weight_btc_eth_xrp":4.110233163},"dd":{"Bitcoin":0.9307432432,"CRC3":0.6555006099,"CRC3b":0.6392618693,"folio_equal-weight_btc_eth_xrp":0.9307432431},"vol":{"Bitcoin":1.6091885312,"CRC3":0.9010964668,"CRC3b":0.908588644,"folio_equal-weight_btc_eth_xrp":1.647601983},"occ":{"Bitcoin":1.0,"CRC3":0.6497387056,"CRC3b":0.6401192299,"folio_equal-weight_btc_eth_xrp":0.9999999994},"VaR robust 0.02":{"Bitcoin":-0.1364720161,"CRC3":-0.0338649083,"CRC3b":-0.0342410919,"folio_equal-weight_btc_eth_xrp":-0.1495135886},"VaR sample 0.02":{"Bitcoin":-0.1364720161,"CRC3":-0.032222557,"CRC3b":-0.0332083693,"folio_equal-weight_btc_eth_xrp":-0.1392018982}}