{"net perf\/dd":{"Bitcoin":3.4569292762,"CRC3":9.90334238,"CRC3b":10.2850461877,"CRC4":8.4449487968,"folio_equal-weight_btc_eth_xrp":5.3298740733},"Sharpe":{"Bitcoin":1.9271228114,"CRC3":6.2372678587,"CRC3b":6.416256362,"CRC4":5.5315354359,"folio_equal-weight_btc_eth_xrp":2.9043144423},"perf":{"Bitcoin":3.2175135662,"CRC3":5.7489518451,"CRC3b":5.9705332795,"CRC4":5.4272263249,"folio_equal-weight_btc_eth_xrp":4.960744281},"net perf":{"Bitcoin":3.2175135662,"CRC3":5.7489518451,"CRC3b":5.9705332795,"CRC4":5.4272263249,"folio_equal-weight_btc_eth_xrp":4.960744281},"dd":{"Bitcoin":0.9307432432,"CRC3":0.5805062195,"CRC3b":0.5805062195,"CRC4":0.6426594708,"folio_equal-weight_btc_eth_xrp":0.9307432432},"vol":{"Bitcoin":1.6695944582,"CRC3":0.9217099498,"CRC3b":0.9305322204,"CRC4":0.9811428288,"folio_equal-weight_btc_eth_xrp":1.7080603287},"occ":{"Bitcoin":1.0,"CRC3":0.6385906201,"CRC3b":0.6296833348,"CRC4":0.6576054099,"folio_equal-weight_btc_eth_xrp":1.0},"VaR robust 0.02":{"Bitcoin":-0.1428089321,"CRC3":-0.1471810777,"CRC3b":-0.1188108951,"CRC4":-0.1295348658,"folio_equal-weight_btc_eth_xrp":-0.1552088251},"VaR sample 0.02":{"Bitcoin":-0.1428089321,"CRC3":-0.1420451477,"CRC3b":-0.1118988142,"CRC4":-0.1209729736,"folio_equal-weight_btc_eth_xrp":-0.1489271655}}