{"net perf\/dd":{"Bitcoin":2.9813126962,"CRC3":8.0426928659,"CRC3b":8.6089033936,"folio_equal-weight_btc_eth_xrp":4.6789766816},"Sharpe":{"Bitcoin":1.6838408232,"CRC3":5.628429818,"CRC3b":5.7947508571,"folio_equal-weight_btc_eth_xrp":2.579290828},"perf":{"Bitcoin":2.774836648,"CRC3":5.1443903907,"CRC3b":5.3407920261,"folio_equal-weight_btc_eth_xrp":4.354925931},"net perf":{"Bitcoin":2.774836648,"CRC3":5.1443903907,"CRC3b":5.3407920261,"folio_equal-weight_btc_eth_xrp":4.354925931},"dd":{"Bitcoin":0.9307432432,"CRC3":0.6396353157,"CRC3b":0.6203800626,"folio_equal-weight_btc_eth_xrp":0.9307432431},"vol":{"Bitcoin":1.6479209969,"CRC3":0.9140009838,"CRC3b":0.9216603367,"folio_equal-weight_btc_eth_xrp":1.688419888},"occ":{"Bitcoin":1.0,"CRC3":0.6368087212,"CRC3b":0.6269825715,"folio_equal-weight_btc_eth_xrp":0.9999999993},"VaR robust 0.02":{"Bitcoin":-0.1399867626,"CRC3":-0.1374887262,"CRC3b":-0.1417555736,"folio_equal-weight_btc_eth_xrp":-0.1536894243},"VaR sample 0.02":{"Bitcoin":-0.1399867626,"CRC3":-0.1321785415,"CRC3b":-0.1348146339,"folio_equal-weight_btc_eth_xrp":-0.1453700944}}