{"net perf\/dd":{"Bitcoin":2.9522598019,"CRC3":7.389587364,"CRC3b":7.9256479349,"folio_equal-weight_btc_eth_xrp":4.4461929212},"Sharpe":{"Bitcoin":1.692420021,"CRC3":5.3571947833,"CRC3b":5.5558323567,"folio_equal-weight_btc_eth_xrp":2.4865428394},"perf":{"Bitcoin":2.7477958629,"CRC3":4.8438790242,"CRC3b":5.0665645142,"folio_equal-weight_btc_eth_xrp":4.1382640189},"net perf":{"Bitcoin":2.7477958629,"CRC3":4.8438790242,"CRC3b":5.0665645142,"folio_equal-weight_btc_eth_xrp":4.1382640189},"dd":{"Bitcoin":0.9307432432,"CRC3":0.6555006099,"CRC3b":0.6392618693,"folio_equal-weight_btc_eth_xrp":0.9307432431},"vol":{"Bitcoin":1.6235897879,"CRC3":0.9041819871,"CRC3b":0.9119361761,"folio_equal-weight_btc_eth_xrp":1.6642641154},"occ":{"Bitcoin":1.0,"CRC3":0.6418480563,"CRC3b":0.6321739745,"folio_equal-weight_btc_eth_xrp":0.9999999994},"VaR robust 0.02":{"Bitcoin":-0.1368779931,"CRC3":-0.148918433,"CRC3b":-0.1521494282,"folio_equal-weight_btc_eth_xrp":-0.1510444559},"VaR sample 0.02":{"Bitcoin":-0.1368779931,"CRC3":-0.1422424231,"CRC3b":-0.1442961098,"folio_equal-weight_btc_eth_xrp":-0.142965388}}