{"net perf\/dd":{"Bitcoin":3.0529070082,"CRC3":7.2244361443,"CRC3b":7.692675268,"folio_equal-weight_btc_eth_xrp":4.2580494705},"Sharpe":{"Bitcoin":1.7720195944,"CRC3":5.2784251358,"CRC3b":5.4360055547,"folio_equal-weight_btc_eth_xrp":2.4147810674},"perf":{"Bitcoin":2.8414725702,"CRC3":4.735622299,"CRC3b":4.9176339717,"folio_equal-weight_btc_eth_xrp":3.9631507734},"net perf":{"Bitcoin":2.8414725702,"CRC3":4.735622299,"CRC3b":4.9176339717,"folio_equal-weight_btc_eth_xrp":3.9631507734},"dd":{"Bitcoin":0.9307432432,"CRC3":0.6555006099,"CRC3b":0.6392618693,"folio_equal-weight_btc_eth_xrp":0.9307432431},"vol":{"Bitcoin":1.6035220937,"CRC3":0.8971657601,"CRC3b":0.9046410866,"folio_equal-weight_btc_eth_xrp":1.6412050048},"occ":{"Bitcoin":1.0,"CRC3":0.6462416348,"CRC3b":0.6369328711,"folio_equal-weight_btc_eth_xrp":0.9999999994},"VaR sample 0.02":{"Bitcoin":-0.136107803,"CRC3":-0.0320742133,"CRC3b":-0.0331855192,"folio_equal-weight_btc_eth_xrp":-0.1378398021},"VaR robust 0.02":{"Bitcoin":-0.1361176524,"CRC3":-0.0338765642,"CRC3b":-0.0343785037,"folio_equal-weight_btc_eth_xrp":-0.1495302882}}