{"net perf\/dd":{"Bitcoin":3.2332426012,"CRC3":7.6129950756,"CRC3b":8.1032702244,"folio_equal-weight_btc_eth_xrp":4.5878875459},"Sharpe":{"Bitcoin":1.8694671945,"CRC3":5.5380394809,"CRC3b":5.7011448441,"folio_equal-weight_btc_eth_xrp":2.5912375526},"perf":{"Bitcoin":3.0093187049,"CRC3":4.9903229154,"CRC3b":5.180111671,"folio_equal-weight_btc_eth_xrp":4.2701453334},"net perf":{"Bitcoin":3.0093187049,"CRC3":4.9903229154,"CRC3b":5.180111671,"folio_equal-weight_btc_eth_xrp":4.2701453334},"dd":{"Bitcoin":0.9307432432,"CRC3":0.6555006099,"CRC3b":0.6392618693,"folio_equal-weight_btc_eth_xrp":0.9307432431},"vol":{"Bitcoin":1.6097199853,"CRC3":0.9010991945,"CRC3b":0.9086090273,"folio_equal-weight_btc_eth_xrp":1.6479173548},"occ":{"Bitcoin":1.0,"CRC3":0.6498410427,"CRC3b":0.6402120622,"folio_equal-weight_btc_eth_xrp":0.9999999994},"VaR robust 0.02":{"Bitcoin":-0.1365782599,"CRC3":-0.1148847222,"CRC3b":-0.1109612406,"folio_equal-weight_btc_eth_xrp":-0.1496870654},"VaR sample 0.02":{"Bitcoin":-0.1365782599,"CRC3":-0.1095424398,"CRC3b":-0.1061618917,"folio_equal-weight_btc_eth_xrp":-0.1394078294}}