{"net perf\/dd":{"Bitcoin":3.0015274809,"CRC3":7.0693272567,"CRC3b":7.5146469709,"folio_equal-weight_btc_eth_xrp":4.212072681},"Sharpe":{"Bitcoin":1.7499769661,"CRC3":5.1895987027,"CRC3b":5.3353554129,"folio_equal-weight_btc_eth_xrp":2.399421103},"perf":{"Bitcoin":2.7936514223,"CRC3":4.6339483286,"CRC3b":4.8038272697,"folio_equal-weight_btc_eth_xrp":3.9203581872},"net perf":{"Bitcoin":2.7936514223,"CRC3":4.6339483286,"CRC3b":4.8038272697,"folio_equal-weight_btc_eth_xrp":3.9203581872},"dd":{"Bitcoin":0.9307432432,"CRC3":0.6555006099,"CRC3b":0.6392618693,"folio_equal-weight_btc_eth_xrp":0.9307432431},"vol":{"Bitcoin":1.5963932534,"CRC3":0.8929299921,"CRC3b":0.9003762445,"folio_equal-weight_btc_eth_xrp":1.6338766806},"occ":{"Bitcoin":1.0,"CRC3":0.6429812891,"CRC3b":0.6337679648,"folio_equal-weight_btc_eth_xrp":0.9999999994},"VaR sample 0.02":{"Bitcoin":-0.135881265,"CRC3":-0.0827018755,"CRC3b":-0.0712750642,"folio_equal-weight_btc_eth_xrp":-0.1376439451},"VaR robust 0.02":{"Bitcoin":-0.1358911144,"CRC3":-0.0896171779,"CRC3b":-0.0777794196,"folio_equal-weight_btc_eth_xrp":-0.1502825843}}