{"net perf\/dd":{"Bitcoin":2.8791686929,"CRC3":7.5219112321,"CRC3b":8.0203474075,"folio_equal-weight_btc_eth_xrp":4.4560479961},"Sharpe":{"Bitcoin":1.6331196336,"CRC3":5.3929843551,"CRC3b":5.5505504531,"folio_equal-weight_btc_eth_xrp":2.4662888891},"perf":{"Bitcoin":2.6797668071,"CRC3":4.9144825049,"CRC3b":5.1008104447,"folio_equal-weight_btc_eth_xrp":4.1474365633},"net perf":{"Bitcoin":2.6797668071,"CRC3":4.9144825049,"CRC3b":5.1008104447,"folio_equal-weight_btc_eth_xrp":4.1474365633},"dd":{"Bitcoin":0.9307432432,"CRC3":0.6533555573,"CRC3b":0.6359837281,"folio_equal-weight_btc_eth_xrp":0.9307432431},"vol":{"Bitcoin":1.6408882436,"CRC3":0.9112732731,"CRC3b":0.9189738005,"folio_equal-weight_btc_eth_xrp":1.6816507513},"occ":{"Bitcoin":1.0,"CRC3":0.6365489285,"CRC3b":0.6266543463,"folio_equal-weight_btc_eth_xrp":0.9999999993},"VaR robust 0.02":{"Bitcoin":-0.1393883991,"CRC3":-0.0654566851,"CRC3b":-0.0534016329,"folio_equal-weight_btc_eth_xrp":-0.1527887833},"VaR sample 0.02":{"Bitcoin":-0.1393883991,"CRC3":-0.0618342435,"CRC3b":-0.0506582779,"folio_equal-weight_btc_eth_xrp":-0.1447878706}}