{"net perf\/dd":{"Bitcoin":3.1951105797,"CRC3":7.6039311536,"CRC3b":8.0942187984,"folio_equal-weight_btc_eth_xrp":4.5768467722},"Sharpe":{"Bitcoin":1.8470944352,"CRC3":5.5301657324,"CRC3b":5.6934016513,"folio_equal-weight_btc_eth_xrp":2.5843738497},"perf":{"Bitcoin":2.9738275835,"CRC3":4.984381509,"CRC3b":5.1743254395,"folio_equal-weight_btc_eth_xrp":4.2598692079},"net perf":{"Bitcoin":2.9738275835,"CRC3":4.984381509,"CRC3b":5.1743254395,"folio_equal-weight_btc_eth_xrp":4.2598692079},"dd":{"Bitcoin":0.9307432432,"CRC3":0.6555006099,"CRC3b":0.6392618693,"folio_equal-weight_btc_eth_xrp":0.9307432431},"vol":{"Bitcoin":1.6100030009,"CRC3":0.9013077998,"CRC3b":0.9088284573,"folio_equal-weight_btc_eth_xrp":1.6483177186},"occ":{"Bitcoin":1.0,"CRC3":0.649782803,"CRC3b":0.6401738008,"folio_equal-weight_btc_eth_xrp":0.9999999994},"VaR robust 0.02":{"Bitcoin":-0.1366490891,"CRC3":-0.1062608134,"CRC3b":-0.1027265581,"folio_equal-weight_btc_eth_xrp":-0.1500857387},"VaR sample 0.02":{"Bitcoin":-0.1366490891,"CRC3":-0.1004117082,"CRC3b":-0.0978637991,"folio_equal-weight_btc_eth_xrp":-0.1395451168}}