{"net perf\/dd":{"Bitcoin":3.0709337939,"CRC3":7.3619800549,"CRC3b":7.841361435,"folio_equal-weight_btc_eth_xrp":4.3589400147},"Sharpe":{"Bitcoin":1.7777515549,"CRC3":5.3625009339,"CRC3b":5.5242282988,"folio_equal-weight_btc_eth_xrp":2.4648947109},"perf":{"Bitcoin":2.8582508792,"CRC3":4.8257824162,"CRC3b":5.0126833687,"folio_equal-weight_btc_eth_xrp":4.0570539658},"net perf":{"Bitcoin":2.8582508792,"CRC3":4.8257824162,"CRC3b":5.0126833687,"folio_equal-weight_btc_eth_xrp":4.0570539658},"dd":{"Bitcoin":0.9307432432,"CRC3":0.6555006099,"CRC3b":0.6392618693,"folio_equal-weight_btc_eth_xrp":0.9307432431},"vol":{"Bitcoin":1.607789835,"CRC3":0.8999126482,"CRC3b":0.9073997484,"folio_equal-weight_btc_eth_xrp":1.6459339816},"occ":{"Bitcoin":1.0,"CRC3":0.6484536321,"CRC3b":0.638924742,"folio_equal-weight_btc_eth_xrp":0.9999999994},"VaR sample 0.02":{"Bitcoin":-0.1362653946,"CRC3":-0.0285521445,"CRC3b":-0.0340934617,"folio_equal-weight_btc_eth_xrp":-0.1386705332},"VaR robust 0.02":{"Bitcoin":-0.1362752441,"CRC3":-0.0301534387,"CRC3b":-0.0360372149,"folio_equal-weight_btc_eth_xrp":-0.1493079001}}