{"net perf\/dd":{"Bitcoin":3.4691789079,"CRC3":9.8134300585,"CRC3b":10.2890224862,"CRC4":8.4661095118,"folio_equal-weight_btc_eth_xrp":5.154508397},"Sharpe":{"Bitcoin":1.9308944746,"CRC3":6.1793478353,"CRC3b":6.4092104328,"CRC4":5.537482374,"folio_equal-weight_btc_eth_xrp":2.8072408101},"perf":{"Bitcoin":3.2289148281,"CRC3":5.6967571833,"CRC3b":5.9728415455,"CRC4":5.4408254588,"folio_equal-weight_btc_eth_xrp":4.7975238628},"net perf":{"Bitcoin":3.2289148281,"CRC3":5.6967571833,"CRC3b":5.9728415455,"CRC4":5.4408254588,"folio_equal-weight_btc_eth_xrp":4.7975238628},"dd":{"Bitcoin":0.9307432432,"CRC3":0.5805062195,"CRC3b":0.5805062195,"CRC4":0.6426594708,"folio_equal-weight_btc_eth_xrp":0.9307432432},"vol":{"Bitcoin":1.6722378517,"CRC3":0.9219026562,"CRC3b":0.931915344,"CRC4":0.9825449711,"folio_equal-weight_btc_eth_xrp":1.7089819461},"occ":{"Bitcoin":1.0,"CRC3":0.6388083852,"CRC3b":0.6300782234,"CRC4":0.657960221,"folio_equal-weight_btc_eth_xrp":1.0},"VaR robust 0.02":{"Bitcoin":-0.143043616,"CRC3":-0.0626763649,"CRC3b":-0.0661043749,"CRC4":-0.0754953559,"folio_equal-weight_btc_eth_xrp":-0.1542751169},"VaR sample 0.02":{"Bitcoin":-0.143043616,"CRC3":-0.0597457012,"CRC3b":-0.0637388594,"CRC4":-0.0720577001,"folio_equal-weight_btc_eth_xrp":-0.1465390993}}