{"net perf\/dd":{"Bitcoin":3.4536305514,"CRC3":9.8820710573,"CRC3b":10.2449964629,"CRC4":8.4141726408,"folio_equal-weight_btc_eth_xrp":5.3163062833},"Sharpe":{"Bitcoin":1.9264887912,"CRC3":6.2238317528,"CRC3b":6.3943405711,"CRC4":5.5139962707,"folio_equal-weight_btc_eth_xrp":2.8983547188},"perf":{"Bitcoin":3.2144433004,"CRC3":5.73660371,"CRC3b":5.9472841651,"CRC4":5.4074477368,"folio_equal-weight_btc_eth_xrp":4.9481161522},"net perf":{"Bitcoin":3.2144433004,"CRC3":5.73660371,"CRC3b":5.9472841651,"CRC4":5.4074477368,"folio_equal-weight_btc_eth_xrp":4.9481161522},"dd":{"Bitcoin":0.9307432432,"CRC3":0.5805062195,"CRC3b":0.5805062195,"CRC4":0.6426594708,"folio_equal-weight_btc_eth_xrp":0.9307432432},"vol":{"Bitcoin":1.6685502221,"CRC3":0.9217157433,"CRC3b":0.9300856123,"CRC4":0.9806767127,"folio_equal-weight_btc_eth_xrp":1.7072155179},"occ":{"Bitcoin":1.0,"CRC3":0.639003276,"CRC3b":0.6297634096,"CRC4":0.6576972622,"folio_equal-weight_btc_eth_xrp":1.0},"VaR robust 0.02":{"Bitcoin":-0.1426524761,"CRC3":-0.1475133824,"CRC3b":-0.118968652,"CRC4":-0.1345207448,"folio_equal-weight_btc_eth_xrp":-0.1550179458},"VaR sample 0.02":{"Bitcoin":-0.1426524761,"CRC3":-0.1423882247,"CRC3b":-0.1124956427,"CRC4":-0.1258406794,"folio_equal-weight_btc_eth_xrp":-0.1485698491}}