{"net perf\/dd":{"Bitcoin":3.4628633526,"CRC3":9.8402564169,"CRC3b":10.313500152,"CRC4":8.4908363669,"folio_equal-weight_btc_eth_xrp":5.1434375294},"Sharpe":{"Bitcoin":1.9261085789,"CRC3":6.1922487348,"CRC3b":6.420321584,"CRC4":5.550107125,"folio_equal-weight_btc_eth_xrp":2.7996159346},"perf":{"Bitcoin":3.2230366677,"CRC3":5.7123300512,"CRC3b":5.9870509827,"CRC4":5.4567164064,"folio_equal-weight_btc_eth_xrp":4.7872197275},"net perf":{"Bitcoin":3.2230366677,"CRC3":5.7123300512,"CRC3b":5.9870509827,"CRC4":5.4567164064,"folio_equal-weight_btc_eth_xrp":4.7872197275},"dd":{"Bitcoin":0.9307432432,"CRC3":0.5805062195,"CRC3b":0.5805062195,"CRC4":0.6426594708,"folio_equal-weight_btc_eth_xrp":0.9307432432},"vol":{"Bitcoin":1.6733411102,"CRC3":0.922496866,"CRC3b":0.9325157478,"CRC4":0.9831731683,"folio_equal-weight_btc_eth_xrp":1.7099558794},"occ":{"Bitcoin":1.0,"CRC3":0.6395917227,"CRC3b":0.6307740565,"CRC4":0.6586508821,"folio_equal-weight_btc_eth_xrp":1.0},"VaR robust 0.02":{"Bitcoin":-0.143200072,"CRC3":-0.0308354445,"CRC3b":-0.0333217709,"CRC4":-0.0353183642,"folio_equal-weight_btc_eth_xrp":-0.1543116822},"VaR sample 0.02":{"Bitcoin":-0.143200072,"CRC3":-0.0298159084,"CRC3b":-0.032146147,"CRC4":-0.033984767,"folio_equal-weight_btc_eth_xrp":-0.1463630107}}