{"net perf\/dd":{"Bitcoin":2.9975945627,"CRC3":8.0444962095,"CRC3b":8.6233695346,"folio_equal-weight_btc_eth_xrp":4.68488008},"Sharpe":{"Bitcoin":1.6943252217,"CRC3":5.6339207424,"CRC3b":5.8088303449,"folio_equal-weight_btc_eth_xrp":2.5845819125},"perf":{"Bitcoin":2.7899908852,"CRC3":5.145543873,"CRC3b":5.3497665316,"folio_equal-weight_btc_eth_xrp":4.3604204792},"net perf":{"Bitcoin":2.7899908852,"CRC3":5.145543873,"CRC3b":5.3497665316,"folio_equal-weight_btc_eth_xrp":4.3604204792},"dd":{"Bitcoin":0.9307432432,"CRC3":0.6396353157,"CRC3b":0.6203800626,"folio_equal-weight_btc_eth_xrp":0.9307432431},"vol":{"Bitcoin":1.6466678589,"CRC3":0.9133149201,"CRC3b":0.9209713856,"folio_equal-weight_btc_eth_xrp":1.687089296},"occ":{"Bitcoin":1.0,"CRC3":0.6371860651,"CRC3b":0.6273965978,"folio_equal-weight_btc_eth_xrp":0.9999999993},"VaR robust 0.02":{"Bitcoin":-0.1399012821,"CRC3":-0.1547799993,"CRC3b":-0.1570630676,"folio_equal-weight_btc_eth_xrp":-0.1534922709},"VaR sample 0.02":{"Bitcoin":-0.1399012821,"CRC3":-0.1483454444,"CRC3b":-0.1491437146,"folio_equal-weight_btc_eth_xrp":-0.1452869196}}