{"net perf\/dd":{"Bitcoin":2.9666917167,"CRC3":8.0910143368,"CRC3b":8.7044663358,"folio_equal-weight_btc_eth_xrp":4.5629149919},"Sharpe":{"Bitcoin":1.6700738791,"CRC3":5.6216296911,"CRC3b":5.7994411599,"folio_equal-weight_btc_eth_xrp":2.5094303401},"perf":{"Bitcoin":2.7612282701,"CRC3":5.1414878508,"CRC3b":5.3473748367,"folio_equal-weight_btc_eth_xrp":4.2469022976},"net perf":{"Bitcoin":2.7612282701,"CRC3":5.1414878508,"CRC3b":5.3473748367,"folio_equal-weight_btc_eth_xrp":4.2469022976},"dd":{"Bitcoin":0.9307432432,"CRC3":0.6354565246,"CRC3b":0.6143254084,"folio_equal-weight_btc_eth_xrp":0.9307432431},"vol":{"Bitcoin":1.6533569591,"CRC3":0.914590276,"CRC3b":0.9220500199,"folio_equal-weight_btc_eth_xrp":1.6923770426},"occ":{"Bitcoin":1.0,"CRC3":0.637793652,"CRC3b":0.6277820691,"folio_equal-weight_btc_eth_xrp":0.9999999993},"VaR robust 0.02":{"Bitcoin":-0.1406563631,"CRC3":-0.0192500759,"CRC3b":-0.0150560631,"folio_equal-weight_btc_eth_xrp":-0.1533686683},"VaR sample 0.02":{"Bitcoin":-0.1406563631,"CRC3":-0.0182994014,"CRC3b":-0.0143737902,"folio_equal-weight_btc_eth_xrp":-0.1459695959}}