{"net perf\/dd":{"Bitcoin":3.4587519274,"CRC3":9.8267495012,"CRC3b":10.3032930557,"CRC4":8.483105315,"folio_equal-weight_btc_eth_xrp":5.1215954191},"Sharpe":{"Bitcoin":1.9241394706,"CRC3":6.184708235,"CRC3b":6.4149977889,"CRC4":5.5459490208,"folio_equal-weight_btc_eth_xrp":2.7881206192},"perf":{"Bitcoin":3.2192099865,"CRC3":5.7044892026,"CRC3b":5.9811256998,"CRC4":5.4517479727,"folio_equal-weight_btc_eth_xrp":4.766890331},"net perf":{"Bitcoin":3.2192099865,"CRC3":5.7044892026,"CRC3b":5.9811256998,"CRC4":5.4517479727,"folio_equal-weight_btc_eth_xrp":4.766890331},"dd":{"Bitcoin":0.9307432432,"CRC3":0.5805062195,"CRC3b":0.5805062195,"CRC4":0.6426594708,"folio_equal-weight_btc_eth_xrp":0.9307432432},"vol":{"Bitcoin":1.6730647833,"CRC3":0.9223538097,"CRC3b":0.9323659799,"CRC4":0.9830144403,"folio_equal-weight_btc_eth_xrp":1.7097145289},"occ":{"Bitcoin":1.0,"CRC3":0.6393875093,"CRC3b":0.6305794369,"CRC4":0.6584477708,"folio_equal-weight_btc_eth_xrp":1.0},"VaR robust 0.02":{"Bitcoin":-0.143160958,"CRC3":-0.0266401768,"CRC3b":-0.0331372836,"CRC4":-0.0414173186,"folio_equal-weight_btc_eth_xrp":-0.154156345},"VaR sample 0.02":{"Bitcoin":-0.143160958,"CRC3":-0.025607892,"CRC3b":-0.0318951064,"CRC4":-0.0390196848,"folio_equal-weight_btc_eth_xrp":-0.1462249137}}