{"net perf\/dd":{"Bitcoin":3.4476261272,"CRC3":9.9062191217,"CRC3b":10.2465877375,"CRC4":8.4118380846,"folio_equal-weight_btc_eth_xrp":5.3388260081},"Sharpe":{"Bitcoin":1.9225361886,"CRC3":6.238583223,"CRC3b":6.394018965,"CRC4":5.5113714882,"folio_equal-weight_btc_eth_xrp":2.9098752628},"perf":{"Bitcoin":3.2088547231,"CRC3":5.7506218115,"CRC3b":5.9482079099,"CRC4":5.4059474121,"folio_equal-weight_btc_eth_xrp":4.9690762338},"net perf":{"Bitcoin":3.2088547231,"CRC3":5.7506218115,"CRC3b":5.9482079099,"CRC4":5.4059474121,"folio_equal-weight_btc_eth_xrp":4.9690762338},"dd":{"Bitcoin":0.9307432432,"CRC3":0.5805062195,"CRC3b":0.5805062195,"CRC4":0.6426594708,"folio_equal-weight_btc_eth_xrp":0.9307432432},"vol":{"Bitcoin":1.6690737694,"CRC3":0.9217832969,"CRC3b":0.9302768638,"CRC4":0.9808715351,"folio_equal-weight_btc_eth_xrp":1.7076595335},"occ":{"Bitcoin":1.0,"CRC3":0.6387222481,"CRC3b":0.6297012482,"CRC4":0.6576252413,"folio_equal-weight_btc_eth_xrp":1.0},"VaR robust 0.02":{"Bitcoin":-0.1427307041,"CRC3":-0.1530361516,"CRC3b":-0.1154498021,"CRC4":-0.122513556,"folio_equal-weight_btc_eth_xrp":-0.1551879817},"VaR sample 0.02":{"Bitcoin":-0.1427307041,"CRC3":-0.1472226507,"CRC3b":-0.108501649,"CRC4":-0.1144762626,"folio_equal-weight_btc_eth_xrp":-0.1493386516}}