{"net perf\/dd":{"Bitcoin":3.2429691852,"CRC3":9.2032483293,"CRC3b":9.5937331111,"CRC4":7.825225898,"folio_equal-weight_btc_eth_xrp":4.9936173894},"Sharpe":{"Bitcoin":1.8224003996,"CRC3":5.8244914088,"CRC3b":6.0228443663,"CRC4":5.1555049758,"folio_equal-weight_btc_eth_xrp":2.7410516252},"perf":{"Bitcoin":3.0183716572,"CRC3":5.3425428944,"CRC3b":5.5692217389,"CRC4":5.0289555347,"folio_equal-weight_btc_eth_xrp":4.6477756445},"net perf":{"Bitcoin":3.0183716572,"CRC3":5.3425428944,"CRC3b":5.5692217389,"CRC4":5.0289555347,"folio_equal-weight_btc_eth_xrp":4.6477756445},"dd":{"Bitcoin":0.9307432432,"CRC3":0.5805062195,"CRC3b":0.5805062195,"CRC4":0.6426594708,"folio_equal-weight_btc_eth_xrp":0.9307432432},"vol":{"Bitcoin":1.6562615207,"CRC3":0.917254833,"CRC3b":0.9246829903,"CRC4":0.9754535314,"folio_equal-weight_btc_eth_xrp":1.6956176972},"occ":{"Bitcoin":1.0,"CRC3":0.640110031,"CRC3b":0.6303522737,"CRC4":0.6598101625,"folio_equal-weight_btc_eth_xrp":1.0},"VaR robust 0.02":{"Bitcoin":-0.1406434164,"CRC3":-0.0558479578,"CRC3b":-0.0516525176,"CRC4":-0.0544364528,"folio_equal-weight_btc_eth_xrp":-0.1542471809},"VaR sample 0.02":{"Bitcoin":-0.1406434164,"CRC3":-0.0533659705,"CRC3b":-0.0506399787,"CRC4":-0.0513018452,"folio_equal-weight_btc_eth_xrp":-0.1474405785}}