{"net perf\/dd":{"Bitcoin":2.8749057475,"CRC3":6.8881280166,"CRC3b":7.3028819303,"folio_equal-weight_btc_eth_xrp":4.0921664227},"Sharpe":{"Bitcoin":1.680282461,"CRC3":5.0671882055,"CRC3b":5.1936264008,"folio_equal-weight_btc_eth_xrp":2.3363603955},"perf":{"Bitcoin":2.6757990994,"CRC3":4.5151721161,"CRC3b":4.668453954,"folio_equal-weight_btc_eth_xrp":3.8087562475},"net perf":{"Bitcoin":2.6757990994,"CRC3":4.5151721161,"CRC3b":4.668453954,"folio_equal-weight_btc_eth_xrp":3.8087562475},"dd":{"Bitcoin":0.9307432432,"CRC3":0.6555006099,"CRC3b":0.6392618693,"folio_equal-weight_btc_eth_xrp":0.9307432431},"vol":{"Bitcoin":1.5924698147,"CRC3":0.8910606697,"CRC3b":0.8988813584,"folio_equal-weight_btc_eth_xrp":1.6302092155},"occ":{"Bitcoin":1.0,"CRC3":0.6416689298,"CRC3b":0.6324974297,"folio_equal-weight_btc_eth_xrp":0.9999999994},"VaR sample 0.02":{"Bitcoin":-0.1357869421,"CRC3":-0.0643438353,"CRC3b":-0.0552595289,"folio_equal-weight_btc_eth_xrp":-0.1378770808},"VaR robust 0.02":{"Bitcoin":-0.1357895299,"CRC3":-0.0688451843,"CRC3b":-0.0600412148,"folio_equal-weight_btc_eth_xrp":-0.1497453658}}