{"net perf\/dd":{"Bitcoin":3.0426835404,"CRC3":7.1679815533,"CRC3b":7.6344639673,"folio_equal-weight_btc_eth_xrp":4.2409148461},"Sharpe":{"Bitcoin":1.7686358578,"CRC3":5.2453328478,"CRC3b":5.4032992675,"folio_equal-weight_btc_eth_xrp":2.408482746},"perf":{"Bitcoin":2.8319571465,"CRC3":4.6986162801,"CRC3b":4.8804217068,"folio_equal-weight_btc_eth_xrp":3.9472028376},"net perf":{"Bitcoin":2.8319571465,"CRC3":4.6986162801,"CRC3b":4.8804217068,"folio_equal-weight_btc_eth_xrp":3.9472028376},"dd":{"Bitcoin":0.9307432432,"CRC3":0.6555006099,"CRC3b":0.6392618693,"folio_equal-weight_btc_eth_xrp":0.9307432431},"vol":{"Bitcoin":1.6012098443,"CRC3":0.8957708531,"CRC3b":0.9032299462,"folio_equal-weight_btc_eth_xrp":1.6388752812},"occ":{"Bitcoin":1.0,"CRC3":0.645201532,"CRC3b":0.6359182811,"folio_equal-weight_btc_eth_xrp":0.9999999994},"VaR sample 0.02":{"Bitcoin":-0.1360388566,"CRC3":-0.0426282944,"CRC3b":-0.0438444947,"folio_equal-weight_btc_eth_xrp":-0.1374753951},"VaR robust 0.02":{"Bitcoin":-0.1360487061,"CRC3":-0.0455120385,"CRC3b":-0.0460171478,"folio_equal-weight_btc_eth_xrp":-0.149479458}}