{"net perf\/dd":{"Bitcoin":3.3179094631,"CRC3":9.33523244,"CRC3b":9.7414866485,"CRC4":7.982846629,"folio_equal-weight_btc_eth_xrp":5.092952316},"Sharpe":{"Bitcoin":1.8648082589,"CRC3":5.9106624891,"CRC3b":6.1191072014,"CRC4":5.2643189473,"folio_equal-weight_btc_eth_xrp":2.795973024},"perf":{"Bitcoin":3.0881218145,"CRC3":5.4191604916,"CRC3b":5.6549935863,"CRC4":5.1302519903,"folio_equal-weight_btc_eth_xrp":4.7402309563},"net perf":{"Bitcoin":3.0881218145,"CRC3":5.4191604916,"CRC3b":5.6549935863,"CRC4":5.1302519903,"folio_equal-weight_btc_eth_xrp":4.7402309563},"dd":{"Bitcoin":0.9307432432,"CRC3":0.5805062195,"CRC3b":0.5805062195,"CRC4":0.6426594708,"folio_equal-weight_btc_eth_xrp":0.9307432432},"vol":{"Bitcoin":1.6559996449,"CRC3":0.9168448548,"CRC3b":0.9241533773,"CRC4":0.9745328962,"folio_equal-weight_btc_eth_xrp":1.6953779295},"occ":{"Bitcoin":1.0,"CRC3":0.6401029099,"CRC3b":0.6303246576,"CRC4":0.6597308262,"folio_equal-weight_btc_eth_xrp":1.0},"VaR robust 0.02":{"Bitcoin":-0.1407120601,"CRC3":-0.1019567481,"CRC3b":-0.1105615275,"CRC4":-0.1345660975,"folio_equal-weight_btc_eth_xrp":-0.1542445015},"VaR sample 0.02":{"Bitcoin":-0.1407120601,"CRC3":-0.0983940651,"CRC3b":-0.103248524,"CRC4":-0.1258904529,"folio_equal-weight_btc_eth_xrp":-0.147512829}}