{"net perf\/dd":{"Bitcoin":2.8972928553,"CRC3":6.81196487,"CRC3b":7.2199339786,"folio_equal-weight_btc_eth_xrp":4.0868632062},"Sharpe":{"Bitcoin":1.6973357608,"CRC3":5.0255689831,"CRC3b":5.1499306709,"folio_equal-weight_btc_eth_xrp":2.3396531287},"perf":{"Bitcoin":2.6966357487,"CRC3":4.4652471271,"CRC3b":4.6154284913,"folio_equal-weight_btc_eth_xrp":3.8038203146},"net perf":{"Bitcoin":2.6966357487,"CRC3":4.4652471271,"CRC3b":4.6154284913,"folio_equal-weight_btc_eth_xrp":3.8038203146},"dd":{"Bitcoin":0.9307432432,"CRC3":0.6555006099,"CRC3b":0.6392618693,"folio_equal-weight_btc_eth_xrp":0.9307432431},"vol":{"Bitcoin":1.5887462051,"CRC3":0.8885057875,"CRC3b":0.8962117718,"folio_equal-weight_btc_eth_xrp":1.6258052393},"occ":{"Bitcoin":1.0,"CRC3":0.6407717859,"CRC3b":0.6310940016,"folio_equal-weight_btc_eth_xrp":0.9999999994},"VaR sample 0.02":{"Bitcoin":-0.1357455366,"CRC3":-0.1116026861,"CRC3b":-0.1027859063,"folio_equal-weight_btc_eth_xrp":-0.1378847038},"VaR robust 0.02":{"Bitcoin":-0.1357481244,"CRC3":-0.1209209172,"CRC3b":-0.1110003419,"folio_equal-weight_btc_eth_xrp":-0.1495032356}}