{"net perf\/dd":{"Bitcoin":3.0198729838,"CRC3":7.0896583848,"CRC3b":7.545029118,"folio_equal-weight_btc_eth_xrp":4.1916046687},"Sharpe":{"Bitcoin":1.7586404957,"CRC3":5.1984232028,"CRC3b":5.3506570264,"folio_equal-weight_btc_eth_xrp":2.3850109144},"perf":{"Bitcoin":2.8107263752,"CRC3":4.6472753954,"CRC3b":4.8232494178,"folio_equal-weight_btc_eth_xrp":3.9013077231},"net perf":{"Bitcoin":2.8107263752,"CRC3":4.6472753954,"CRC3b":4.8232494178,"folio_equal-weight_btc_eth_xrp":3.9013077231},"dd":{"Bitcoin":0.9307432432,"CRC3":0.6555006099,"CRC3b":0.6392618693,"folio_equal-weight_btc_eth_xrp":0.9307432431},"vol":{"Bitcoin":1.5982381743,"CRC3":0.8939778879,"CRC3b":0.9014312437,"folio_equal-weight_btc_eth_xrp":1.6357609517},"occ":{"Bitcoin":1.0,"CRC3":0.6437116201,"CRC3b":0.6344938587,"folio_equal-weight_btc_eth_xrp":0.9999999994},"VaR sample 0.02":{"Bitcoin":-0.1359403618,"CRC3":-0.0558508476,"CRC3b":-0.0529731455,"folio_equal-weight_btc_eth_xrp":-0.1375695017},"VaR robust 0.02":{"Bitcoin":-0.1359502113,"CRC3":-0.0601612887,"CRC3b":-0.0565650587,"folio_equal-weight_btc_eth_xrp":-0.1498067275}}