{"net perf\/dd":{"Bitcoin":3.0775469914,"CRC3":7.6101306777,"CRC3b":8.134955719,"folio_equal-weight_btc_eth_xrp":4.5685915604},"Sharpe":{"Bitcoin":1.7709721014,"CRC3":5.5223001885,"CRC3b":5.7085155744,"folio_equal-weight_btc_eth_xrp":2.5654484731},"perf":{"Bitcoin":2.8644060681,"CRC3":4.9884453009,"CRC3b":5.2003669995,"folio_equal-weight_btc_eth_xrp":4.2521857253},"net perf":{"Bitcoin":2.8644060681,"CRC3":4.9884453009,"CRC3b":5.2003669995,"folio_equal-weight_btc_eth_xrp":4.2521857253},"dd":{"Bitcoin":0.9307432432,"CRC3":0.6555006099,"CRC3b":0.6392618693,"folio_equal-weight_btc_eth_xrp":0.9307432431},"vol":{"Bitcoin":1.61742021,"CRC3":0.9033274416,"CRC3b":0.9109841134,"folio_equal-weight_btc_eth_xrp":1.6574824128},"occ":{"Bitcoin":1.0,"CRC3":0.6456956231,"CRC3b":0.6361025944,"folio_equal-weight_btc_eth_xrp":0.9999999994},"VaR robust 0.02":{"Bitcoin":-0.1357843542,"CRC3":-0.1500690247,"CRC3b":-0.1527735853,"folio_equal-weight_btc_eth_xrp":-0.1512717922},"VaR sample 0.02":{"Bitcoin":-0.1357843542,"CRC3":-0.1429238694,"CRC3b":-0.1434809742,"folio_equal-weight_btc_eth_xrp":-0.1418103597}}