{"net perf\/dd":{"Bitcoin":2.871538672,"CRC3":7.5025509846,"CRC3b":8.0010826897,"folio_equal-weight_btc_eth_xrp":4.4405449328},"Sharpe":{"Bitcoin":1.6295630807,"CRC3":5.3816361612,"CRC3b":5.5398371981,"folio_equal-weight_btc_eth_xrp":2.4588683041},"perf":{"Bitcoin":2.6726652167,"CRC3":4.9018333795,"CRC3b":5.0885583976,"folio_equal-weight_btc_eth_xrp":4.1330071919},"net perf":{"Bitcoin":2.6726652167,"CRC3":4.9018333795,"CRC3b":5.0885583976,"folio_equal-weight_btc_eth_xrp":4.1330071919},"dd":{"Bitcoin":0.9307432432,"CRC3":0.6533555573,"CRC3b":0.6359837281,"folio_equal-weight_btc_eth_xrp":0.9307432431},"vol":{"Bitcoin":1.6401115417,"CRC3":0.9108444408,"CRC3b":0.9185393389,"folio_equal-weight_btc_eth_xrp":1.6808574843},"occ":{"Bitcoin":1.0,"CRC3":0.636454757,"CRC3b":0.6265289262,"folio_equal-weight_btc_eth_xrp":0.9999999993},"VaR robust 0.02":{"Bitcoin":-0.1393599056,"CRC3":-0.0635184207,"CRC3b":-0.052732834,"folio_equal-weight_btc_eth_xrp":-0.152751573},"VaR sample 0.02":{"Bitcoin":-0.1393599056,"CRC3":-0.0600219284,"CRC3b":-0.0500295701,"folio_equal-weight_btc_eth_xrp":-0.1447601457}}