{"net perf\/dd":{"Bitcoin":2.8531307456,"CRC3":6.8212076916,"CRC3b":7.2272177937,"folio_equal-weight_btc_eth_xrp":4.0610899501},"Sharpe":{"Bitcoin":1.6708000749,"CRC3":5.027328022,"CRC3b":5.1496630568,"folio_equal-weight_btc_eth_xrp":2.3230018746},"perf":{"Bitcoin":2.6555321636,"CRC3":4.4713058023,"CRC3b":4.6200847566,"folio_equal-weight_btc_eth_xrp":3.7798320307},"net perf":{"Bitcoin":2.6555321636,"CRC3":4.4713058023,"CRC3b":4.6200847566,"folio_equal-weight_btc_eth_xrp":3.7798320307},"dd":{"Bitcoin":0.9307432432,"CRC3":0.6555006099,"CRC3b":0.6392618693,"folio_equal-weight_btc_eth_xrp":0.9307432431},"vol":{"Bitcoin":1.5893775703,"CRC3":0.8894000516,"CRC3b":0.8971625339,"folio_equal-weight_btc_eth_xrp":1.6271325788},"occ":{"Bitcoin":1.0,"CRC3":0.6410399428,"CRC3b":0.6315693287,"folio_equal-weight_btc_eth_xrp":0.9999999994},"VaR sample 0.02":{"Bitcoin":-0.1357610636,"CRC3":-0.0711208886,"CRC3b":-0.0574893314,"folio_equal-weight_btc_eth_xrp":-0.1370719419},"VaR robust 0.02":{"Bitcoin":-0.1357636515,"CRC3":-0.0756579948,"CRC3b":-0.0621417983,"folio_equal-weight_btc_eth_xrp":-0.1494922591}}