{"net perf\/dd":{"Bitcoin":2.8791623754,"CRC3":6.9123235417,"CRC3b":7.3388112564,"folio_equal-weight_btc_eth_xrp":4.0639625826},"Sharpe":{"Bitcoin":1.6803111157,"CRC3":5.0776574403,"CRC3b":5.2116301964,"folio_equal-weight_btc_eth_xrp":2.3169836052},"perf":{"Bitcoin":2.6797609271,"CRC3":4.5310322976,"CRC3b":4.6914222021,"folio_equal-weight_btc_eth_xrp":3.7825057139},"net perf":{"Bitcoin":2.6797609271,"CRC3":4.5310322976,"CRC3b":4.6914222021,"folio_equal-weight_btc_eth_xrp":3.7825057139},"dd":{"Bitcoin":0.9307432432,"CRC3":0.6555006099,"CRC3b":0.6392618693,"folio_equal-weight_btc_eth_xrp":0.9307432431},"vol":{"Bitcoin":1.5948004521,"CRC3":0.892346983,"CRC3b":0.9001832489,"folio_equal-weight_btc_eth_xrp":1.6325129386},"occ":{"Bitcoin":1.0,"CRC3":0.6424902813,"CRC3b":0.6333261654,"folio_equal-weight_btc_eth_xrp":0.9999999994},"VaR sample 0.02":{"Bitcoin":-0.1358024691,"CRC3":-0.0236324292,"CRC3b":-0.0247852145,"folio_equal-weight_btc_eth_xrp":-0.1388102577},"VaR robust 0.02":{"Bitcoin":-0.1358123186,"CRC3":-0.0257790942,"CRC3b":-0.0266851868,"folio_equal-weight_btc_eth_xrp":-0.1505685357}}