{"net perf\/dd":{"Bitcoin":2.9374477701,"CRC3":7.2925384163,"CRC3b":7.8014131736,"folio_equal-weight_btc_eth_xrp":4.3829372899},"Sharpe":{"Bitcoin":1.6876659852,"CRC3":5.2962000946,"CRC3b":5.4782684951,"folio_equal-weight_btc_eth_xrp":2.4564318672},"perf":{"Bitcoin":2.7340096644,"CRC3":4.7802633798,"CRC3b":4.9871459685,"folio_equal-weight_btc_eth_xrp":4.0793892674},"net perf":{"Bitcoin":2.7340096644,"CRC3":4.7802633798,"CRC3b":4.9871459685,"folio_equal-weight_btc_eth_xrp":4.0793892674},"dd":{"Bitcoin":0.9307432432,"CRC3":0.6555006099,"CRC3b":0.6392618693,"folio_equal-weight_btc_eth_xrp":0.9307432431},"vol":{"Bitcoin":1.61999453,"CRC3":0.9025836061,"CRC3b":0.9103507747,"folio_equal-weight_btc_eth_xrp":1.6606970956},"occ":{"Bitcoin":1.0,"CRC3":0.643566186,"CRC3b":0.6339385128,"folio_equal-weight_btc_eth_xrp":0.9999999994},"VaR robust 0.02":{"Bitcoin":-0.1362207284,"CRC3":-0.1469878716,"CRC3b":-0.1492140817,"folio_equal-weight_btc_eth_xrp":-0.1501669597},"VaR sample 0.02":{"Bitcoin":-0.1362207284,"CRC3":-0.1409316304,"CRC3b":-0.1425351341,"folio_equal-weight_btc_eth_xrp":-0.1425351341}}