{"net perf\/dd":{"Bitcoin":2.9628755867,"CRC3":7.9796566527,"CRC3b":8.5475593859,"folio_equal-weight_btc_eth_xrp":4.5781132053},"Sharpe":{"Bitcoin":1.6704399687,"CRC3":5.5904229713,"CRC3b":5.760984907,"folio_equal-weight_btc_eth_xrp":2.5214033186},"perf":{"Bitcoin":2.7576764329,"CRC3":5.1040702026,"CRC3b":5.3027354268,"folio_equal-weight_btc_eth_xrp":4.261047932},"net perf":{"Bitcoin":2.7576764329,"CRC3":5.1040702026,"CRC3b":5.3027354268,"folio_equal-weight_btc_eth_xrp":4.261047932},"dd":{"Bitcoin":0.9307432432,"CRC3":0.6396353157,"CRC3b":0.6203800626,"folio_equal-weight_btc_eth_xrp":0.9307432431},"vol":{"Bitcoin":1.6508683249,"CRC3":0.9130025096,"CRC3b":0.9204563998,"folio_equal-weight_btc_eth_xrp":1.6899509494},"occ":{"Bitcoin":1.0,"CRC3":0.6362594843,"CRC3b":0.6262379911,"folio_equal-weight_btc_eth_xrp":0.9999999993},"VaR robust 0.02":{"Bitcoin":-0.1403753115,"CRC3":-0.0648393512,"CRC3b":-0.0684072669,"folio_equal-weight_btc_eth_xrp":-0.1535046026},"VaR sample 0.02":{"Bitcoin":-0.1403753115,"CRC3":-0.0618855832,"CRC3b":-0.0651350099,"folio_equal-weight_btc_eth_xrp":-0.1458270519}}