{"net perf\/dd":{"Bitcoin":3.0488810163,"CRC3":8.3539081767,"CRC3b":9.03821929,"folio_equal-weight_btc_eth_xrp":4.706629681},"Sharpe":{"Bitcoin":1.7158951468,"CRC3":5.6701789635,"CRC3b":5.8541200046,"folio_equal-weight_btc_eth_xrp":2.5880482309},"perf":{"Bitcoin":2.8377254054,"CRC3":5.1877970614,"CRC3b":5.399720457,"folio_equal-weight_btc_eth_xrp":4.3806637734},"net perf":{"Bitcoin":2.8377254054,"CRC3":5.1877970614,"CRC3b":5.399720457,"folio_equal-weight_btc_eth_xrp":4.3806637734},"dd":{"Bitcoin":0.9307432432,"CRC3":0.6210024041,"CRC3b":0.5974318927,"folio_equal-weight_btc_eth_xrp":0.9307432431},"vol":{"Bitcoin":1.6537871855,"CRC3":0.914926512,"CRC3b":0.9223795298,"folio_equal-weight_btc_eth_xrp":1.6926515206},"occ":{"Bitcoin":1.0,"CRC3":0.6383299851,"CRC3b":0.6283390277,"folio_equal-weight_btc_eth_xrp":0.9999999993},"VaR robust 0.02":{"Bitcoin":-0.1407768138,"CRC3":-0.0428321535,"CRC3b":-0.0460854751,"folio_equal-weight_btc_eth_xrp":-0.1537532986},"VaR sample 0.02":{"Bitcoin":-0.1407768138,"CRC3":-0.0408791616,"CRC3b":-0.0446637893,"folio_equal-weight_btc_eth_xrp":-0.1464150282}}