{"net perf\/dd":{"Bitcoin":3.086728605,"CRC3":7.6119538334,"CRC3b":8.133682101,"folio_equal-weight_btc_eth_xrp":4.5693128482},"Sharpe":{"Bitcoin":1.7767038634,"CRC3":5.5241384825,"CRC3b":5.7078895958,"folio_equal-weight_btc_eth_xrp":2.5664645427},"perf":{"Bitcoin":2.8729517928,"CRC3":4.9896403805,"CRC3b":5.1995528241,"folio_equal-weight_btc_eth_xrp":4.2528570591},"net perf":{"Bitcoin":2.8729517928,"CRC3":4.9896403805,"CRC3b":5.1995528241,"folio_equal-weight_btc_eth_xrp":4.2528570591},"dd":{"Bitcoin":0.9307432432,"CRC3":0.6555006099,"CRC3b":0.6392618693,"folio_equal-weight_btc_eth_xrp":0.9307432431},"vol":{"Bitcoin":1.617012183,"CRC3":0.9032431747,"CRC3b":0.9109413798,"folio_equal-weight_btc_eth_xrp":1.6570877908},"occ":{"Bitcoin":1.0,"CRC3":0.646002513,"CRC3b":0.6364177936,"folio_equal-weight_btc_eth_xrp":0.9999999994},"VaR robust 0.02":{"Bitcoin":-0.1357791785,"CRC3":-0.1495594418,"CRC3b":-0.1521518537,"folio_equal-weight_btc_eth_xrp":-0.1511321452},"VaR sample 0.02":{"Bitcoin":-0.1357791785,"CRC3":-0.1422135847,"CRC3b":-0.1421950152,"folio_equal-weight_btc_eth_xrp":-0.1416730723}}