{"net perf\/dd":{"Bitcoin":2.974711201,"CRC3":8.0134432222,"CRC3b":8.5791780849,"folio_equal-weight_btc_eth_xrp":4.655247672},"Sharpe":{"Bitcoin":1.6793894939,"CRC3":5.6070114558,"CRC3b":5.773991625,"folio_equal-weight_btc_eth_xrp":2.5652959494},"perf":{"Bitcoin":2.7686923509,"CRC3":5.1256812857,"CRC3b":5.3223510373,"folio_equal-weight_btc_eth_xrp":4.3328403156},"net perf":{"Bitcoin":2.7686923509,"CRC3":5.1256812857,"CRC3b":5.3223510373,"folio_equal-weight_btc_eth_xrp":4.3328403156},"dd":{"Bitcoin":0.9307432432,"CRC3":0.6396353157,"CRC3b":0.6203800626,"folio_equal-weight_btc_eth_xrp":0.9307432431},"vol":{"Bitcoin":1.6486302677,"CRC3":0.9141556649,"CRC3b":0.9217801796,"folio_equal-weight_btc_eth_xrp":1.6890216182},"occ":{"Bitcoin":1.0,"CRC3":0.6366075568,"CRC3b":0.6267329074,"folio_equal-weight_btc_eth_xrp":0.9999999993},"VaR robust 0.02":{"Bitcoin":-0.1400722431,"CRC3":-0.1128083219,"CRC3b":-0.1201151802,"folio_equal-weight_btc_eth_xrp":-0.1535471674},"VaR sample 0.02":{"Bitcoin":-0.1400722431,"CRC3":-0.1086894692,"CRC3b":-0.1142749905,"folio_equal-weight_btc_eth_xrp":-0.1454532692}}