{"net perf\/dd":{"Bitcoin":3.3543813867,"CRC3":9.4289127737,"CRC3b":9.8360292827,"CRC4":8.0819356839,"folio_equal-weight_btc_eth_xrp":5.1183683677},"Sharpe":{"Bitcoin":1.8807280105,"CRC3":5.9582054152,"CRC3b":6.1650299058,"CRC4":5.3180440735,"folio_equal-weight_btc_eth_xrp":2.803490644},"perf":{"Bitcoin":3.1220678109,"CRC3":5.473542508,"CRC3b":5.7098761735,"CRC4":5.1939325099,"folio_equal-weight_btc_eth_xrp":4.7638867747},"net perf":{"Bitcoin":3.1220678109,"CRC3":5.473542508,"CRC3b":5.7098761735,"CRC4":5.1939325099,"folio_equal-weight_btc_eth_xrp":4.7638867747},"dd":{"Bitcoin":0.9307432432,"CRC3":0.5805062195,"CRC3b":0.5805062195,"CRC4":0.6426594708,"folio_equal-weight_btc_eth_xrp":0.9307432432},"vol":{"Bitcoin":1.6600315375,"CRC3":0.9186562273,"CRC3b":0.9261716911,"CRC4":0.9766621784,"folio_equal-weight_btc_eth_xrp":1.6992697247},"occ":{"Bitcoin":1.0,"CRC3":0.6396718705,"CRC3b":0.6297986887,"CRC4":0.6584428454,"folio_equal-weight_btc_eth_xrp":1.0},"VaR robust 0.02":{"Bitcoin":-0.1414671412,"CRC3":-0.0821906019,"CRC3b":-0.0822428785,"CRC4":-0.1164234365,"folio_equal-weight_btc_eth_xrp":-0.1542948116},"VaR sample 0.02":{"Bitcoin":-0.1414671412,"CRC3":-0.0784702615,"CRC3b":-0.0778036787,"CRC4":-0.1079926669,"folio_equal-weight_btc_eth_xrp":-0.1480089526}}