{"net perf\/dd":{"Bitcoin":2.8611144784,"CRC3":7.2835612334,"CRC3b":7.8220014237,"folio_equal-weight_btc_eth_xrp":4.3887604612},"Sharpe":{"Bitcoin":1.6364238162,"CRC3":5.2777352166,"CRC3b":5.4793183918,"folio_equal-weight_btc_eth_xrp":2.4485428923},"perf":{"Bitcoin":2.662962969,"CRC3":4.7743788309,"CRC3b":5.0003072517,"folio_equal-weight_btc_eth_xrp":4.0848091448},"net perf":{"Bitcoin":2.662962969,"CRC3":4.7743788309,"CRC3b":5.0003072517,"folio_equal-weight_btc_eth_xrp":4.0848091448},"dd":{"Bitcoin":0.9307432432,"CRC3":0.6555006099,"CRC3b":0.6392618693,"folio_equal-weight_btc_eth_xrp":0.9307432431},"vol":{"Bitcoin":1.6273064121,"CRC3":0.904626442,"CRC3b":0.9125783344,"folio_equal-weight_btc_eth_xrp":1.6682612168},"occ":{"Bitcoin":1.0,"CRC3":0.6396372418,"CRC3b":0.6299034435,"folio_equal-weight_btc_eth_xrp":0.9999999994},"VaR robust 0.02":{"Bitcoin":-0.1377145117,"CRC3":-0.1506409929,"CRC3b":-0.1551767727,"folio_equal-weight_btc_eth_xrp":-0.1516432722},"VaR sample 0.02":{"Bitcoin":-0.1377145117,"CRC3":-0.1437847995,"CRC3b":-0.145092845,"folio_equal-weight_btc_eth_xrp":-0.143512984}}