{"net perf\/dd":{"Bitcoin":3.5364473222,"CRC3":10.0504425194,"CRC3b":10.4993067672,"CRC4":8.6888226307,"folio_equal-weight_btc_eth_xrp":5.3380886635},"Sharpe":{"Bitcoin":1.9639450832,"CRC3":6.317496179,"CRC3b":6.5271592108,"CRC4":5.6738903276,"folio_equal-weight_btc_eth_xrp":2.9020484868},"perf":{"Bitcoin":3.2915244502,"CRC3":5.8343443909,"CRC3b":6.0949128784,"CRC4":5.5839541539,"folio_equal-weight_btc_eth_xrp":4.9683899554},"net perf":{"Bitcoin":3.2915244502,"CRC3":5.8343443909,"CRC3b":6.0949128784,"CRC4":5.5839541539,"folio_equal-weight_btc_eth_xrp":4.9683899554},"dd":{"Bitcoin":0.9307432432,"CRC3":0.5805062195,"CRC3b":0.5805062195,"CRC4":0.6426594708,"folio_equal-weight_btc_eth_xrp":0.9307432432},"vol":{"Bitcoin":1.6759758093,"CRC3":0.9235216335,"CRC3b":0.9337772654,"CRC4":0.9841491167,"folio_equal-weight_btc_eth_xrp":1.7120285819},"occ":{"Bitcoin":1.0,"CRC3":0.6400773369,"CRC3b":0.6314101598,"CRC4":0.6590477711,"folio_equal-weight_btc_eth_xrp":1.0},"VaR robust 0.02":{"Bitcoin":-0.1434738699,"CRC3":-0.078658039,"CRC3b":-0.0638486952,"CRC4":-0.0875649055,"folio_equal-weight_btc_eth_xrp":-0.1536398934},"VaR sample 0.02":{"Bitcoin":-0.1434738699,"CRC3":-0.0760463732,"CRC3b":-0.061648249,"CRC4":-0.0826655793,"folio_equal-weight_btc_eth_xrp":-0.1459132059}}