{"net perf\/dd":{"Bitcoin":2.9560710232,"CRC3":7.3544442347,"CRC3b":7.8701119568,"folio_equal-weight_btc_eth_xrp":4.4165257433},"Sharpe":{"Bitcoin":1.6964176029,"CRC3":5.3368899699,"CRC3b":5.522126322,"folio_equal-weight_btc_eth_xrp":2.4725210299},"perf":{"Bitcoin":2.7513431314,"CRC3":4.8208426815,"CRC3b":5.031062481,"folio_equal-weight_btc_eth_xrp":4.1106514935},"net perf":{"Bitcoin":2.7513431314,"CRC3":4.8208426815,"CRC3b":5.031062481,"folio_equal-weight_btc_eth_xrp":4.1106514935},"dd":{"Bitcoin":0.9307432432,"CRC3":0.6555006099,"CRC3b":0.6392618693,"folio_equal-weight_btc_eth_xrp":0.9307432431},"vol":{"Bitcoin":1.6218548585,"CRC3":0.903305616,"CRC3b":0.911073414,"folio_equal-weight_btc_eth_xrp":1.6625344916},"occ":{"Bitcoin":1.0,"CRC3":0.6426310732,"CRC3b":0.6329781416,"folio_equal-weight_btc_eth_xrp":0.9999999994},"VaR robust 0.02":{"Bitcoin":-0.1365792364,"CRC3":-0.1477320243,"CRC3b":-0.1501181028,"folio_equal-weight_btc_eth_xrp":-0.150529681},"VaR sample 0.02":{"Bitcoin":-0.1365792364,"CRC3":-0.1424506353,"CRC3b":-0.142769818,"folio_equal-weight_btc_eth_xrp":-0.142769818}}