{"net perf\/dd":{"Bitcoin":3.0866025352,"CRC3":7.6033717259,"CRC3b":8.1053843728,"folio_equal-weight_btc_eth_xrp":4.5699548661},"Sharpe":{"Bitcoin":1.7781666276,"CRC3":5.5197350737,"CRC3b":5.69020566,"folio_equal-weight_btc_eth_xrp":2.5689802616},"perf":{"Bitcoin":2.8728344542,"CRC3":4.9840148039,"CRC3b":5.1814631655,"folio_equal-weight_btc_eth_xrp":4.2534546129},"net perf":{"Bitcoin":2.8728344542,"CRC3":4.9840148039,"CRC3b":5.1814631655,"folio_equal-weight_btc_eth_xrp":4.2534546129},"dd":{"Bitcoin":0.9307432432,"CRC3":0.6555006099,"CRC3b":0.6392618693,"folio_equal-weight_btc_eth_xrp":0.9307432431},"vol":{"Bitcoin":1.6156159999,"CRC3":0.9029445684,"CRC3b":0.9105933028,"folio_equal-weight_btc_eth_xrp":1.655697662},"occ":{"Bitcoin":1.0,"CRC3":0.6467674168,"CRC3b":0.6372034077,"folio_equal-weight_btc_eth_xrp":0.9999999994},"VaR robust 0.02":{"Bitcoin":-0.1357662393,"CRC3":-0.1494237702,"CRC3b":-0.1515271682,"folio_equal-weight_btc_eth_xrp":-0.1510256319},"VaR sample 0.02":{"Bitcoin":-0.1357662393,"CRC3":-0.1417953626,"CRC3b":-0.1419441737,"folio_equal-weight_btc_eth_xrp":-0.1413298537}}