{"net perf\/dd":{"Bitcoin":2.8644839748,"CRC3":7.2959992919,"CRC3b":7.837461174,"folio_equal-weight_btc_eth_xrp":4.3967905822},"Sharpe":{"Bitcoin":1.6381024743,"CRC3":5.2861329501,"CRC3b":5.4896939452,"folio_equal-weight_btc_eth_xrp":2.4526704749},"perf":{"Bitcoin":2.666099105,"CRC3":4.7825319859,"CRC3b":5.0101900806,"folio_equal-weight_btc_eth_xrp":4.0922831256},"net perf":{"Bitcoin":2.666099105,"CRC3":4.7825319859,"CRC3b":5.0101900806,"folio_equal-weight_btc_eth_xrp":4.0922831256},"dd":{"Bitcoin":0.9307432432,"CRC3":0.6555006099,"CRC3b":0.6392618693,"folio_equal-weight_btc_eth_xrp":0.9307432431},"vol":{"Bitcoin":1.6275533105,"CRC3":0.9047316878,"CRC3b":0.9126538074,"folio_equal-weight_btc_eth_xrp":1.6685009941},"occ":{"Bitcoin":1.0,"CRC3":0.6394782817,"CRC3b":0.6297401896,"folio_equal-weight_btc_eth_xrp":0.9999999994},"VaR robust 0.02":{"Bitcoin":-0.137774263,"CRC3":-0.1508325584,"CRC3b":-0.1553770331,"folio_equal-weight_btc_eth_xrp":-0.1517116561},"VaR sample 0.02":{"Bitcoin":-0.137774263,"CRC3":-0.143552098,"CRC3b":-0.1451205699,"folio_equal-weight_btc_eth_xrp":-0.143552098}}