{"net perf\/dd":{"Bitcoin":2.9646355568,"CRC3":7.9258321996,"CRC3b":8.4900927957,"folio_equal-weight_btc_eth_xrp":4.6223850044},"Sharpe":{"Bitcoin":1.6761000462,"CRC3":5.5492341375,"CRC3b":5.7171295808,"folio_equal-weight_btc_eth_xrp":2.550540773},"perf":{"Bitcoin":2.7593145132,"CRC3":5.0696421815,"CRC3b":5.2670843,"folio_equal-weight_btc_eth_xrp":4.3022536098},"net perf":{"Bitcoin":2.7593145132,"CRC3":5.0696421815,"CRC3b":5.2670843,"folio_equal-weight_btc_eth_xrp":4.3022536098},"dd":{"Bitcoin":0.9307432432,"CRC3":0.6396353157,"CRC3b":0.6203800626,"folio_equal-weight_btc_eth_xrp":0.9307432431},"vol":{"Bitcoin":1.6462707697,"CRC3":0.9135751089,"CRC3b":0.9212812523,"folio_equal-weight_btc_eth_xrp":1.6868005622},"occ":{"Bitcoin":1.0,"CRC3":0.6375139584,"CRC3b":0.6277333384,"folio_equal-weight_btc_eth_xrp":0.9999999993},"VaR robust 0.02":{"Bitcoin":-0.1398442951,"CRC3":-0.114462737,"CRC3b":-0.1197216133,"folio_equal-weight_btc_eth_xrp":-0.1532466232},"VaR sample 0.02":{"Bitcoin":-0.1398442951,"CRC3":-0.1089194389,"CRC3b":-0.1135092993,"folio_equal-weight_btc_eth_xrp":-0.1452314697}}