{"net perf\/dd":{"Bitcoin":3.0861838194,"CRC3":7.3661987967,"CRC3b":7.8475426622,"folio_equal-weight_btc_eth_xrp":4.384463401},"Sharpe":{"Bitcoin":1.7868149323,"CRC3":5.3663961497,"CRC3b":5.5294404524,"folio_equal-weight_btc_eth_xrp":2.4796924581},"perf":{"Bitcoin":2.8724447373,"CRC3":4.8285478041,"CRC3b":5.0166347916,"folio_equal-weight_btc_eth_xrp":4.080809685},"net perf":{"Bitcoin":2.8724447373,"CRC3":4.8285478041,"CRC3b":5.0166347916,"folio_equal-weight_btc_eth_xrp":4.080809685},"dd":{"Bitcoin":0.9307432432,"CRC3":0.6555006099,"CRC3b":0.6392618693,"folio_equal-weight_btc_eth_xrp":0.9307432431},"vol":{"Bitcoin":1.6075782026,"CRC3":0.8997747593,"CRC3b":0.9072590319,"folio_equal-weight_btc_eth_xrp":1.6456918565},"occ":{"Bitcoin":1.0,"CRC3":0.6482645114,"CRC3b":0.6387550222,"folio_equal-weight_btc_eth_xrp":0.9999999994},"VaR sample 0.02":{"Bitcoin":-0.1362555451,"CRC3":-0.0369864776,"CRC3b":-0.0397659154,"folio_equal-weight_btc_eth_xrp":-0.1386107818},"VaR robust 0.02":{"Bitcoin":-0.1362653946,"CRC3":-0.0393193546,"CRC3b":-0.0423802194,"folio_equal-weight_btc_eth_xrp":-0.149423667}}