{"net perf\/dd":{"Bitcoin":2.8521307666,"CRC3":7.2672633489,"CRC3b":7.7928232136,"folio_equal-weight_btc_eth_xrp":4.3780333634},"Sharpe":{"Bitcoin":1.6307881256,"CRC3":5.2645805887,"CRC3b":5.4577503198,"folio_equal-weight_btc_eth_xrp":2.4418311297},"perf":{"Bitcoin":2.6546014399,"CRC3":4.7636955577,"CRC3b":4.9816547345,"folio_equal-weight_btc_eth_xrp":4.074824971},"net perf":{"Bitcoin":2.6546014399,"CRC3":4.7636955577,"CRC3b":4.9816547345,"folio_equal-weight_btc_eth_xrp":4.074824971},"dd":{"Bitcoin":0.9307432432,"CRC3":0.6555006099,"CRC3b":0.6392618693,"folio_equal-weight_btc_eth_xrp":0.9307432431},"vol":{"Bitcoin":1.6278027773,"CRC3":0.9048575622,"CRC3b":0.9127670638,"folio_equal-weight_btc_eth_xrp":1.668757893},"occ":{"Bitcoin":1.0,"CRC3":0.6393406561,"CRC3b":0.6295767917,"folio_equal-weight_btc_eth_xrp":0.9999999994},"VaR robust 0.02":{"Bitcoin":-0.1378340143,"CRC3":-0.143398319,"CRC3b":-0.1552325345,"folio_equal-weight_btc_eth_xrp":-0.1517257175},"VaR sample 0.02":{"Bitcoin":-0.1378340143,"CRC3":-0.1368921177,"CRC3b":-0.1451482948,"folio_equal-weight_btc_eth_xrp":-0.143591212}}