{"net perf\/dd":{"Bitcoin":3.104716603,"CRC3":7.2767407122,"CRC3b":7.7490204584,"folio_equal-weight_btc_eth_xrp":4.3341868062},"Sharpe":{"Bitcoin":1.8015615748,"CRC3":5.314877814,"CRC3b":5.4739984041,"folio_equal-weight_btc_eth_xrp":2.4573872813},"perf":{"Bitcoin":2.8896940004,"CRC3":4.7699079751,"CRC3b":4.9536533034,"folio_equal-weight_btc_eth_xrp":4.0340150842},"net perf":{"Bitcoin":2.8896940004,"CRC3":4.7699079751,"CRC3b":4.9536533034,"folio_equal-weight_btc_eth_xrp":4.0340150842},"dd":{"Bitcoin":0.9307432432,"CRC3":0.6555006099,"CRC3b":0.6392618693,"folio_equal-weight_btc_eth_xrp":0.9307432431},"vol":{"Bitcoin":1.6039940243,"CRC3":0.8974633363,"CRC3b":0.9049424091,"folio_equal-weight_btc_eth_xrp":1.6415870282},"occ":{"Bitcoin":1.0,"CRC3":0.6466379746,"CRC3b":0.6372759628,"folio_equal-weight_btc_eth_xrp":0.9999999994},"VaR sample 0.02":{"Bitcoin":-0.1361373514,"CRC3":-0.0488161357,"CRC3b":-0.0569023115,"folio_equal-weight_btc_eth_xrp":-0.1380502542},"VaR robust 0.02":{"Bitcoin":-0.1361472009,"CRC3":-0.0521413757,"CRC3b":-0.0592775474,"folio_equal-weight_btc_eth_xrp":-0.1496651302}}