{"net perf\/dd":{"Bitcoin":2.8657513759,"CRC3":7.359014584,"CRC3b":7.8340298179,"folio_equal-weight_btc_eth_xrp":4.4254724486},"Sharpe":{"Bitcoin":1.6332511086,"CRC3":5.3150405196,"CRC3b":5.4716199187,"folio_equal-weight_btc_eth_xrp":2.4604073294},"perf":{"Bitcoin":2.6672787299,"CRC3":4.8238385483,"CRC3b":5.0079965455,"folio_equal-weight_btc_eth_xrp":4.118978579},"net perf":{"Bitcoin":2.6672787299,"CRC3":4.8238385483,"CRC3b":5.0079965455,"folio_equal-weight_btc_eth_xrp":4.118978579},"dd":{"Bitcoin":0.9307432432,"CRC3":0.6555006099,"CRC3b":0.6392618693,"folio_equal-weight_btc_eth_xrp":0.9307432431},"vol":{"Bitcoin":1.6331100073,"CRC3":0.9075826479,"CRC3b":0.9152676209,"folio_equal-weight_btc_eth_xrp":1.6741043362},"occ":{"Bitcoin":1.0,"CRC3":0.63719681,"CRC3b":0.6272171132,"folio_equal-weight_btc_eth_xrp":0.9999999994},"VaR robust 0.02":{"Bitcoin":-0.1387302843,"CRC3":-0.1205848086,"CRC3b":-0.1275723479,"folio_equal-weight_btc_eth_xrp":-0.152212023},"VaR sample 0.02":{"Bitcoin":-0.1387302843,"CRC3":-0.1142354092,"CRC3b":-0.1189704562,"folio_equal-weight_btc_eth_xrp":-0.1441779219}}