{"net perf\/dd":{"Bitcoin":3.4533082692,"CRC3":9.8126852836,"CRC3b":10.288071858,"CRC4":8.4621536202,"folio_equal-weight_btc_eth_xrp":5.0874132729},"Sharpe":{"Bitcoin":1.921424167,"CRC3":6.1768150011,"CRC3b":6.4065025521,"CRC4":5.5330288925,"folio_equal-weight_btc_eth_xrp":2.7698413785},"perf":{"Bitcoin":3.2141433384,"CRC3":5.6963248368,"CRC3b":5.9722896999,"CRC4":5.4382831676,"folio_equal-weight_btc_eth_xrp":4.7350755294},"net perf":{"Bitcoin":3.2141433384,"CRC3":5.6963248368,"CRC3b":5.9722896999,"CRC4":5.4382831676,"folio_equal-weight_btc_eth_xrp":4.7350755294},"dd":{"Bitcoin":0.9307432432,"CRC3":0.5805062195,"CRC3b":0.5805062195,"CRC4":0.6426594708,"folio_equal-weight_btc_eth_xrp":0.9307432432},"vol":{"Bitcoin":1.6727921891,"CRC3":0.922210692,"CRC3b":0.9322231048,"CRC4":0.9828763365,"folio_equal-weight_btc_eth_xrp":1.7095114421},"occ":{"Bitcoin":1.0,"CRC3":0.6391708368,"CRC3b":0.6303842646,"CRC4":0.6582614308,"folio_equal-weight_btc_eth_xrp":1.0},"VaR robust 0.02":{"Bitcoin":-0.143121844,"CRC3":-0.0251151186,"CRC3b":-0.0314771733,"CRC4":-0.0335662206,"folio_equal-weight_btc_eth_xrp":-0.1538359239},"VaR sample 0.02":{"Bitcoin":-0.143121844,"CRC3":-0.0240857519,"CRC3b":-0.0302901213,"CRC4":-0.0322282734,"folio_equal-weight_btc_eth_xrp":-0.1459095439}}