{"net perf\/dd":{"Bitcoin":3.0949850039,"CRC3":7.6235531333,"CRC3b":8.1231400179,"folio_equal-weight_btc_eth_xrp":4.5854906692},"Sharpe":{"Bitcoin":1.7837856387,"CRC3":5.5366321081,"CRC3b":5.7049817523,"folio_equal-weight_btc_eth_xrp":2.5788728569},"perf":{"Bitcoin":2.8806363803,"CRC3":4.9972437287,"CRC3b":5.1928136723,"folio_equal-weight_btc_eth_xrp":4.2679144566},"net perf":{"Bitcoin":2.8806363803,"CRC3":4.9972437287,"CRC3b":5.1928136723,"folio_equal-weight_btc_eth_xrp":4.2679144566},"dd":{"Bitcoin":0.9307432432,"CRC3":0.6555006099,"CRC3b":0.6392618693,"folio_equal-weight_btc_eth_xrp":0.9307432431},"vol":{"Bitcoin":1.6149005339,"CRC3":0.9025782517,"CRC3b":0.910224414,"folio_equal-weight_btc_eth_xrp":1.6549534209},"occ":{"Bitcoin":1.0,"CRC3":0.6469200011,"CRC3b":0.6373601233,"folio_equal-weight_btc_eth_xrp":0.9999999994},"VaR robust 0.02":{"Bitcoin":-0.1357636515,"CRC3":-0.1494169397,"CRC3b":-0.1516843043,"folio_equal-weight_btc_eth_xrp":-0.1510197042},"VaR sample 0.02":{"Bitcoin":-0.1357636515,"CRC3":-0.1416054059,"CRC3b":-0.1422409505,"folio_equal-weight_btc_eth_xrp":-0.1412612099}}