{"net perf\/dd":{"Bitcoin":2.9998314418,"CRC3":7.0564052439,"CRC3b":7.5075105262,"folio_equal-weight_btc_eth_xrp":4.1770104473},"Sharpe":{"Bitcoin":1.7487116561,"CRC3":5.1793265932,"CRC3b":5.329474746,"folio_equal-weight_btc_eth_xrp":2.3791786628},"perf":{"Bitcoin":2.7920728453,"CRC3":4.6254779413,"CRC3b":4.7992652127,"folio_equal-weight_btc_eth_xrp":3.8877242501},"net perf":{"Bitcoin":2.7920728453,"CRC3":4.6254779413,"CRC3b":4.7992652127,"folio_equal-weight_btc_eth_xrp":3.8877242501},"dd":{"Bitcoin":0.9307432432,"CRC3":0.6555006099,"CRC3b":0.6392618693,"folio_equal-weight_btc_eth_xrp":0.9307432431},"vol":{"Bitcoin":1.5966456423,"CRC3":0.8930655092,"CRC3b":0.9005137357,"folio_equal-weight_btc_eth_xrp":1.6340614982},"occ":{"Bitcoin":1.0,"CRC3":0.6430830137,"CRC3b":0.6338703207,"folio_equal-weight_btc_eth_xrp":0.9999999994},"VaR sample 0.02":{"Bitcoin":-0.1358911144,"CRC3":-0.0557447429,"CRC3b":-0.0540897925,"folio_equal-weight_btc_eth_xrp":-0.1379977471},"VaR robust 0.02":{"Bitcoin":-0.1359009639,"CRC3":-0.0594992155,"CRC3b":-0.0583838517,"folio_equal-weight_btc_eth_xrp":-0.1500171392}}