{"net perf\/dd":{"Bitcoin":3.0356985332,"CRC3":8.1659321289,"CRC3b":8.7469743116,"folio_equal-weight_btc_eth_xrp":4.7603665265},"Sharpe":{"Bitcoin":1.7124225359,"CRC3":5.7128220305,"CRC3b":5.8872058676,"folio_equal-weight_btc_eth_xrp":2.621260815},"perf":{"Bitcoin":2.8254558983,"CRC3":5.2232185756,"CRC3b":5.4264484709,"folio_equal-weight_btc_eth_xrp":4.4306789792},"net perf":{"Bitcoin":2.8254558983,"CRC3":5.2232185756,"CRC3b":5.4264484709,"folio_equal-weight_btc_eth_xrp":4.4306789792},"dd":{"Bitcoin":0.9307432432,"CRC3":0.6396353157,"CRC3b":0.6203800626,"folio_equal-weight_btc_eth_xrp":0.9307432431},"vol":{"Bitcoin":1.6499758903,"CRC3":0.9142974431,"CRC3b":0.9217358103,"folio_equal-weight_btc_eth_xrp":1.6902854358},"occ":{"Bitcoin":1.0,"CRC3":0.636324876,"CRC3b":0.626371438,"folio_equal-weight_btc_eth_xrp":0.9999999993},"VaR robust 0.02":{"Bitcoin":-0.1402147106,"CRC3":-0.1547425906,"CRC3b":-0.1573712214,"folio_equal-weight_btc_eth_xrp":-0.1536261071},"VaR sample 0.02":{"Bitcoin":-0.1402147106,"CRC3":-0.1456536576,"CRC3b":-0.1475032365,"folio_equal-weight_btc_eth_xrp":-0.1456249219}}