{"net perf\/dd":{"Bitcoin":2.8683883063,"CRC3":6.8616329361,"CRC3b":7.2707115983,"folio_equal-weight_btc_eth_xrp":4.0890784913},"Sharpe":{"Bitcoin":1.6783331195,"CRC3":5.0531102435,"CRC3b":5.1763963032,"folio_equal-weight_btc_eth_xrp":2.337109356},"perf":{"Bitcoin":2.6697330351,"CRC3":4.4978045747,"CRC3b":4.6478886874,"folio_equal-weight_btc_eth_xrp":3.8058821762},"net perf":{"Bitcoin":2.6697330351,"CRC3":4.4978045747,"CRC3b":4.6478886874,"folio_equal-weight_btc_eth_xrp":3.8058821762},"dd":{"Bitcoin":0.9307432432,"CRC3":0.6555006099,"CRC3b":0.6392618693,"folio_equal-weight_btc_eth_xrp":0.9307432431},"vol":{"Bitcoin":1.5907050895,"CRC3":0.8901061639,"CRC3b":0.8979004727,"folio_equal-weight_btc_eth_xrp":1.6284570367},"occ":{"Bitcoin":1.0,"CRC3":0.641312246,"CRC3b":0.631989886,"folio_equal-weight_btc_eth_xrp":0.9999999994},"VaR sample 0.02":{"Bitcoin":-0.135771415,"CRC3":-0.0803749091,"CRC3b":-0.0655402356,"folio_equal-weight_btc_eth_xrp":-0.137632246},"VaR robust 0.02":{"Bitcoin":-0.1357740028,"CRC3":-0.0861306466,"CRC3b":-0.0717778221,"folio_equal-weight_btc_eth_xrp":-0.1497233995}}