{"net perf\/dd":{"Bitcoin":2.866791533,"CRC3":6.8627671239,"CRC3b":7.2708261565,"folio_equal-weight_btc_eth_xrp":4.086457246},"Sharpe":{"Bitcoin":1.6771486098,"CRC3":5.0533788903,"CRC3b":5.1758350712,"folio_equal-weight_btc_eth_xrp":2.3353416324},"perf":{"Bitcoin":2.6682468491,"CRC3":4.4985480355,"CRC3b":4.6479619201,"folio_equal-weight_btc_eth_xrp":3.8034424699},"net perf":{"Bitcoin":2.6682468491,"CRC3":4.4985480355,"CRC3b":4.6479619201,"folio_equal-weight_btc_eth_xrp":3.8034424699},"dd":{"Bitcoin":0.9307432432,"CRC3":0.6555006099,"CRC3b":0.6392618693,"folio_equal-weight_btc_eth_xrp":0.9307432431},"vol":{"Bitcoin":1.5909424087,"CRC3":0.8902059658,"CRC3b":0.8980119838,"folio_equal-weight_btc_eth_xrp":1.6286449987},"occ":{"Bitcoin":1.0,"CRC3":0.6413541694,"CRC3b":0.632073934,"folio_equal-weight_btc_eth_xrp":0.9999999994},"VaR sample 0.02":{"Bitcoin":-0.1357740028,"CRC3":-0.0765446471,"CRC3b":-0.0617812972,"folio_equal-weight_btc_eth_xrp":-0.1376570519},"VaR robust 0.02":{"Bitcoin":-0.1357765907,"CRC3":-0.0820952168,"CRC3b":-0.0671716474,"folio_equal-weight_btc_eth_xrp":-0.1497272468}}