{"net perf\/dd":{"Bitcoin":2.8774423822,"CRC3":7.3796036849,"CRC3b":7.8552257935,"folio_equal-weight_btc_eth_xrp":4.4449243979},"Sharpe":{"Bitcoin":1.6403962934,"CRC3":5.3310483687,"CRC3b":5.4875735096,"folio_equal-weight_btc_eth_xrp":2.4718806069},"perf":{"Bitcoin":2.678160055,"CRC3":4.8373347165,"CRC3b":5.0215463245,"folio_equal-weight_btc_eth_xrp":4.1370833494},"net perf":{"Bitcoin":2.678160055,"CRC3":4.8373347165,"CRC3b":5.0215463245,"folio_equal-weight_btc_eth_xrp":4.1370833494},"dd":{"Bitcoin":0.9307432432,"CRC3":0.6555006099,"CRC3b":0.6392618693,"folio_equal-weight_btc_eth_xrp":0.9307432431},"vol":{"Bitcoin":1.6326299113,"CRC3":0.9073890128,"CRC3b":0.9150759103,"folio_equal-weight_btc_eth_xrp":1.6736582414},"occ":{"Bitcoin":1.0,"CRC3":0.6374125136,"CRC3b":0.6274569597,"folio_equal-weight_btc_eth_xrp":0.9999999994},"VaR robust 0.02":{"Bitcoin":-0.1386107816,"CRC3":-0.1469691831,"CRC3b":-0.1491127128,"folio_equal-weight_btc_eth_xrp":-0.1521964479},"VaR sample 0.02":{"Bitcoin":-0.1386107816,"CRC3":-0.1390323172,"CRC3b":-0.1384642953,"folio_equal-weight_btc_eth_xrp":-0.1440996939}}