{"net perf\/dd":{"Bitcoin":3.4528950296,"CRC3":9.8285629786,"CRC3b":10.2563642465,"CRC4":8.4310235555,"folio_equal-weight_btc_eth_xrp":5.2101442387},"Sharpe":{"Bitcoin":1.9236800994,"CRC3":6.1944855592,"CRC3b":6.3948387985,"CRC4":5.5196040366,"folio_equal-weight_btc_eth_xrp":2.8398565897},"perf":{"Bitcoin":3.2137587184,"CRC3":5.7055419375,"CRC3b":5.9538832342,"CRC4":5.4182771367,"folio_equal-weight_btc_eth_xrp":4.8493065465},"net perf":{"Bitcoin":3.2137587184,"CRC3":5.7055419375,"CRC3b":5.9538832342,"CRC4":5.4182771367,"folio_equal-weight_btc_eth_xrp":4.8493065465},"dd":{"Bitcoin":0.9307432432,"CRC3":0.5805062195,"CRC3b":0.5805062195,"CRC4":0.6426594708,"folio_equal-weight_btc_eth_xrp":0.9307432432},"vol":{"Bitcoin":1.6706305375,"CRC3":0.9210679213,"CRC3b":0.9310450852,"CRC4":0.9816423607,"folio_equal-weight_btc_eth_xrp":1.7075885325},"occ":{"Bitcoin":1.0,"CRC3":0.6384206885,"CRC3b":0.6296863417,"CRC4":0.6575761202,"folio_equal-weight_btc_eth_xrp":1.0},"VaR robust 0.02":{"Bitcoin":-0.1428871601,"CRC3":-0.0994727393,"CRC3b":-0.0802658941,"CRC4":-0.0834225486,"folio_equal-weight_btc_eth_xrp":-0.1546253062},"VaR sample 0.02":{"Bitcoin":-0.1428871601,"CRC3":-0.0956887515,"CRC3b":-0.0766344282,"CRC4":-0.0792853477,"folio_equal-weight_btc_eth_xrp":-0.1475258557}}