{"net perf\/dd":{"Bitcoin":3.0607446203,"CRC3":7.3300626277,"CRC3b":7.8053581241,"folio_equal-weight_btc_eth_xrp":4.3534600786},"Sharpe":{"Bitcoin":1.7736479901,"CRC3":5.3447722843,"CRC3b":5.5045306003,"folio_equal-weight_btc_eth_xrp":2.4643073578},"perf":{"Bitcoin":2.8487673746,"CRC3":4.8048605232,"CRC3b":4.9896678249,"folio_equal-weight_btc_eth_xrp":4.0519535522},"net perf":{"Bitcoin":2.8487673746,"CRC3":4.8048605232,"CRC3b":4.9896678249,"folio_equal-weight_btc_eth_xrp":4.0519535522},"dd":{"Bitcoin":0.9307432432,"CRC3":0.6555006099,"CRC3b":0.6392618693,"folio_equal-weight_btc_eth_xrp":0.9307432431},"vol":{"Bitcoin":1.6061627733,"CRC3":0.898983206,"CRC3b":0.9064656348,"folio_equal-weight_btc_eth_xrp":1.6442565654},"occ":{"Bitcoin":1.0,"CRC3":0.6475740668,"CRC3b":0.6381340382,"folio_equal-weight_btc_eth_xrp":0.9999999994},"VaR sample 0.02":{"Bitcoin":-0.1362161472,"CRC3":-0.0378744376,"CRC3b":-0.0423409492,"folio_equal-weight_btc_eth_xrp":-0.1383717765},"VaR robust 0.02":{"Bitcoin":-0.1362259967,"CRC3":-0.0406451031,"CRC3b":-0.0450569654,"folio_equal-weight_btc_eth_xrp":-0.1493787211}}