{"net perf\/dd":{"Bitcoin":2.914291941,"CRC3":7.771804056,"CRC3b":8.317792702,"folio_equal-weight_btc_eth_xrp":4.5233378567},"Sharpe":{"Bitcoin":1.6507609688,"CRC3":5.4481577158,"CRC3b":5.6122110116,"folio_equal-weight_btc_eth_xrp":2.5004032463},"perf":{"Bitcoin":2.712457533,"CRC3":4.9711203413,"CRC3b":5.1640856102,"folio_equal-weight_btc_eth_xrp":4.2100661463},"net perf":{"Bitcoin":2.712457533,"CRC3":4.9711203413,"CRC3b":5.1640856102,"folio_equal-weight_btc_eth_xrp":4.2100661463},"dd":{"Bitcoin":0.9307432432,"CRC3":0.6396353157,"CRC3b":0.6208480778,"folio_equal-weight_btc_eth_xrp":0.9307432431},"vol":{"Bitcoin":1.643155844,"CRC3":0.9124406085,"CRC3b":0.9201517191,"folio_equal-weight_btc_eth_xrp":1.6837548714},"occ":{"Bitcoin":1.0,"CRC3":0.6372207065,"CRC3b":0.6274218655,"folio_equal-weight_btc_eth_xrp":0.9999999993},"VaR robust 0.02":{"Bitcoin":-0.1395878536,"CRC3":-0.0805003571,"CRC3b":-0.0755468929,"folio_equal-weight_btc_eth_xrp":-0.1531265935},"VaR sample 0.02":{"Bitcoin":-0.1395878536,"CRC3":-0.0762378113,"CRC3b":-0.0723842986,"folio_equal-weight_btc_eth_xrp":-0.1449819452}}