{"net perf\/dd":{"Bitcoin":2.8915341072,"CRC3":6.8945282702,"CRC3b":7.3080256892,"folio_equal-weight_btc_eth_xrp":4.1108368186},"Sharpe":{"Bitcoin":1.6904450402,"CRC3":5.0733731075,"CRC3b":5.1987768335,"folio_equal-weight_btc_eth_xrp":2.3476728495},"perf":{"Bitcoin":2.6912758329,"CRC3":4.5193674863,"CRC3b":4.6717421629,"folio_equal-weight_btc_eth_xrp":3.8261335924},"net perf":{"Bitcoin":2.6912758329,"CRC3":4.5193674863,"CRC3b":4.6717421629,"folio_equal-weight_btc_eth_xrp":3.8261335924},"dd":{"Bitcoin":0.9307432432,"CRC3":0.6555006099,"CRC3b":0.6392618693,"folio_equal-weight_btc_eth_xrp":0.9307432431},"vol":{"Bitcoin":1.5920516603,"CRC3":0.890801325,"CRC3b":0.8986233325,"folio_equal-weight_btc_eth_xrp":1.6297558636},"occ":{"Bitcoin":1.0,"CRC3":0.641507936,"CRC3b":0.6322889644,"folio_equal-weight_btc_eth_xrp":0.9999999994},"VaR sample 0.02":{"Bitcoin":-0.1357817664,"CRC3":-0.0773474743,"CRC3b":-0.0701175693,"folio_equal-weight_btc_eth_xrp":-0.1383034123},"VaR robust 0.02":{"Bitcoin":-0.1357843542,"CRC3":-0.0839025965,"CRC3b":-0.0765023368,"folio_equal-weight_btc_eth_xrp":-0.1497964649}}