{"net perf\/dd":{"Bitcoin":3.1956119875,"CRC3":7.7132994497,"CRC3b":8.202264652,"folio_equal-weight_btc_eth_xrp":4.6343054037},"Sharpe":{"Bitcoin":1.8469628892,"CRC3":5.6124124717,"CRC3b":5.7721990693,"folio_equal-weight_btc_eth_xrp":2.614012648},"perf":{"Bitcoin":2.9742942654,"CRC3":5.0560724938,"CRC3b":5.2433950339,"folio_equal-weight_btc_eth_xrp":4.3133484409},"net perf":{"Bitcoin":2.9742942654,"CRC3":5.0560724938,"CRC3b":5.2433950339,"folio_equal-weight_btc_eth_xrp":4.3133484409},"dd":{"Bitcoin":0.9307432432,"CRC3":0.6555006099,"CRC3b":0.6392618693,"folio_equal-weight_btc_eth_xrp":0.9307432431},"vol":{"Bitcoin":1.6103703452,"CRC3":0.900873291,"CRC3b":0.9083877688,"folio_equal-weight_btc_eth_xrp":1.6500870584},"occ":{"Bitcoin":1.0,"CRC3":0.6493435446,"CRC3b":0.6397759246,"folio_equal-weight_btc_eth_xrp":0.9999999994},"VaR robust 0.02":{"Bitcoin":-0.135722246,"CRC3":-0.1494784381,"CRC3b":-0.1507533455,"folio_equal-weight_btc_eth_xrp":-0.1492087094},"VaR sample 0.02":{"Bitcoin":-0.135722246,"CRC3":-0.1417532071,"CRC3b":-0.1419943311,"folio_equal-weight_btc_eth_xrp":-0.1401629103}}