{"net perf\/dd":{"Bitcoin":2.8852846935,"CRC3":7.4368675201,"CRC3b":7.9110221059,"folio_equal-weight_btc_eth_xrp":4.470644811},"Sharpe":{"Bitcoin":1.6426084374,"CRC3":5.3665532252,"CRC3b":5.5204096089,"folio_equal-weight_btc_eth_xrp":2.4829574242},"perf":{"Bitcoin":2.6854592333,"CRC3":4.8748711953,"CRC3b":5.0572147794,"folio_equal-weight_btc_eth_xrp":4.1610224501},"net perf":{"Bitcoin":2.6854592333,"CRC3":4.8748711953,"CRC3b":5.0572147794,"folio_equal-weight_btc_eth_xrp":4.1610224501},"dd":{"Bitcoin":0.9307432432,"CRC3":0.6555006099,"CRC3b":0.6392618693,"folio_equal-weight_btc_eth_xrp":0.9307432431},"vol":{"Bitcoin":1.6348748565,"CRC3":0.9083802938,"CRC3b":0.9160941194,"folio_equal-weight_btc_eth_xrp":1.6758331857},"occ":{"Bitcoin":1.0,"CRC3":0.6366607642,"CRC3b":0.62661948,"folio_equal-weight_btc_eth_xrp":0.9999999993},"VaR robust 0.02":{"Bitcoin":-0.1389040096,"CRC3":-0.1381856633,"CRC3b":-0.1401691844,"folio_equal-weight_btc_eth_xrp":-0.152485481},"VaR sample 0.02":{"Bitcoin":-0.1389040096,"CRC3":-0.1303914991,"CRC3b":-0.130001649,"folio_equal-weight_btc_eth_xrp":-0.1443165466}}