{"net perf\/dd":{"Bitcoin":3.002844049,"CRC3":7.0753448634,"CRC3b":7.5214399211,"folio_equal-weight_btc_eth_xrp":4.2209301253},"Sharpe":{"Bitcoin":1.7507477379,"CRC3":5.1939870959,"CRC3b":5.3401762477,"folio_equal-weight_btc_eth_xrp":2.4044026018},"perf":{"Bitcoin":2.7948768092,"CRC3":4.6378928734,"CRC3b":4.8081697437,"folio_equal-weight_btc_eth_xrp":3.9286021937},"net perf":{"Bitcoin":2.7948768092,"CRC3":4.6378928734,"CRC3b":4.8081697437,"folio_equal-weight_btc_eth_xrp":3.9286021937},"dd":{"Bitcoin":0.9307432432,"CRC3":0.6555006099,"CRC3b":0.6392618693,"folio_equal-weight_btc_eth_xrp":0.9307432431},"vol":{"Bitcoin":1.5963903586,"CRC3":0.8929350011,"CRC3b":0.900376602,"folio_equal-weight_btc_eth_xrp":1.6339202889},"occ":{"Bitcoin":1.0,"CRC3":0.6429812891,"CRC3b":0.6337679648,"folio_equal-weight_btc_eth_xrp":0.9999999994},"VaR sample 0.02":{"Bitcoin":-0.135881265,"CRC3":-0.085331575,"CRC3b":-0.0782717707,"folio_equal-weight_btc_eth_xrp":-0.1379378282},"VaR robust 0.02":{"Bitcoin":-0.1358911144,"CRC3":-0.0923421538,"CRC3b":-0.0859195034,"folio_equal-weight_btc_eth_xrp":-0.1504035537}}