{"net perf\/dd":{"Bitcoin":3.1238909431,"CRC3":7.5723437748,"CRC3b":8.0586511355,"folio_equal-weight_btc_eth_xrp":4.5254262231},"Sharpe":{"Bitcoin":1.8049126846,"CRC3":5.5027293488,"CRC3b":5.6638319875,"folio_equal-weight_btc_eth_xrp":2.5533442831},"perf":{"Bitcoin":2.907540388,"CRC3":4.963675963,"CRC3b":5.1515883888,"folio_equal-weight_btc_eth_xrp":4.2120098793},"net perf":{"Bitcoin":2.907540388,"CRC3":4.963675963,"CRC3b":5.1515883888,"folio_equal-weight_btc_eth_xrp":4.2120098793},"dd":{"Bitcoin":0.9307432432,"CRC3":0.6555006099,"CRC3b":0.6392618693,"folio_equal-weight_btc_eth_xrp":0.9307432431},"vol":{"Bitcoin":1.6109036258,"CRC3":0.9020389062,"CRC3b":0.9095588287,"folio_equal-weight_btc_eth_xrp":1.6496051501},"occ":{"Bitcoin":1.0,"CRC3":0.6498867834,"CRC3b":0.6403115939,"folio_equal-weight_btc_eth_xrp":0.9999999994},"VaR robust 0.02":{"Bitcoin":-0.1379344162,"CRC3":-0.0738968279,"CRC3b":-0.0695166694,"folio_equal-weight_btc_eth_xrp":-0.1499551194},"VaR sample 0.02":{"Bitcoin":-0.1379344162,"CRC3":-0.0692516915,"CRC3b":-0.066284426,"folio_equal-weight_btc_eth_xrp":-0.1398196917}}