{"net perf\/dd":{"Bitcoin":3.1754603545,"CRC3":7.6933631942,"CRC3b":8.1792778227,"folio_equal-weight_btc_eth_xrp":4.6231359071},"Sharpe":{"Bitcoin":1.8351306855,"CRC3":5.5974425995,"CRC3b":5.7555060386,"folio_equal-weight_btc_eth_xrp":2.6073604088},"perf":{"Bitcoin":2.9555382691,"CRC3":5.0430042662,"CRC3b":5.2287004304,"folio_equal-weight_btc_eth_xrp":4.3029525075},"net perf":{"Bitcoin":2.9555382691,"CRC3":5.0430042662,"CRC3b":5.2287004304,"folio_equal-weight_btc_eth_xrp":4.3029525075},"dd":{"Bitcoin":0.9307432432,"CRC3":0.6555006099,"CRC3b":0.6392618693,"folio_equal-weight_btc_eth_xrp":0.9307432431},"vol":{"Bitcoin":1.6105328588,"CRC3":0.9009479198,"CRC3b":0.9084692806,"folio_equal-weight_btc_eth_xrp":1.6503098279},"occ":{"Bitcoin":1.0,"CRC3":0.6491930483,"CRC3b":0.639621322,"folio_equal-weight_btc_eth_xrp":0.9999999994},"VaR robust 0.02":{"Bitcoin":-0.1357248338,"CRC3":-0.1494307119,"CRC3b":-0.1507257101,"folio_equal-weight_btc_eth_xrp":-0.1493888524},"VaR sample 0.02":{"Bitcoin":-0.1357248338,"CRC3":-0.1417876923,"CRC3b":-0.1420308567,"folio_equal-weight_btc_eth_xrp":-0.1402315541}}