{"net perf\/dd":{"Bitcoin":2.892426471,"CRC3":6.9101826318,"CRC3b":7.3365405039,"folio_equal-weight_btc_eth_xrp":4.0986818076},"Sharpe":{"Bitcoin":1.6887992468,"CRC3":5.0783777917,"CRC3b":5.2123768479,"folio_equal-weight_btc_eth_xrp":2.3377934033},"perf":{"Bitcoin":2.6921063944,"CRC3":4.5296289299,"CRC3b":4.6899705967,"folio_equal-weight_btc_eth_xrp":3.814820398},"net perf":{"Bitcoin":2.6921063944,"CRC3":4.5296289299,"CRC3b":4.6899705967,"folio_equal-weight_btc_eth_xrp":3.814820398},"dd":{"Bitcoin":0.9307432432,"CRC3":0.6555006099,"CRC3b":0.6392618693,"folio_equal-weight_btc_eth_xrp":0.9307432431},"vol":{"Bitcoin":1.5940949758,"CRC3":0.8919440648,"CRC3b":0.8997758093,"folio_equal-weight_btc_eth_xrp":1.6318039022},"occ":{"Bitcoin":1.0,"CRC3":0.6422949268,"CRC3b":0.633143048,"folio_equal-weight_btc_eth_xrp":0.9999999994},"VaR sample 0.02":{"Bitcoin":-0.1357998813,"CRC3":-0.0536407154,"CRC3b":-0.0520258825,"folio_equal-weight_btc_eth_xrp":-0.1386139241},"VaR robust 0.02":{"Bitcoin":-0.1358024691,"CRC3":-0.0580861027,"CRC3b":-0.0569003039,"folio_equal-weight_btc_eth_xrp":-0.1497758719}}