{"net perf\/dd":{"Bitcoin":3.5296527017,"CRC3":10.0873799284,"CRC3b":10.5390071222,"CRC4":8.725136371,"folio_equal-weight_btc_eth_xrp":5.3442799476},"Sharpe":{"Bitcoin":1.9592630347,"CRC3":6.3382261823,"CRC3b":6.5491230213,"CRC4":5.6955531106,"folio_equal-weight_btc_eth_xrp":2.9041675862},"perf":{"Bitcoin":3.2852004031,"CRC3":5.8557867865,"CRC3b":6.1179591815,"CRC4":5.6072915231,"folio_equal-weight_btc_eth_xrp":4.9741524513},"net perf":{"Bitcoin":3.2852004031,"CRC3":5.8557867865,"CRC3b":6.1179591815,"CRC4":5.6072915231,"folio_equal-weight_btc_eth_xrp":4.9741524513},"dd":{"Bitcoin":0.9307432432,"CRC3":0.5805062195,"CRC3b":0.5805062195,"CRC4":0.6426594708,"folio_equal-weight_btc_eth_xrp":0.9307432432},"vol":{"Bitcoin":1.6767531184,"CRC3":0.9238841623,"CRC3b":0.9341646449,"CRC4":0.9845034212,"folio_equal-weight_btc_eth_xrp":1.7127635729},"occ":{"Bitcoin":1.0,"CRC3":0.6401468353,"CRC3b":0.6315897322,"CRC4":0.659054229,"folio_equal-weight_btc_eth_xrp":1.0},"VaR robust 0.02":{"Bitcoin":-0.1435912119,"CRC3":-0.0720950333,"CRC3b":-0.0592202968,"CRC4":-0.082410209,"folio_equal-weight_btc_eth_xrp":-0.1538120185},"VaR sample 0.02":{"Bitcoin":-0.1435912119,"CRC3":-0.0703671099,"CRC3b":-0.0569580124,"CRC4":-0.0776821365,"folio_equal-weight_btc_eth_xrp":-0.1460806888}}