{"net perf\/dd":{"Bitcoin":2.9572723939,"CRC3":7.4591185706,"CRC3b":8.0127071284,"folio_equal-weight_btc_eth_xrp":4.4932507038},"Sharpe":{"Bitcoin":1.6931656304,"CRC3":5.4034420993,"CRC3b":5.6129711439,"folio_equal-weight_btc_eth_xrp":2.5097821151},"perf":{"Bitcoin":2.7524612991,"CRC3":4.8894567726,"CRC3b":5.122218137,"folio_equal-weight_btc_eth_xrp":4.1820627321},"net perf":{"Bitcoin":2.7524612991,"CRC3":4.8894567726,"CRC3b":5.122218137,"folio_equal-weight_btc_eth_xrp":4.1820627321},"dd":{"Bitcoin":0.9307432432,"CRC3":0.6555006099,"CRC3b":0.6392618693,"folio_equal-weight_btc_eth_xrp":0.9307432431},"vol":{"Bitcoin":1.6256302689,"CRC3":0.9048781652,"CRC3b":0.912568051,"folio_equal-weight_btc_eth_xrp":1.6663050976},"occ":{"Bitcoin":1.0,"CRC3":0.6407460503,"CRC3b":0.6310422022,"folio_equal-weight_btc_eth_xrp":0.9999999994},"VaR robust 0.02":{"Bitcoin":-0.1372962524,"CRC3":-0.1505092312,"CRC3b":-0.1545547692,"folio_equal-weight_btc_eth_xrp":-0.1511717084},"VaR sample 0.02":{"Bitcoin":-0.1372962524,"CRC3":-0.1436173981,"CRC3b":-0.1448987704,"folio_equal-weight_btc_eth_xrp":-0.143239186}}