{"net perf\/dd":{"Bitcoin":3.3513659087,"CRC3":9.4272870633,"CRC3b":9.8371461679,"CRC4":8.0937790012,"folio_equal-weight_btc_eth_xrp":5.1485696811},"Sharpe":{"Bitcoin":1.8818155056,"CRC3":5.9643607137,"CRC3b":6.1741616493,"CRC4":5.3331358217,"folio_equal-weight_btc_eth_xrp":2.8239218316},"perf":{"Bitcoin":3.1192611751,"CRC3":5.472598773,"CRC3b":5.7105245323,"CRC4":5.2015437299,"folio_equal-weight_btc_eth_xrp":4.791996443},"net perf":{"Bitcoin":3.1192611751,"CRC3":5.472598773,"CRC3b":5.7105245323,"CRC4":5.2015437299,"folio_equal-weight_btc_eth_xrp":4.791996443},"dd":{"Bitcoin":0.9307432432,"CRC3":0.5805062195,"CRC3b":0.5805062195,"CRC4":0.6426594708,"folio_equal-weight_btc_eth_xrp":0.9307432432},"vol":{"Bitcoin":1.6575807596,"CRC3":0.917549933,"CRC3b":0.924906871,"CRC4":0.975325569,"folio_equal-weight_btc_eth_xrp":1.6969295642},"occ":{"Bitcoin":1.0,"CRC3":0.639802109,"CRC3b":0.6298904779,"CRC4":0.6591049977,"folio_equal-weight_btc_eth_xrp":1.0},"VaR robust 0.02":{"Bitcoin":-0.140986635,"CRC3":-0.1313355772,"CRC3b":-0.1355566313,"CRC4":-0.161174481,"folio_equal-weight_btc_eth_xrp":-0.1544176428},"VaR sample 0.02":{"Bitcoin":-0.140986635,"CRC3":-0.1254163582,"CRC3b":-0.1269123625,"CRC4":-0.1485317438,"folio_equal-weight_btc_eth_xrp":-0.1478868557}}