{"net perf\/dd":{"Bitcoin":2.8614986872,"CRC3":7.4538074706,"CRC3b":7.9362029114,"folio_equal-weight_btc_eth_xrp":4.4193473003},"Sharpe":{"Bitcoin":1.6246208621,"CRC3":5.3664994372,"CRC3b":5.5245446991,"folio_equal-weight_btc_eth_xrp":2.4482366005},"perf":{"Bitcoin":2.6633205686,"CRC3":4.885853388,"CRC3b":5.072223869,"folio_equal-weight_btc_eth_xrp":4.1132776387},"net perf":{"Bitcoin":2.6633205686,"CRC3":4.885853388,"CRC3b":5.072223869,"folio_equal-weight_btc_eth_xrp":4.1132776387},"dd":{"Bitcoin":0.9307432432,"CRC3":0.6554842485,"CRC3b":0.6391247711,"folio_equal-weight_btc_eth_xrp":0.9307432431},"vol":{"Bitcoin":1.6393489895,"CRC3":0.9104358335,"CRC3b":0.9181252294,"folio_equal-weight_btc_eth_xrp":1.6800980909},"occ":{"Bitcoin":1.0,"CRC3":0.6361157018,"CRC3b":0.626130915,"folio_equal-weight_btc_eth_xrp":0.9999999993},"VaR robust 0.02":{"Bitcoin":-0.1392744251,"CRC3":-0.0546530627,"CRC3b":-0.0505568608,"folio_equal-weight_btc_eth_xrp":-0.1526303082},"VaR sample 0.02":{"Bitcoin":-0.1392744251,"CRC3":-0.051631205,"CRC3b":-0.0476812489,"folio_equal-weight_btc_eth_xrp":-0.1446769709}}