{"net perf\/dd":{"Bitcoin":3.0013458144,"CRC3":7.1307254524,"CRC3b":7.5910385417,"folio_equal-weight_btc_eth_xrp":4.182879239},"Sharpe":{"Bitcoin":1.7452351893,"CRC3":5.2201150517,"CRC3b":5.3746311256,"folio_equal-weight_btc_eth_xrp":2.3763337241},"perf":{"Bitcoin":2.7934823374,"CRC3":4.6741948832,"CRC3b":4.852661488,"folio_equal-weight_btc_eth_xrp":3.8931865883},"net perf":{"Bitcoin":2.7934823374,"CRC3":4.6741948832,"CRC3b":4.852661488,"folio_equal-weight_btc_eth_xrp":3.8931865883},"dd":{"Bitcoin":0.9307432432,"CRC3":0.6555006099,"CRC3b":0.6392618693,"folio_equal-weight_btc_eth_xrp":0.9307432431},"vol":{"Bitcoin":1.6006337453,"CRC3":0.8954198972,"CRC3b":0.9028827048,"folio_equal-weight_btc_eth_xrp":1.6383164321},"occ":{"Bitcoin":1.0,"CRC3":0.6447603411,"CRC3b":0.6354903362,"folio_equal-weight_btc_eth_xrp":0.9999999994},"VaR sample 0.02":{"Bitcoin":-0.1360093082,"CRC3":-0.024964791,"CRC3b":-0.0270915194,"folio_equal-weight_btc_eth_xrp":-0.1371169984},"VaR robust 0.02":{"Bitcoin":-0.1360191577,"CRC3":-0.0266233832,"CRC3b":-0.0285480367,"folio_equal-weight_btc_eth_xrp":-0.1493459754}}