{"net perf\/dd":{"Bitcoin":3.0391687918,"CRC3":7.1846220138,"CRC3b":7.6501115985,"folio_equal-weight_btc_eth_xrp":4.2493145337},"Sharpe":{"Bitcoin":1.7655469143,"CRC3":5.2544009474,"CRC3b":5.4111504655,"folio_equal-weight_btc_eth_xrp":2.4118343222},"perf":{"Bitcoin":2.8286858181,"CRC3":4.7095241121,"CRC3b":4.8904246407,"folio_equal-weight_btc_eth_xrp":3.95502079},"net perf":{"Bitcoin":2.8286858181,"CRC3":4.7095241121,"CRC3b":4.8904246407,"folio_equal-weight_btc_eth_xrp":3.95502079},"dd":{"Bitcoin":0.9307432432,"CRC3":0.6555006099,"CRC3b":0.6392618693,"folio_equal-weight_btc_eth_xrp":0.9307432431},"vol":{"Bitcoin":1.6021583992,"CRC3":0.8963008646,"CRC3b":0.9037680013,"folio_equal-weight_btc_eth_xrp":1.6398393346},"occ":{"Bitcoin":1.0,"CRC3":0.6454796775,"CRC3b":0.6361980268,"folio_equal-weight_btc_eth_xrp":0.9999999994},"VaR sample 0.02":{"Bitcoin":-0.1360585556,"CRC3":-0.0384757151,"CRC3b":-0.0391620846,"folio_equal-weight_btc_eth_xrp":-0.1376818473},"VaR robust 0.02":{"Bitcoin":-0.136068405,"CRC3":-0.0413284236,"CRC3b":-0.0409249758,"folio_equal-weight_btc_eth_xrp":-0.1496499118}}