{"net perf\/dd":{"Bitcoin":3.0903366537,"CRC3":7.3291191521,"CRC3b":7.8051997932,"folio_equal-weight_btc_eth_xrp":4.3655805825},"Sharpe":{"Bitcoin":1.7912522475,"CRC3":5.3456838146,"CRC3b":5.506068928,"folio_equal-weight_btc_eth_xrp":2.4718907205},"perf":{"Bitcoin":2.8763099598,"CRC3":4.8042420744,"CRC3b":4.98956661,"folio_equal-weight_btc_eth_xrp":4.0632346294},"net perf":{"Bitcoin":2.8763099598,"CRC3":4.8042420744,"CRC3b":4.98956661,"folio_equal-weight_btc_eth_xrp":4.0632346294},"dd":{"Bitcoin":0.9307432432,"CRC3":0.6555006099,"CRC3b":0.6392618693,"folio_equal-weight_btc_eth_xrp":0.9307432431},"vol":{"Bitcoin":1.60575372,"CRC3":0.8987142227,"CRC3b":0.9061939971,"folio_equal-weight_btc_eth_xrp":1.6437759953},"occ":{"Bitcoin":1.0,"CRC3":0.6472534935,"CRC3b":0.6378327612,"folio_equal-weight_btc_eth_xrp":0.9999999994},"VaR sample 0.02":{"Bitcoin":-0.1361964483,"CRC3":-0.0436144666,"CRC3b":-0.0516530026,"folio_equal-weight_btc_eth_xrp":-0.1382522738},"VaR robust 0.02":{"Bitcoin":-0.1362062977,"CRC3":-0.0464062038,"CRC3b":-0.0545957192,"folio_equal-weight_btc_eth_xrp":-0.1491194858}}