{"net perf\/dd":{"Bitcoin":3.1400650444,"CRC3":7.3416211882,"CRC3b":7.8201777143,"folio_equal-weight_btc_eth_xrp":4.4031158647},"Sharpe":{"Bitcoin":1.8203937047,"CRC3":5.3570773484,"CRC3b":5.5189562809,"folio_equal-weight_btc_eth_xrp":2.4939904636},"perf":{"Bitcoin":2.9225943235,"CRC3":4.8124371667,"CRC3b":4.9991414238,"folio_equal-weight_btc_eth_xrp":4.0981703396},"net perf":{"Bitcoin":2.9225943235,"CRC3":4.8124371667,"CRC3b":4.9991414238,"folio_equal-weight_btc_eth_xrp":4.0981703396},"dd":{"Bitcoin":0.9307432432,"CRC3":0.6555006099,"CRC3b":0.6392618693,"folio_equal-weight_btc_eth_xrp":0.9307432431},"vol":{"Bitcoin":1.6054737587,"CRC3":0.8983325895,"CRC3b":0.905812833,"folio_equal-weight_btc_eth_xrp":1.6432181275},"occ":{"Bitcoin":1.0,"CRC3":0.6471122566,"CRC3b":0.6377168495,"folio_equal-weight_btc_eth_xrp":0.9999999994},"VaR sample 0.02":{"Bitcoin":-0.1361865988,"CRC3":-0.0633623532,"CRC3b":-0.0687386721,"folio_equal-weight_btc_eth_xrp":-0.138391342},"VaR robust 0.02":{"Bitcoin":-0.1361964483,"CRC3":-0.0681606728,"CRC3b":-0.0725487289,"folio_equal-weight_btc_eth_xrp":-0.1499419879}}