{"net perf\/dd":{"Bitcoin":3.0518898131,"CRC3":7.507978446,"CRC3b":8.0123983893,"folio_equal-weight_btc_eth_xrp":4.5125586395},"Sharpe":{"Bitcoin":1.7610796433,"CRC3":5.4575579171,"CRC3b":5.6323280079,"folio_equal-weight_btc_eth_xrp":2.5409721568},"perf":{"Bitcoin":2.8405258226,"CRC3":4.9214844507,"CRC3b":5.1220207718,"folio_equal-weight_btc_eth_xrp":4.2000334628},"net perf":{"Bitcoin":2.8405258226,"CRC3":4.9214844507,"CRC3b":5.1220207718,"folio_equal-weight_btc_eth_xrp":4.2000334628},"dd":{"Bitcoin":0.9307432432,"CRC3":0.6555006099,"CRC3b":0.6392618693,"folio_equal-weight_btc_eth_xrp":0.9307432431},"vol":{"Bitcoin":1.6129456913,"CRC3":0.9017741132,"CRC3b":0.9093967476,"folio_equal-weight_btc_eth_xrp":1.6529238432},"occ":{"Bitcoin":1.0,"CRC3":0.6479844111,"CRC3b":0.6383797072,"folio_equal-weight_btc_eth_xrp":0.9999999994},"VaR robust 0.02":{"Bitcoin":-0.1357455366,"CRC3":-0.1496220113,"CRC3b":-0.1520122385,"folio_equal-weight_btc_eth_xrp":-0.1499935617},"VaR sample 0.02":{"Bitcoin":-0.1357455366,"CRC3":-0.1420761037,"CRC3b":-0.1421601473,"folio_equal-weight_btc_eth_xrp":-0.1407807039}}