{"net perf\/dd":{"Bitcoin":3.0478091871,"CRC3":7.1094455036,"CRC3b":7.5666393842,"folio_equal-weight_btc_eth_xrp":4.2024906013},"Sharpe":{"Bitcoin":1.7741303833,"CRC3":5.2106606422,"CRC3b":5.3636452289,"folio_equal-weight_btc_eth_xrp":2.3902003891},"perf":{"Bitcoin":2.8367278076,"CRC3":4.6602458638,"CRC3b":4.837064037,"folio_equal-weight_btc_eth_xrp":3.9114397314},"net perf":{"Bitcoin":2.8367278076,"CRC3":4.6602458638,"CRC3b":4.837064037,"folio_equal-weight_btc_eth_xrp":3.9114397314},"dd":{"Bitcoin":0.9307432432,"CRC3":0.6555006099,"CRC3b":0.6392618693,"folio_equal-weight_btc_eth_xrp":0.9307432431},"vol":{"Bitcoin":1.5989398718,"CRC3":0.8943675637,"CRC3b":0.9018240078,"folio_equal-weight_btc_eth_xrp":1.6364484539},"occ":{"Bitcoin":1.0,"CRC3":0.6438346826,"CRC3b":0.6346086906,"folio_equal-weight_btc_eth_xrp":0.9999999994},"VaR sample 0.02":{"Bitcoin":-0.1359502113,"CRC3":-0.0486717322,"CRC3b":-0.0507235608,"folio_equal-weight_btc_eth_xrp":-0.137292076},"VaR robust 0.02":{"Bitcoin":-0.1359600608,"CRC3":-0.0516202673,"CRC3b":-0.0529642726,"folio_equal-weight_btc_eth_xrp":-0.149467139}}