{"net perf\/dd":{"Bitcoin":3.1200677247,"CRC3":7.6752149583,"CRC3b":8.1909050749,"folio_equal-weight_btc_eth_xrp":4.6106288414},"Sharpe":{"Bitcoin":1.796724761,"CRC3":5.5709251851,"CRC3b":5.7491636922,"folio_equal-weight_btc_eth_xrp":2.5908995041},"perf":{"Bitcoin":2.9039819533,"CRC3":5.0311080865,"CRC3b":5.2361332894,"folio_equal-weight_btc_eth_xrp":4.2913116406},"net perf":{"Bitcoin":2.9039819533,"CRC3":5.0311080865,"CRC3b":5.2361332894,"folio_equal-weight_btc_eth_xrp":4.2913116406},"dd":{"Bitcoin":0.9307432432,"CRC3":0.6555006099,"CRC3b":0.6392618693,"folio_equal-weight_btc_eth_xrp":0.9307432431},"vol":{"Bitcoin":1.6162642249,"CRC3":0.9031009966,"CRC3b":0.9107643424,"folio_equal-weight_btc_eth_xrp":1.6563018495},"occ":{"Bitcoin":1.0,"CRC3":0.6463088717,"CRC3b":0.6367324471,"folio_equal-weight_btc_eth_xrp":0.9999999994},"VaR robust 0.02":{"Bitcoin":-0.1357740028,"CRC3":-0.1493129609,"CRC3b":-0.1515975181,"folio_equal-weight_btc_eth_xrp":-0.151048519},"VaR sample 0.02":{"Bitcoin":-0.1357740028,"CRC3":-0.1421082179,"CRC3b":-0.142084669,"folio_equal-weight_btc_eth_xrp":-0.1415357848}}