{"net perf\/dd":{"Bitcoin":2.8623568663,"CRC3":7.2919713584,"CRC3b":7.8262126073,"folio_equal-weight_btc_eth_xrp":4.3934536653},"Sharpe":{"Bitcoin":1.6364038772,"CRC3":5.2819508409,"CRC3b":5.4809284327,"folio_equal-weight_btc_eth_xrp":2.4500938872},"perf":{"Bitcoin":2.6641193131,"CRC3":4.779891673,"CRC3b":5.0029993008,"folio_equal-weight_btc_eth_xrp":4.0891773129},"net perf":{"Bitcoin":2.6641193131,"CRC3":4.779891673,"CRC3b":5.0029993008,"folio_equal-weight_btc_eth_xrp":4.0891773129},"dd":{"Bitcoin":0.9307432432,"CRC3":0.6555006099,"CRC3b":0.6392618693,"folio_equal-weight_btc_eth_xrp":0.9307432431},"vol":{"Bitcoin":1.6280328775,"CRC3":0.9049481559,"CRC3b":0.9128014281,"folio_equal-weight_btc_eth_xrp":1.6689880066},"occ":{"Bitcoin":1.0,"CRC3":0.6391814246,"CRC3b":0.6294132494,"folio_equal-weight_btc_eth_xrp":0.9999999994},"VaR robust 0.02":{"Bitcoin":-0.1378937657,"CRC3":-0.1507975067,"CRC3b":-0.1552588431,"folio_equal-weight_btc_eth_xrp":-0.1517738997},"VaR sample 0.02":{"Bitcoin":-0.1378937657,"CRC3":-0.1436335198,"CRC3b":-0.1451760198,"folio_equal-weight_btc_eth_xrp":-0.143630326}}