{"net perf\/dd":{"Bitcoin":2.8761800745,"CRC3":7.3349783879,"CRC3b":7.8827132207,"folio_equal-weight_btc_eth_xrp":4.4203420035},"Sharpe":{"Bitcoin":1.6432926445,"CRC3":5.310168237,"CRC3b":5.5177013458,"folio_equal-weight_btc_eth_xrp":2.4635996904},"perf":{"Bitcoin":2.6769851707,"CRC3":4.808082807,"CRC3b":5.0391179885,"folio_equal-weight_btc_eth_xrp":4.114203452},"net perf":{"Bitcoin":2.6769851707,"CRC3":4.808082807,"CRC3b":5.0391179885,"folio_equal-weight_btc_eth_xrp":4.114203452},"dd":{"Bitcoin":0.9307432432,"CRC3":0.6555006099,"CRC3b":0.6392618693,"folio_equal-weight_btc_eth_xrp":0.9307432431},"vol":{"Bitcoin":1.6290373961,"CRC3":0.9054483008,"CRC3b":0.9132639976,"folio_equal-weight_btc_eth_xrp":1.6699967401},"occ":{"Bitcoin":1.0,"CRC3":0.6388625394,"CRC3b":0.6290857313,"folio_equal-weight_btc_eth_xrp":0.9999999994},"VaR robust 0.02":{"Bitcoin":-0.1380132683,"CRC3":-0.1511169647,"CRC3b":-0.1558969923,"folio_equal-weight_btc_eth_xrp":-0.1519128981},"VaR sample 0.02":{"Bitcoin":-0.1380132683,"CRC3":-0.1437085539,"CRC3b":-0.1452314697,"folio_equal-weight_btc_eth_xrp":-0.143708554}}