{"net perf\/dd":{"Bitcoin":3.1147638621,"CRC3":7.6972720756,"CRC3b":8.2075488771,"folio_equal-weight_btc_eth_xrp":4.6311694558},"Sharpe":{"Bitcoin":1.7942283612,"CRC3":5.5883488392,"CRC3b":5.7623192856,"folio_equal-weight_btc_eth_xrp":2.603189597},"perf":{"Bitcoin":2.8990454189,"CRC3":5.0455665403,"CRC3b":5.2467730375,"folio_equal-weight_btc_eth_xrp":4.3104296787},"net perf":{"Bitcoin":2.8990454189,"CRC3":5.0455665403,"CRC3b":5.2467730375,"folio_equal-weight_btc_eth_xrp":4.3104296787},"dd":{"Bitcoin":0.9307432432,"CRC3":0.6555006099,"CRC3b":0.6392618693,"folio_equal-weight_btc_eth_xrp":0.9307432431},"vol":{"Bitcoin":1.6157616731,"CRC3":0.9028725095,"CRC3b":0.9105314679,"folio_equal-weight_btc_eth_xrp":1.6558262539},"occ":{"Bitcoin":1.0,"CRC3":0.6466147006,"CRC3b":0.6370465566,"folio_equal-weight_btc_eth_xrp":0.9999999994},"VaR robust 0.02":{"Bitcoin":-0.1357688272,"CRC3":-0.1499899773,"CRC3b":-0.1523682241,"folio_equal-weight_btc_eth_xrp":-0.1512581516},"VaR sample 0.02":{"Bitcoin":-0.1357688272,"CRC3":-0.1419211764,"CRC3b":-0.1425480963,"folio_equal-weight_btc_eth_xrp":-0.1414508305}}