{"net perf\/dd":{"Bitcoin":3.5539712411,"CRC3":10.1121805053,"CRC3b":10.5588844858,"CRC4":8.7525219143,"folio_equal-weight_btc_eth_xrp":5.3785375477},"Sharpe":{"Bitcoin":1.9730708418,"CRC3":6.35490258,"CRC3b":6.5626184554,"CRC4":5.714369142,"folio_equal-weight_btc_eth_xrp":2.9232609509},"perf":{"Bitcoin":3.3078347193,"CRC3":5.8701836757,"CRC3b":6.1294981146,"CRC4":5.6248911019,"folio_equal-weight_btc_eth_xrp":5.0060374811},"net perf":{"Bitcoin":3.3078347193,"CRC3":5.8701836757,"CRC3b":6.1294981146,"CRC4":5.6248911019,"folio_equal-weight_btc_eth_xrp":5.0060374811},"dd":{"Bitcoin":0.9307432432,"CRC3":0.5805062195,"CRC3b":0.5805062195,"CRC4":0.6426594708,"folio_equal-weight_btc_eth_xrp":0.9307432432},"vol":{"Bitcoin":1.6764906,"CRC3":0.923725203,"CRC3b":0.9340019013,"CRC4":0.9843415716,"folio_equal-weight_btc_eth_xrp":1.7124839572},"occ":{"Bitcoin":1.0,"CRC3":0.6400675629,"CRC3b":0.6314711027,"CRC4":0.6589882084,"folio_equal-weight_btc_eth_xrp":1.0},"VaR robust 0.02":{"Bitcoin":-0.1435520979,"CRC3":-0.0974696276,"CRC3b":-0.0844169769,"CRC4":-0.1111952414,"folio_equal-weight_btc_eth_xrp":-0.1537913619},"VaR sample 0.02":{"Bitcoin":-0.1435520979,"CRC3":-0.0924606515,"CRC3b":-0.0812322705,"CRC4":-0.1051551729,"folio_equal-weight_btc_eth_xrp":-0.1460549438}}