{"net perf\/dd":{"Bitcoin":2.9239197106,"CRC3":7.268470575,"CRC3b":7.7749449089,"folio_equal-weight_btc_eth_xrp":4.3671977815},"Sharpe":{"Bitcoin":1.6791180687,"CRC3":5.2766196859,"CRC3b":5.4575807004,"folio_equal-weight_btc_eth_xrp":2.4465463619},"perf":{"Bitcoin":2.7214185144,"CRC3":4.7644868951,"CRC3b":4.9702258161,"folio_equal-weight_btc_eth_xrp":4.0647398264},"net perf":{"Bitcoin":2.7214185144,"CRC3":4.7644868951,"CRC3b":4.9702258161,"folio_equal-weight_btc_eth_xrp":4.0647398264},"dd":{"Bitcoin":0.9307432432,"CRC3":0.6555006099,"CRC3b":0.6392618693,"folio_equal-weight_btc_eth_xrp":0.9307432431},"vol":{"Bitcoin":1.6207427966,"CRC3":0.9029430163,"CRC3b":0.9107012958,"folio_equal-weight_btc_eth_xrp":1.6614194972},"occ":{"Bitcoin":1.0,"CRC3":0.6430992421,"CRC3b":0.6334589563,"folio_equal-weight_btc_eth_xrp":0.9999999994},"VaR robust 0.02":{"Bitcoin":-0.1363999824,"CRC3":-0.1470416978,"CRC3b":-0.1492786122,"folio_equal-weight_btc_eth_xrp":-0.1503087792},"VaR sample 0.02":{"Bitcoin":-0.1363999824,"CRC3":-0.142031494,"CRC3b":-0.1426524761,"folio_equal-weight_btc_eth_xrp":-0.142652476}}