{"net perf\/dd":{"Bitcoin":2.9754113086,"CRC3":8.058460532,"CRC3b":8.6255170137,"folio_equal-weight_btc_eth_xrp":4.6838641081},"Sharpe":{"Bitcoin":1.6807546086,"CRC3":5.6400532002,"CRC3b":5.8065530437,"folio_equal-weight_btc_eth_xrp":2.5823509878},"perf":{"Bitcoin":2.7693439713,"CRC3":5.1544759468,"CRC3b":5.3510987849,"folio_equal-weight_btc_eth_xrp":4.3594748702},"net perf":{"Bitcoin":2.7693439713,"CRC3":5.1544759468,"CRC3b":5.3510987849,"folio_equal-weight_btc_eth_xrp":4.3594748702},"dd":{"Bitcoin":0.9307432432,"CRC3":0.6396353157,"CRC3b":0.6203800626,"folio_equal-weight_btc_eth_xrp":0.9307432431},"vol":{"Bitcoin":1.6476789396,"CRC3":0.9139055544,"CRC3b":0.9215620256,"folio_equal-weight_btc_eth_xrp":1.6881806117},"occ":{"Bitcoin":1.0,"CRC3":0.6369207395,"CRC3b":0.6271061061,"folio_equal-weight_btc_eth_xrp":0.9999999993},"VaR robust 0.02":{"Bitcoin":-0.1399582691,"CRC3":-0.1430605884,"CRC3b":-0.1515537912,"folio_equal-weight_btc_eth_xrp":-0.1538411463},"VaR sample 0.02":{"Bitcoin":-0.1399582691,"CRC3":-0.1400002571,"CRC3b":-0.146908561,"folio_equal-weight_btc_eth_xrp":-0.1453423695}}