{"net perf\/dd":{"Bitcoin":3.2501897739,"CRC3":9.225151139,"CRC3b":9.6191694612,"CRC4":7.8514606398,"folio_equal-weight_btc_eth_xrp":5.0063924802},"Sharpe":{"Bitcoin":1.8271136248,"CRC3":5.840540679,"CRC3b":6.0410824905,"CRC4":5.1746956142,"folio_equal-weight_btc_eth_xrp":2.7490229398},"perf":{"Bitcoin":3.0250921713,"CRC3":5.3552576117,"CRC3b":5.5839876983,"CRC4":5.04581554,"folio_equal-weight_btc_eth_xrp":4.659665974},"net perf":{"Bitcoin":3.0250921713,"CRC3":5.3552576117,"CRC3b":5.5839876983,"CRC4":5.04581554,"folio_equal-weight_btc_eth_xrp":4.659665974},"dd":{"Bitcoin":0.9307432432,"CRC3":0.5805062195,"CRC3b":0.5805062195,"CRC4":0.6426594708,"folio_equal-weight_btc_eth_xrp":0.9307432432},"vol":{"Bitcoin":1.6556672394,"CRC3":0.9169112769,"CRC3b":0.9243356149,"CRC4":0.9750941729,"folio_equal-weight_btc_eth_xrp":1.6950262242},"occ":{"Bitcoin":1.0,"CRC3":0.6398795947,"CRC3b":0.6301106112,"CRC4":0.6595473026,"folio_equal-weight_btc_eth_xrp":1.0},"VaR robust 0.02":{"Bitcoin":-0.1405061289,"CRC3":-0.0650899739,"CRC3b":-0.0609708564,"CRC4":-0.0675375616,"folio_equal-weight_btc_eth_xrp":-0.1541954914},"VaR sample 0.02":{"Bitcoin":-0.1405061289,"CRC3":-0.0621470376,"CRC3b":-0.0605348236,"CRC4":-0.0639646224,"folio_equal-weight_btc_eth_xrp":-0.1472730528}}