{"net perf\/dd":{"Bitcoin":3.2552247818,"CRC3":9.2349546311,"CRC3b":9.6367998377,"CRC4":7.8642508184,"folio_equal-weight_btc_eth_xrp":5.0173643896},"Sharpe":{"Bitcoin":1.8296541886,"CRC3":5.8458460407,"CRC3b":6.051258859,"CRC4":5.1823420342,"folio_equal-weight_btc_eth_xrp":2.7546314544},"perf":{"Bitcoin":3.0297784709,"CRC3":5.3609485998,"CRC3b":5.5942222416,"CRC4":5.0540352694,"folio_equal-weight_btc_eth_xrp":4.6698780045},"net perf":{"Bitcoin":3.0297784709,"CRC3":5.3609485998,"CRC3b":5.5942222416,"CRC4":5.0540352694,"folio_equal-weight_btc_eth_xrp":4.6698780045},"dd":{"Bitcoin":0.9307432432,"CRC3":0.5805062195,"CRC3b":0.5805062195,"CRC4":0.6426594708,"folio_equal-weight_btc_eth_xrp":0.9307432432},"vol":{"Bitcoin":1.6559295685,"CRC3":0.9170526494,"CRC3b":0.9244724729,"CRC4":0.9752415483,"folio_equal-weight_btc_eth_xrp":1.6952823206},"occ":{"Bitcoin":1.0,"CRC3":0.6399811664,"CRC3b":0.6302100572,"CRC4":0.6596609661,"folio_equal-weight_btc_eth_xrp":1.0},"VaR robust 0.02":{"Bitcoin":-0.1405747726,"CRC3":-0.0651550337,"CRC3b":-0.0672009291,"CRC4":-0.0672822962,"folio_equal-weight_btc_eth_xrp":-0.1542629433},"VaR sample 0.02":{"Bitcoin":-0.1405747726,"CRC3":-0.0622076436,"CRC3b":-0.066822965,"CRC4":-0.0643856307,"folio_equal-weight_btc_eth_xrp":-0.1473888847}}