{"net perf\/dd":{"Bitcoin":3.104880462,"CRC3":7.5856202231,"CRC3b":8.0855619831,"folio_equal-weight_btc_eth_xrp":4.5501746448},"Sharpe":{"Bitcoin":1.785085567,"CRC3":5.5054256741,"CRC3b":5.6748594836,"folio_equal-weight_btc_eth_xrp":2.5533204333},"perf":{"Bitcoin":2.889846511,"CRC3":4.9723786829,"CRC3b":5.1687914676,"folio_equal-weight_btc_eth_xrp":4.2350443055},"net perf":{"Bitcoin":2.889846511,"CRC3":4.9723786829,"CRC3b":5.1687914676,"folio_equal-weight_btc_eth_xrp":4.2350443055},"dd":{"Bitcoin":0.9307432432,"CRC3":0.6555006099,"CRC3b":0.6392618693,"folio_equal-weight_btc_eth_xrp":0.9307432431},"vol":{"Bitcoin":1.6188840269,"CRC3":0.9031778789,"CRC3b":0.9108228111,"folio_equal-weight_btc_eth_xrp":1.6586419199},"occ":{"Bitcoin":1.0,"CRC3":0.644805417,"CRC3b":0.6352112168,"folio_equal-weight_btc_eth_xrp":0.9999999994},"VaR robust 0.02":{"Bitcoin":-0.1357998813,"CRC3":-0.149650895,"CRC3b":-0.1509580464,"folio_equal-weight_btc_eth_xrp":-0.150458131},"VaR sample 0.02":{"Bitcoin":-0.1357998813,"CRC3":-0.1422222221,"CRC3b":-0.1422222221,"folio_equal-weight_btc_eth_xrp":-0.1422222221}}