{"net perf\/dd":{"Bitcoin":3.0521000214,"CRC3":7.5073402141,"CRC3b":8.0070739337,"folio_equal-weight_btc_eth_xrp":4.5127673616},"Sharpe":{"Bitcoin":1.7606698446,"CRC3":5.4553220725,"CRC3b":5.626777492,"folio_equal-weight_btc_eth_xrp":2.5402929726},"perf":{"Bitcoin":2.8407214726,"CRC3":4.9210660893,"CRC3b":5.1186170504,"folio_equal-weight_btc_eth_xrp":4.2002277295},"net perf":{"Bitcoin":2.8407214726,"CRC3":4.9210660893,"CRC3b":5.1186170504,"folio_equal-weight_btc_eth_xrp":4.2002277295},"dd":{"Bitcoin":0.9307432432,"CRC3":0.6555006099,"CRC3b":0.6392618693,"folio_equal-weight_btc_eth_xrp":0.9307432431},"vol":{"Bitcoin":1.6134322293,"CRC3":0.9020670134,"CRC3b":0.9096889041,"folio_equal-weight_btc_eth_xrp":1.6534422504},"occ":{"Bitcoin":1.0,"CRC3":0.6476809494,"CRC3b":0.6381140736,"folio_equal-weight_btc_eth_xrp":0.9999999994},"VaR robust 0.02":{"Bitcoin":-0.1357507123,"CRC3":-0.1494220555,"CRC3b":-0.1484606161,"folio_equal-weight_btc_eth_xrp":-0.1499997896},"VaR sample 0.02":{"Bitcoin":-0.1357507123,"CRC3":-0.1415205463,"CRC3b":-0.139156499,"folio_equal-weight_btc_eth_xrp":-0.1409179913}}