{"net perf\/dd":{"Bitcoin":3.0685644738,"CRC3":7.3255851248,"CRC3b":7.8007413225,"folio_equal-weight_btc_eth_xrp":4.3508208992},"Sharpe":{"Bitcoin":1.7783883525,"CRC3":5.3422744318,"CRC3b":5.5020644577,"folio_equal-weight_btc_eth_xrp":2.4631435882},"perf":{"Bitcoin":2.8560456504,"CRC3":4.8019255174,"CRC3b":4.9867164796,"folio_equal-weight_btc_eth_xrp":4.0494971538},"net perf":{"Bitcoin":2.8560456504,"CRC3":4.8019255174,"CRC3b":4.9867164796,"folio_equal-weight_btc_eth_xrp":4.0494971538},"dd":{"Bitcoin":0.9307432432,"CRC3":0.6555006099,"CRC3b":0.6392618693,"folio_equal-weight_btc_eth_xrp":0.9307432431},"vol":{"Bitcoin":1.6059741093,"CRC3":0.8988541451,"CRC3b":0.9063355251,"folio_equal-weight_btc_eth_xrp":1.6440361712},"occ":{"Bitcoin":1.0,"CRC3":0.6474153425,"CRC3b":0.6379899109,"folio_equal-weight_btc_eth_xrp":0.9999999994},"VaR sample 0.02":{"Bitcoin":-0.1362062977,"CRC3":-0.0368679344,"CRC3b":-0.0371977344,"folio_equal-weight_btc_eth_xrp":-0.1383120252},"VaR robust 0.02":{"Bitcoin":-0.1362161472,"CRC3":-0.0392178728,"CRC3b":-0.0398856704,"folio_equal-weight_btc_eth_xrp":-0.149264061}}