{"net perf\/dd":{"Bitcoin":3.0514041047,"CRC3":7.1870213719,"CRC3b":7.6524762157,"folio_equal-weight_btc_eth_xrp":4.2606674259},"Sharpe":{"Bitcoin":1.7729203449,"CRC3":5.2569630694,"CRC3b":5.4136570223,"folio_equal-weight_btc_eth_xrp":2.4186536943},"perf":{"Bitcoin":2.8400737529,"CRC3":4.7110968928,"CRC3b":4.8919362503,"folio_equal-weight_btc_eth_xrp":3.9655874177},"net perf":{"Bitcoin":2.8400737529,"CRC3":4.7110968928,"CRC3b":4.8919362503,"folio_equal-weight_btc_eth_xrp":3.9655874177},"dd":{"Bitcoin":0.9307432432,"CRC3":0.6555006099,"CRC3b":0.6392618693,"folio_equal-weight_btc_eth_xrp":0.9307432431},"vol":{"Bitcoin":1.6019184173,"CRC3":0.8961632088,"CRC3b":0.9036287726,"folio_equal-weight_btc_eth_xrp":1.6395846281},"occ":{"Bitcoin":1.0,"CRC3":0.6453315224,"CRC3b":0.6360510351,"folio_equal-weight_btc_eth_xrp":0.9999999994},"VaR sample 0.02":{"Bitcoin":-0.1360487061,"CRC3":-0.0451742731,"CRC3b":-0.0449651012,"folio_equal-weight_btc_eth_xrp":-0.1376254802},"VaR robust 0.02":{"Bitcoin":-0.1360585556,"CRC3":-0.0484770019,"CRC3b":-0.047223526,"folio_equal-weight_btc_eth_xrp":-0.149595479}}