{"net perf\/dd":{"Bitcoin":3.3795345141,"CRC3":9.496136749,"CRC3b":9.9224371235,"CRC4":8.1535549448,"folio_equal-weight_btc_eth_xrp":5.1620172793},"Sharpe":{"Bitcoin":1.8930030805,"CRC3":5.9951742242,"CRC3b":6.2136441798,"CRC4":5.3602323899,"folio_equal-weight_btc_eth_xrp":2.8247115628},"perf":{"Bitcoin":3.1454789143,"CRC3":5.5125664437,"CRC3b":5.7600364625,"CRC4":5.2399593062,"folio_equal-weight_btc_eth_xrp":4.8045127042},"net perf":{"Bitcoin":3.1454789143,"CRC3":5.5125664437,"CRC3b":5.7600364625,"CRC4":5.2399593062,"folio_equal-weight_btc_eth_xrp":4.8045127042},"dd":{"Bitcoin":0.9307432432,"CRC3":0.5805062195,"CRC3b":0.5805062195,"CRC4":0.6426594708,"folio_equal-weight_btc_eth_xrp":0.9307432432},"vol":{"Bitcoin":1.6616343347,"CRC3":0.9195006246,"CRC3b":0.9269981183,"CRC4":0.9775619647,"folio_equal-weight_btc_eth_xrp":1.700886125},"occ":{"Bitcoin":1.0,"CRC3":0.6397234111,"CRC3b":0.6298352747,"CRC4":0.6581905911,"folio_equal-weight_btc_eth_xrp":1.0},"VaR robust 0.02":{"Bitcoin":-0.1417417161,"CRC3":-0.1009335506,"CRC3b":-0.1004090978,"CRC4":-0.1345888075,"folio_equal-weight_btc_eth_xrp":-0.1537792371},"VaR sample 0.02":{"Bitcoin":-0.1417417161,"CRC3":-0.0965800915,"CRC3b":-0.0948918244,"CRC4":-0.1248782574,"folio_equal-weight_btc_eth_xrp":-0.1469625791}}