{"net perf\/dd":{"Bitcoin":2.9583416668,"CRC3":6.9898940747,"CRC3b":7.4181140478,"folio_equal-weight_btc_eth_xrp":4.1506018835},"Sharpe":{"Bitcoin":1.7264371586,"CRC3":5.1351648889,"CRC3b":5.2685303246,"folio_equal-weight_btc_eth_xrp":2.3664329297},"perf":{"Bitcoin":2.7534565175,"CRC3":4.5818798293,"CRC3b":4.7421174528,"folio_equal-weight_btc_eth_xrp":3.8631446579},"net perf":{"Bitcoin":2.7534565175,"CRC3":4.5818798293,"CRC3b":4.7421174528,"folio_equal-weight_btc_eth_xrp":3.8631446579},"dd":{"Bitcoin":0.9307432432,"CRC3":0.6555006099,"CRC3b":0.6392618693,"folio_equal-weight_btc_eth_xrp":0.9307432431},"vol":{"Bitcoin":1.5948779276,"CRC3":0.892255639,"CRC3b":0.9000835452,"folio_equal-weight_btc_eth_xrp":1.6324758709},"occ":{"Bitcoin":1.0,"CRC3":0.6429924618,"CRC3b":0.6338285987,"folio_equal-weight_btc_eth_xrp":0.9999999994},"VaR sample 0.02":{"Bitcoin":-0.1358320176,"CRC3":-0.0550770486,"CRC3b":-0.0537386628,"folio_equal-weight_btc_eth_xrp":-0.1380949683},"VaR robust 0.02":{"Bitcoin":-0.135841867,"CRC3":-0.0595123537,"CRC3b":-0.0580342736,"folio_equal-weight_btc_eth_xrp":-0.1503043785}}