{"net perf\/dd":{"Bitcoin":3.4309441821,"CRC3":9.8271558171,"CRC3b":10.1671535257,"CRC4":8.3469259898,"folio_equal-weight_btc_eth_xrp":5.2983460776},"Sharpe":{"Bitcoin":1.915707655,"CRC3":6.1922998018,"CRC3b":6.3512705034,"CRC4":5.474705439,"folio_equal-weight_btc_eth_xrp":2.8912365409},"perf":{"Bitcoin":3.1933281154,"CRC3":5.7047250715,"CRC3b":5.9020958559,"CRC4":5.3642310397,"folio_equal-weight_btc_eth_xrp":4.9313998121},"net perf":{"Bitcoin":3.1933281154,"CRC3":5.7047250715,"CRC3b":5.9020958559,"CRC4":5.3642310397,"folio_equal-weight_btc_eth_xrp":4.9313998121},"dd":{"Bitcoin":0.9307432432,"CRC3":0.5805062195,"CRC3b":0.5805062195,"CRC4":0.6426594708,"folio_equal-weight_btc_eth_xrp":0.9307432432},"vol":{"Bitcoin":1.6669182832,"CRC3":0.9212611233,"CRC3b":0.9292779851,"CRC4":0.9798209419,"folio_equal-weight_btc_eth_xrp":1.7056369281},"occ":{"Bitcoin":1.0,"CRC3":0.6396040782,"CRC3b":0.6299523249,"CRC4":0.6580024935,"folio_equal-weight_btc_eth_xrp":1.0},"VaR robust 0.02":{"Bitcoin":-0.1424960202,"CRC3":-0.1444006943,"CRC3b":-0.1105037783,"CRC4":-0.1229561442,"folio_equal-weight_btc_eth_xrp":-0.1543347226},"VaR sample 0.02":{"Bitcoin":-0.1424960202,"CRC3":-0.1391983707,"CRC3b":-0.1043698169,"CRC4":-0.1153336689,"folio_equal-weight_btc_eth_xrp":-0.1484161713}}