{"net perf\/dd":{"Bitcoin":2.9012593185,"CRC3":6.8115066725,"CRC3b":7.217661411,"folio_equal-weight_btc_eth_xrp":4.0857752415},"Sharpe":{"Bitcoin":1.6993648108,"CRC3":5.0244556881,"CRC3b":5.1475069624,"folio_equal-weight_btc_eth_xrp":2.3386714825},"perf":{"Bitcoin":2.7003275076,"CRC3":4.4649467784,"CRC3b":4.6139757255,"folio_equal-weight_btc_eth_xrp":3.8028076988},"net perf":{"Bitcoin":2.7003275076,"CRC3":4.4649467784,"CRC3b":4.6139757255,"folio_equal-weight_btc_eth_xrp":3.8028076988},"dd":{"Bitcoin":0.9307432432,"CRC3":0.6555006099,"CRC3b":0.6392618693,"folio_equal-weight_btc_eth_xrp":0.9307432431},"vol":{"Bitcoin":1.5890216689,"CRC3":0.888642881,"CRC3b":0.8963515269,"folio_equal-weight_btc_eth_xrp":1.6260546756},"occ":{"Bitcoin":1.0,"CRC3":0.640708014,"CRC3b":0.6310631637,"folio_equal-weight_btc_eth_xrp":0.9999999994},"VaR sample 0.02":{"Bitcoin":-0.1357481244,"CRC3":-0.1080651304,"CRC3b":-0.0994653968,"folio_equal-weight_btc_eth_xrp":-0.137886981},"VaR robust 0.02":{"Bitcoin":-0.1357507123,"CRC3":-0.1179945885,"CRC3b":-0.1071771272,"folio_equal-weight_btc_eth_xrp":-0.1494554437}}