{"net perf\/dd":{"Bitcoin":2.9419448919,"CRC3":7.8562653824,"CRC3b":8.4112192593,"folio_equal-weight_btc_eth_xrp":4.5828941657},"Sharpe":{"Bitcoin":1.6632871774,"CRC3":5.497359842,"CRC3b":5.6606651769,"folio_equal-weight_btc_eth_xrp":2.5286369551},"perf":{"Bitcoin":2.7381953301,"CRC3":5.0251447885,"CRC3b":5.2181527305,"folio_equal-weight_btc_eth_xrp":4.2654977786},"net perf":{"Bitcoin":2.7381953301,"CRC3":5.0251447885,"CRC3b":5.2181527305,"folio_equal-weight_btc_eth_xrp":4.2654977786},"dd":{"Bitcoin":0.9307432432,"CRC3":0.6396353157,"CRC3b":0.6203800626,"folio_equal-weight_btc_eth_xrp":0.9307432431},"vol":{"Bitcoin":1.6462552994,"CRC3":0.9141014838,"CRC3b":0.9218267761,"folio_equal-weight_btc_eth_xrp":1.686876311},"occ":{"Bitcoin":1.0,"CRC3":0.6375612254,"CRC3b":0.6277950938,"folio_equal-weight_btc_eth_xrp":0.9999999993},"VaR robust 0.02":{"Bitcoin":-0.1398158016,"CRC3":-0.0865303505,"CRC3b":-0.0873602948,"folio_equal-weight_btc_eth_xrp":-0.153134091},"VaR sample 0.02":{"Bitcoin":-0.1398158016,"CRC3":-0.0819620369,"CRC3b":-0.0832162798,"folio_equal-weight_btc_eth_xrp":-0.1452037447}}