{"net perf\/dd":{"Bitcoin":2.8684516141,"CRC3":7.3117165835,"CRC3b":7.8532043261,"folio_equal-weight_btc_eth_xrp":4.4058980505},"Sharpe":{"Bitcoin":1.6391172825,"CRC3":5.2938182072,"CRC3b":5.4974931228,"folio_equal-weight_btc_eth_xrp":2.4558853852},"perf":{"Bitcoin":2.6697919583,"CRC3":4.7928346801,"CRC3b":5.0202540774,"folio_equal-weight_btc_eth_xrp":4.1007598403},"net perf":{"Bitcoin":2.6697919583,"CRC3":4.7928346801,"CRC3b":5.0202540774,"folio_equal-weight_btc_eth_xrp":4.1007598403},"dd":{"Bitcoin":0.9307432432,"CRC3":0.6555006099,"CRC3b":0.6392618693,"folio_equal-weight_btc_eth_xrp":0.9307432431},"vol":{"Bitcoin":1.6287986143,"CRC3":0.9053644255,"CRC3b":0.9131896967,"folio_equal-weight_btc_eth_xrp":1.6697684123},"occ":{"Bitcoin":1.0,"CRC3":0.6390220524,"CRC3b":0.6292495627,"folio_equal-weight_btc_eth_xrp":0.9999999994},"VaR robust 0.02":{"Bitcoin":-0.137953517,"CRC3":-0.1510020609,"CRC3b":-0.155608124,"folio_equal-weight_btc_eth_xrp":-0.1518334023},"VaR sample 0.02":{"Bitcoin":-0.137953517,"CRC3":-0.1436694399,"CRC3b":-0.1452037447,"folio_equal-weight_btc_eth_xrp":-0.14366944}}