{"net perf\/dd":{"Bitcoin":2.8665046396,"CRC3":7.328581705,"CRC3b":7.8615536988,"folio_equal-weight_btc_eth_xrp":4.4154743423},"Sharpe":{"Bitcoin":1.6357006785,"CRC3":5.2988891113,"CRC3b":5.4963729433,"folio_equal-weight_btc_eth_xrp":2.4577847206},"perf":{"Bitcoin":2.6679798251,"CRC3":4.8038897775,"CRC3b":5.025591513,"folio_equal-weight_btc_eth_xrp":4.1096729092},"net perf":{"Bitcoin":2.6679798251,"CRC3":4.8038897775,"CRC3b":5.025591513,"folio_equal-weight_btc_eth_xrp":4.1096729092},"dd":{"Bitcoin":0.9307432432,"CRC3":0.6555006099,"CRC3b":0.6392618693,"folio_equal-weight_btc_eth_xrp":0.9307432431},"vol":{"Bitcoin":1.6310929378,"CRC3":0.9065843192,"CRC3b":0.9143468911,"folio_equal-weight_btc_eth_xrp":1.6721045072},"occ":{"Bitcoin":1.0,"CRC3":0.6379671202,"CRC3b":0.6280996942,"folio_equal-weight_btc_eth_xrp":0.9999999994},"VaR robust 0.02":{"Bitcoin":-0.1383717763,"CRC3":-0.1392840317,"CRC3b":-0.1567434948,"folio_equal-weight_btc_eth_xrp":-0.1518795296},"VaR sample 0.02":{"Bitcoin":-0.1383717763,"CRC3":-0.1321406274,"CRC3b":-0.1453978193,"folio_equal-weight_btc_eth_xrp":-0.1439432379}}