{"net perf\/dd":{"Bitcoin":2.9643919787,"CRC3":8.0605203183,"CRC3b":8.6584320194,"folio_equal-weight_btc_eth_xrp":4.5653744611},"Sharpe":{"Bitcoin":1.6701165517,"CRC3":5.6075219653,"CRC3b":5.7826020177,"folio_equal-weight_btc_eth_xrp":2.5128376221},"perf":{"Bitcoin":2.7590878045,"CRC3":5.1244682061,"CRC3b":5.3275921502,"folio_equal-weight_btc_eth_xrp":4.2491914318},"net perf":{"Bitcoin":2.7590878045,"CRC3":5.1244682061,"CRC3b":5.3275921502,"folio_equal-weight_btc_eth_xrp":4.2491914318},"dd":{"Bitcoin":0.9307432432,"CRC3":0.6357490588,"CRC3b":0.6153068059,"folio_equal-weight_btc_eth_xrp":0.9307432431},"vol":{"Bitcoin":1.6520330882,"CRC3":0.9138561093,"CRC3b":0.9213139922,"folio_equal-weight_btc_eth_xrp":1.6909932398},"occ":{"Bitcoin":1.0,"CRC3":0.6371137841,"CRC3b":0.6270976999,"folio_equal-weight_btc_eth_xrp":0.9999999993},"VaR robust 0.02":{"Bitcoin":-0.1405359124,"CRC3":-0.0305052208,"CRC3b":-0.0278529179,"folio_equal-weight_btc_eth_xrp":-0.1534188742},"VaR sample 0.02":{"Bitcoin":-0.1405359124,"CRC3":-0.0291319003,"CRC3b":-0.0264581384,"folio_equal-weight_btc_eth_xrp":-0.1459816251}}