{"net perf\/dd":{"Bitcoin":2.9496426723,"CRC3":7.3984137543,"CRC3b":7.9310843225,"folio_equal-weight_btc_eth_xrp":4.453843467},"Sharpe":{"Bitcoin":1.691442041,"CRC3":5.3651199686,"CRC3b":5.5612272591,"folio_equal-weight_btc_eth_xrp":2.4915825999},"perf":{"Bitcoin":2.7453599872,"CRC3":4.8496647284,"CRC3b":5.0700397895,"folio_equal-weight_btc_eth_xrp":4.1453847127},"net perf":{"Bitcoin":2.7453599872,"CRC3":4.8496647284,"CRC3b":5.0700397895,"folio_equal-weight_btc_eth_xrp":4.1453847127},"dd":{"Bitcoin":0.9307432432,"CRC3":0.6555006099,"CRC3b":0.6392618693,"folio_equal-weight_btc_eth_xrp":0.9307432431},"vol":{"Bitcoin":1.6230884184,"CRC3":0.9039247504,"CRC3b":0.9116764256,"folio_equal-weight_btc_eth_xrp":1.663755684},"occ":{"Bitcoin":1.0,"CRC3":0.6421616745,"CRC3b":0.6324960639,"folio_equal-weight_btc_eth_xrp":0.9999999994},"VaR robust 0.02":{"Bitcoin":-0.1367584904,"CRC3":-0.1494553131,"CRC3b":-0.1525903459,"folio_equal-weight_btc_eth_xrp":-0.1511091389},"VaR sample 0.02":{"Bitcoin":-0.1367584904,"CRC3":-0.1430069682,"CRC3b":-0.1442251262,"folio_equal-weight_btc_eth_xrp":-0.14288716}}