{"net perf\/dd":{"Bitcoin":3.0710240928,"CRC3":7.219092328,"CRC3b":7.6878719902,"folio_equal-weight_btc_eth_xrp":4.2873048301},"Sharpe":{"Bitcoin":1.78350734,"CRC3":5.2775903225,"CRC3b":5.4357966144,"folio_equal-weight_btc_eth_xrp":2.4325711239},"perf":{"Bitcoin":2.8583349242,"CRC3":4.7321194241,"CRC3b":4.9145634193,"folio_equal-weight_btc_eth_xrp":3.9903800017},"net perf":{"Bitcoin":2.8583349242,"CRC3":4.7321194241,"CRC3b":4.9145634193,"folio_equal-weight_btc_eth_xrp":3.9903800017},"dd":{"Bitcoin":0.9307432432,"CRC3":0.6555006099,"CRC3b":0.6392618693,"folio_equal-weight_btc_eth_xrp":0.9307432431},"vol":{"Bitcoin":1.6026482538,"CRC3":0.8966439483,"CRC3b":0.9041109828,"folio_equal-weight_btc_eth_xrp":1.6403960248},"occ":{"Bitcoin":1.0,"CRC3":0.6458923474,"CRC3b":0.636601677,"folio_equal-weight_btc_eth_xrp":0.9999999994},"VaR sample 0.02":{"Bitcoin":-0.136088104,"CRC3":-0.0512225724,"CRC3b":-0.051509094,"folio_equal-weight_btc_eth_xrp":-0.1378611159},"VaR robust 0.02":{"Bitcoin":-0.1360979535,"CRC3":-0.0551646175,"CRC3b":-0.0542040976,"folio_equal-weight_btc_eth_xrp":-0.1496399921}}