{"net perf\/dd":{"Bitcoin":2.8853562742,"CRC3":7.4283536767,"CRC3b":7.9059744868,"folio_equal-weight_btc_eth_xrp":4.462744355},"Sharpe":{"Bitcoin":1.643170066,"CRC3":5.3620030641,"CRC3b":5.5186092163,"folio_equal-weight_btc_eth_xrp":2.4793305976},"perf":{"Bitcoin":2.6855258565,"CRC3":4.8692903658,"CRC3b":5.053988029,"folio_equal-weight_btc_eth_xrp":4.1536691541},"net perf":{"Bitcoin":2.6855258565,"CRC3":4.8692903658,"CRC3b":5.053988029,"folio_equal-weight_btc_eth_xrp":4.1536691541},"dd":{"Bitcoin":0.9307432432,"CRC3":0.6555006099,"CRC3b":0.6392618693,"folio_equal-weight_btc_eth_xrp":0.9307432431},"vol":{"Bitcoin":1.6343566086,"CRC3":0.9081103288,"CRC3b":0.9158082827,"folio_equal-weight_btc_eth_xrp":1.675318797},"occ":{"Bitcoin":1.0,"CRC3":0.636905081,"CRC3b":0.6268808799,"folio_equal-weight_btc_eth_xrp":0.9999999994},"VaR robust 0.02":{"Bitcoin":-0.1388470226,"CRC3":-0.1393733781,"CRC3b":-0.1458043056,"folio_equal-weight_btc_eth_xrp":-0.1523949046},"VaR sample 0.02":{"Bitcoin":-0.1388470226,"CRC3":-0.1320987582,"CRC3b":-0.1355100661,"folio_equal-weight_btc_eth_xrp":-0.1442610967}}