{"net perf\/dd":{"Bitcoin":2.9140938914,"CRC3":7.7818866452,"CRC3b":8.3344853699,"folio_equal-weight_btc_eth_xrp":4.528798263},"Sharpe":{"Bitcoin":1.6501291969,"CRC3":5.4535730935,"CRC3b":5.6175341254,"folio_equal-weight_btc_eth_xrp":2.5026450197},"perf":{"Bitcoin":2.7122731996,"CRC3":4.9775695214,"CRC3b":5.1705485555,"folio_equal-weight_btc_eth_xrp":4.2151483826},"net perf":{"Bitcoin":2.7122731996,"CRC3":4.9775695214,"CRC3b":5.1705485555,"folio_equal-weight_btc_eth_xrp":4.2151483826},"dd":{"Bitcoin":0.9307432432,"CRC3":0.6396353157,"CRC3b":0.6203800626,"folio_equal-weight_btc_eth_xrp":0.9307432431},"vol":{"Bitcoin":1.6436732376,"CRC3":0.9127171189,"CRC3b":0.9204302885,"folio_equal-weight_btc_eth_xrp":1.6842773743},"occ":{"Bitcoin":1.0,"CRC3":0.6373542398,"CRC3b":0.6275802127,"folio_equal-weight_btc_eth_xrp":0.9999999993},"VaR robust 0.02":{"Bitcoin":-0.1396448406,"CRC3":-0.0788990636,"CRC3b":-0.0745137328,"folio_equal-weight_btc_eth_xrp":-0.1531805677},"VaR sample 0.02":{"Bitcoin":-0.1396448406,"CRC3":-0.074641963,"CRC3b":-0.0711311876,"folio_equal-weight_btc_eth_xrp":-0.1450373951}}