{"net perf\/dd":{"Bitcoin":2.8528117332,"CRC3":6.8208174448,"CRC3b":7.2244586733,"folio_equal-weight_btc_eth_xrp":4.0623567034},"Sharpe":{"Bitcoin":1.6708561406,"CRC3":5.0277877652,"CRC3b":5.1484418848,"folio_equal-weight_btc_eth_xrp":2.324068946},"perf":{"Bitcoin":2.6552352449,"CRC3":4.4710499953,"CRC3b":4.6183209561,"folio_equal-weight_btc_eth_xrp":3.7810110528},"net perf":{"Bitcoin":2.6552352449,"CRC3":4.4710499953,"CRC3b":4.6183209561,"folio_equal-weight_btc_eth_xrp":3.7810110528},"dd":{"Bitcoin":0.9307432432,"CRC3":0.6555006099,"CRC3b":0.6392618693,"folio_equal-weight_btc_eth_xrp":0.9307432431},"vol":{"Bitcoin":1.5891465342,"CRC3":0.8892678458,"CRC3b":0.8970327449,"folio_equal-weight_btc_eth_xrp":1.6268928076},"occ":{"Bitcoin":1.0,"CRC3":0.6409828805,"CRC3b":0.631473422,"folio_equal-weight_btc_eth_xrp":0.9999999994},"VaR sample 0.02":{"Bitcoin":-0.1357584758,"CRC3":-0.0734309297,"CRC3b":-0.0591392223,"folio_equal-weight_btc_eth_xrp":-0.1369970975},"VaR robust 0.02":{"Bitcoin":-0.1357610636,"CRC3":-0.0781160099,"CRC3b":-0.0639350887,"folio_equal-weight_btc_eth_xrp":-0.1494794216}}