{"net perf\/dd":{"Bitcoin":3.3527022239,"CRC3":9.4162779504,"CRC3b":9.8384645047,"CRC4":8.0946129479,"folio_equal-weight_btc_eth_xrp":5.126469257},"Sharpe":{"Bitcoin":1.881645079,"CRC3":5.9560850183,"CRC3b":6.1726264806,"CRC4":5.3316094858,"folio_equal-weight_btc_eth_xrp":2.8107034045},"perf":{"Bitcoin":3.1205049415,"CRC3":5.4662079144,"CRC3b":5.711289835,"CRC4":5.2020796736,"folio_equal-weight_btc_eth_xrp":4.7714266226},"net perf":{"Bitcoin":3.1205049415,"CRC3":5.4662079144,"CRC3b":5.711289835,"CRC4":5.2020796736,"folio_equal-weight_btc_eth_xrp":4.7714266226},"dd":{"Bitcoin":0.9307432432,"CRC3":0.5805062195,"CRC3b":0.5805062195,"CRC4":0.6426594708,"folio_equal-weight_btc_eth_xrp":0.9307432432},"vol":{"Bitcoin":1.6583918914,"CRC3":0.9177518282,"CRC3b":0.9252608842,"CRC4":0.9757053077,"folio_equal-weight_btc_eth_xrp":1.6975916474},"occ":{"Bitcoin":1.0,"CRC3":0.6395312807,"CRC3b":0.6296451205,"CRC4":0.6586416228,"folio_equal-weight_btc_eth_xrp":1.0},"VaR robust 0.02":{"Bitcoin":-0.1411925662,"CRC3":-0.1101259455,"CRC3b":-0.1142282295,"CRC4":-0.1581310802,"folio_equal-weight_btc_eth_xrp":-0.1543215621},"VaR sample 0.02":{"Bitcoin":-0.1411925662,"CRC3":-0.1052688697,"CRC3b":-0.1072052785,"CRC4":-0.1462557492,"folio_equal-weight_btc_eth_xrp":-0.1479582583}}