{"net perf\/dd":{"Bitcoin":3.0573199801,"CRC3":7.5262518915,"CRC3b":8.0278416251,"folio_equal-weight_btc_eth_xrp":4.5230677302},"Sharpe":{"Bitcoin":1.764462875,"CRC3":5.4712820434,"CRC3b":5.6436331845,"folio_equal-weight_btc_eth_xrp":2.547237568},"perf":{"Bitcoin":2.8455799139,"CRC3":4.9334627054,"CRC3b":5.1318930436,"folio_equal-weight_btc_eth_xrp":4.2098147279},"net perf":{"Bitcoin":2.8455799139,"CRC3":4.9334627054,"CRC3b":5.1318930436,"folio_equal-weight_btc_eth_xrp":4.2098147279},"dd":{"Bitcoin":0.9307432432,"CRC3":0.6555006099,"CRC3b":0.6392618693,"folio_equal-weight_btc_eth_xrp":0.9307432431},"vol":{"Bitcoin":1.6127173625,"CRC3":0.9017014049,"CRC3b":0.9093243441,"folio_equal-weight_btc_eth_xrp":1.6526981153},"occ":{"Bitcoin":1.0,"CRC3":0.648135946,"CRC3b":0.6385353767,"folio_equal-weight_btc_eth_xrp":0.9999999994},"VaR robust 0.02":{"Bitcoin":-0.1357429487,"CRC3":-0.1500429014,"CRC3b":-0.1521705425,"folio_equal-weight_btc_eth_xrp":-0.1500608516},"VaR sample 0.02":{"Bitcoin":-0.1357429487,"CRC3":-0.1423765272,"CRC3b":-0.1419982329,"folio_equal-weight_btc_eth_xrp":-0.1407120601}}