{"net perf\/dd":{"Bitcoin":2.8626413685,"CRC3":7.4384343005,"CRC3b":7.9152391329,"folio_equal-weight_btc_eth_xrp":4.4147183759},"Sharpe":{"Bitcoin":1.6250093019,"CRC3":5.3656583101,"CRC3b":5.5231710315,"folio_equal-weight_btc_eth_xrp":2.4452538022},"perf":{"Bitcoin":2.6643841116,"CRC3":4.8859066909,"CRC3b":5.0718183278,"folio_equal-weight_btc_eth_xrp":4.1089692986},"net perf":{"Bitcoin":2.6643841116,"CRC3":4.8859066909,"CRC3b":5.0718183278,"folio_equal-weight_btc_eth_xrp":4.1089692986},"dd":{"Bitcoin":0.9307432432,"CRC3":0.6568461175,"CRC3b":0.6407662792,"folio_equal-weight_btc_eth_xrp":0.9307432431},"vol":{"Bitcoin":1.6396116062,"CRC3":0.9105884886,"CRC3b":0.9182801508,"folio_equal-weight_btc_eth_xrp":1.6803856086},"occ":{"Bitcoin":1.0,"CRC3":0.6362546103,"CRC3b":0.6262820667,"folio_equal-weight_btc_eth_xrp":0.9999999993},"VaR robust 0.02":{"Bitcoin":-0.1393029186,"CRC3":-0.0498170221,"CRC3b":-0.0444708708,"folio_equal-weight_btc_eth_xrp":-0.1525642822},"VaR sample 0.02":{"Bitcoin":-0.1393029186,"CRC3":-0.0472508895,"CRC3b":-0.0419809165,"folio_equal-weight_btc_eth_xrp":-0.1447046958}}