{"net perf\/dd":{"Bitcoin":3.0516986574,"CRC3":7.5306136181,"CRC3b":8.031290528,"folio_equal-weight_btc_eth_xrp":4.526975509},"Sharpe":{"Bitcoin":1.7590934636,"CRC3":5.4683705656,"CRC3b":5.6396814914,"folio_equal-weight_btc_eth_xrp":2.5464037748},"perf":{"Bitcoin":2.8403479058,"CRC3":4.9363218198,"CRC3b":5.1340977957,"folio_equal-weight_btc_eth_xrp":4.2134518667},"net perf":{"Bitcoin":2.8403479058,"CRC3":4.9363218198,"CRC3b":5.1340977957,"folio_equal-weight_btc_eth_xrp":4.2134518667},"dd":{"Bitcoin":0.9307432432,"CRC3":0.6555006099,"CRC3b":0.6392618693,"folio_equal-weight_btc_eth_xrp":0.9307432431},"vol":{"Bitcoin":1.6146657154,"CRC3":0.9027043359,"CRC3b":0.9103524381,"folio_equal-weight_btc_eth_xrp":1.6546676173},"occ":{"Bitcoin":1.0,"CRC3":0.6472247745,"CRC3b":0.6376731486,"folio_equal-weight_btc_eth_xrp":0.9999999994},"VaR robust 0.02":{"Bitcoin":-0.1357584758,"CRC3":-0.1498972738,"CRC3b":-0.1469301259,"folio_equal-weight_btc_eth_xrp":-0.1510681572},"VaR sample 0.02":{"Bitcoin":-0.1357584758,"CRC3":-0.141904733,"CRC3b":-0.1372526932,"folio_equal-weight_btc_eth_xrp":-0.1411239225}}