{"net perf\/dd":{"Bitcoin":2.8722038883,"CRC3":7.3348160425,"CRC3b":7.8765615737,"folio_equal-weight_btc_eth_xrp":4.4197751316},"Sharpe":{"Bitcoin":1.6402473085,"CRC3":5.3075701544,"CRC3b":5.511364739,"folio_equal-weight_btc_eth_xrp":2.4621233022},"perf":{"Bitcoin":2.6732843622,"CRC3":4.8079763896,"CRC3b":5.0351854752,"folio_equal-weight_btc_eth_xrp":4.1136758397},"net perf":{"Bitcoin":2.6732843622,"CRC3":4.8079763896,"CRC3b":5.0351854752,"folio_equal-weight_btc_eth_xrp":4.1136758397},"dd":{"Bitcoin":0.9307432432,"CRC3":0.6555006099,"CRC3b":0.6392618693,"folio_equal-weight_btc_eth_xrp":0.9307432431},"vol":{"Bitcoin":1.6298056692,"CRC3":0.9058714722,"CRC3b":0.9136004808,"folio_equal-weight_btc_eth_xrp":1.6707838459},"occ":{"Bitcoin":1.0,"CRC3":0.6383831534,"CRC3b":0.6285933672,"folio_equal-weight_btc_eth_xrp":0.9999999994},"VaR robust 0.02":{"Bitcoin":-0.1381925223,"CRC3":-0.1514281673,"CRC3b":-0.1562677192,"folio_equal-weight_btc_eth_xrp":-0.1520788263},"VaR sample 0.02":{"Bitcoin":-0.1381925223,"CRC3":-0.1438744151,"CRC3b":-0.1453146445,"folio_equal-weight_btc_eth_xrp":-0.1438258959}}