{"net perf\/dd":{"Bitcoin":2.9614554448,"CRC3":7.4699867148,"CRC3b":8.0229803841,"folio_equal-weight_btc_eth_xrp":4.4994632603},"Sharpe":{"Bitcoin":1.6957506792,"CRC3":5.4113486464,"CRC3b":5.6201007204,"folio_equal-weight_btc_eth_xrp":2.5135640636},"perf":{"Bitcoin":2.7563546454,"CRC3":4.8965808477,"CRC3b":5.1287854376,"folio_equal-weight_btc_eth_xrp":4.1878450271},"net perf":{"Bitcoin":2.7563546454,"CRC3":4.8965808477,"CRC3b":5.1287854376,"folio_equal-weight_btc_eth_xrp":4.1878450271},"dd":{"Bitcoin":0.9307432432,"CRC3":0.6555006099,"CRC3b":0.6392618693,"folio_equal-weight_btc_eth_xrp":0.9307432431},"vol":{"Bitcoin":1.6254480562,"CRC3":0.9048725498,"CRC3b":0.9125789186,"folio_equal-weight_btc_eth_xrp":1.666098385},"occ":{"Bitcoin":1.0,"CRC3":0.6409038948,"CRC3b":0.6312043102,"folio_equal-weight_btc_eth_xrp":0.9999999994},"VaR robust 0.02":{"Bitcoin":-0.137236501,"CRC3":-0.150682119,"CRC3b":-0.1547648174,"folio_equal-weight_btc_eth_xrp":-0.1511580375},"VaR sample 0.02":{"Bitcoin":-0.137236501,"CRC3":-0.1436597915,"CRC3b":-0.1448710454,"folio_equal-weight_btc_eth_xrp":-0.143200072}}