{"net perf\/dd":{"Bitcoin":3.1138738319,"CRC3":7.5993558777,"CRC3b":8.0920197863,"folio_equal-weight_btc_eth_xrp":4.5684086797},"Sharpe":{"Bitcoin":1.7979745305,"CRC3":5.5264145242,"CRC3b":5.6911262278,"folio_equal-weight_btc_eth_xrp":2.5741728394},"perf":{"Bitcoin":2.8982170294,"CRC3":4.9813824129,"CRC3b":5.1729196949,"folio_equal-weight_btc_eth_xrp":4.2520155103},"net perf":{"Bitcoin":2.8982170294,"CRC3":4.9813824129,"CRC3b":5.1729196949,"folio_equal-weight_btc_eth_xrp":4.2520155103},"dd":{"Bitcoin":0.9307432432,"CRC3":0.6555006099,"CRC3b":0.6392618693,"folio_equal-weight_btc_eth_xrp":0.9307432431},"vol":{"Bitcoin":1.6119344185,"CRC3":0.9013769038,"CRC3b":0.9089448183,"folio_equal-weight_btc_eth_xrp":1.6517987624},"occ":{"Bitcoin":1.0,"CRC3":0.6484386247,"CRC3b":0.6388463141,"folio_equal-weight_btc_eth_xrp":0.9999999994},"VaR robust 0.02":{"Bitcoin":-0.135737773,"CRC3":-0.1482341441,"CRC3b":-0.1499981045,"folio_equal-weight_btc_eth_xrp":-0.1496642654},"VaR sample 0.02":{"Bitcoin":-0.135737773,"CRC3":-0.1408985509,"CRC3b":-0.1410223863,"folio_equal-weight_btc_eth_xrp":-0.1405747727}}