{"net perf\/dd":{"Bitcoin":3.003797794,"CRC3":8.0049815216,"CRC3b":8.5739933267,"folio_equal-weight_btc_eth_xrp":4.6475300929},"Sharpe":{"Bitcoin":1.6937115015,"CRC3":5.609091412,"CRC3b":5.7797660687,"folio_equal-weight_btc_eth_xrp":2.5598453437},"perf":{"Bitcoin":2.7957645009,"CRC3":5.1202688831,"CRC3b":5.3191345167,"folio_equal-weight_btc_eth_xrp":4.3256572311},"net perf":{"Bitcoin":2.7957645009,"CRC3":5.1202688831,"CRC3b":5.3191345167,"folio_equal-weight_btc_eth_xrp":4.3256572311},"dd":{"Bitcoin":0.9307432432,"CRC3":0.6396353157,"CRC3b":0.6203800626,"folio_equal-weight_btc_eth_xrp":0.9307432431},"vol":{"Bitcoin":1.6506733871,"CRC3":0.912851745,"CRC3b":0.9203027343,"folio_equal-weight_btc_eth_xrp":1.6898119419},"occ":{"Bitcoin":1.0,"CRC3":0.636162867,"CRC3b":0.6261525355,"folio_equal-weight_btc_eth_xrp":0.9999999993},"VaR robust 0.02":{"Bitcoin":-0.1403351613,"CRC3":-0.1019596417,"CRC3b":-0.1061869192,"folio_equal-weight_btc_eth_xrp":-0.153598299},"VaR sample 0.02":{"Bitcoin":-0.1403351613,"CRC3":-0.097270603,"CRC3b":-0.1001883805,"folio_equal-weight_btc_eth_xrp":-0.1457869422}}