{"net perf\/dd":{"Bitcoin":3.3744692337,"CRC3":9.4786903741,"CRC3b":9.8985807252,"CRC4":8.1175421351,"folio_equal-weight_btc_eth_xrp":5.152964864},"Sharpe":{"Bitcoin":1.890783442,"CRC3":5.9860507491,"CRC3b":6.2006250041,"CRC4":5.3381192298,"folio_equal-weight_btc_eth_xrp":2.8206733994},"perf":{"Bitcoin":3.1407644388,"CRC3":5.5024387146,"CRC3b":5.7461876749,"CRC4":5.216815333,"folio_equal-weight_btc_eth_xrp":4.7960872298},"net perf":{"Bitcoin":3.1407644388,"CRC3":5.5024387146,"CRC3b":5.7461876749,"CRC4":5.216815333,"folio_equal-weight_btc_eth_xrp":4.7960872298},"dd":{"Bitcoin":0.9307432432,"CRC3":0.5805062195,"CRC3b":0.5805062195,"CRC4":0.6426594708,"folio_equal-weight_btc_eth_xrp":0.9307432432},"vol":{"Bitcoin":1.6610915714,"CRC3":0.919210168,"CRC3b":0.9267110446,"CRC4":0.9772759109,"folio_equal-weight_btc_eth_xrp":1.7003341227},"occ":{"Bitcoin":1.0,"CRC3":0.639708281,"CRC3b":0.6298299639,"CRC4":0.6583293078,"folio_equal-weight_btc_eth_xrp":1.0},"VaR robust 0.02":{"Bitcoin":-0.1416044286,"CRC3":-0.0943884065,"CRC3b":-0.0985975841,"CRC4":-0.1238302526,"folio_equal-weight_btc_eth_xrp":-0.1537173279},"VaR sample 0.02":{"Bitcoin":-0.1416044286,"CRC3":-0.0901673121,"CRC3b":-0.093283163,"CRC4":-0.1152208887,"folio_equal-weight_btc_eth_xrp":-0.1469230079}}