{"net perf\/dd":{"Bitcoin":3.5560269308,"CRC3":10.1064796982,"CRC3b":10.5546231335,"CRC4":8.7466578883,"folio_equal-weight_btc_eth_xrp":5.3823084683},"Sharpe":{"Bitcoin":1.9745354894,"CRC3":6.3523030637,"CRC3b":6.5610192433,"CRC4":5.7113872852,"folio_equal-weight_btc_eth_xrp":2.9257691754},"perf":{"Bitcoin":3.3097480387,"CRC3":5.8668743217,"CRC3b":6.1270243731,"CRC4":5.62112253,"folio_equal-weight_btc_eth_xrp":5.0095472399},"net perf":{"Bitcoin":3.3097480387,"CRC3":5.8668743217,"CRC3b":6.1270243731,"CRC4":5.62112253,"folio_equal-weight_btc_eth_xrp":5.0095472399},"dd":{"Bitcoin":0.9307432432,"CRC3":0.5805062195,"CRC3b":0.5805062195,"CRC4":0.6426594708,"folio_equal-weight_btc_eth_xrp":0.9307432432},"vol":{"Bitcoin":1.6762160298,"CRC3":0.9235822446,"CRC3b":0.9338525229,"CRC4":0.9841956515,"folio_equal-weight_btc_eth_xrp":1.7122154687},"occ":{"Bitcoin":1.0,"CRC3":0.6400658735,"CRC3b":0.631429071,"CRC4":0.6590086066,"folio_equal-weight_btc_eth_xrp":1.0},"VaR robust 0.02":{"Bitcoin":-0.1435129839,"CRC3":-0.1018943302,"CRC3b":-0.0924733665,"CRC4":-0.1176605575,"folio_equal-weight_btc_eth_xrp":-0.1537976438},"VaR sample 0.02":{"Bitcoin":-0.1435129839,"CRC3":-0.0966170847,"CRC3b":-0.0888391471,"CRC4":-0.1112866366,"folio_equal-weight_btc_eth_xrp":-0.1460941997}}