{"net perf\/dd":{"Bitcoin":3.4757232886,"CRC3":9.8780845084,"CRC3b":10.3505089703,"CRC4":8.5240775067,"folio_equal-weight_btc_eth_xrp":5.1966547438},"Sharpe":{"Bitcoin":1.9323031583,"CRC3":6.2130892213,"CRC3b":6.4402607095,"CRC4":5.5691746277,"folio_equal-weight_btc_eth_xrp":2.827392206},"perf":{"Bitcoin":3.2350059663,"CRC3":5.7342894935,"CRC3b":6.0085348319,"CRC4":5.4780791397,"folio_equal-weight_btc_eth_xrp":4.8367512903},"net perf":{"Bitcoin":3.2350059663,"CRC3":5.7342894935,"CRC3b":6.0085348319,"CRC4":5.4780791397,"folio_equal-weight_btc_eth_xrp":4.8367512903},"dd":{"Bitcoin":0.9307432432,"CRC3":0.5805062195,"CRC3b":0.5805062195,"CRC4":0.6426594708,"folio_equal-weight_btc_eth_xrp":0.9307432432},"vol":{"Bitcoin":1.6741710287,"CRC3":0.9229369303,"CRC3b":0.932964534,"CRC4":0.9836429105,"folio_equal-weight_btc_eth_xrp":1.7106757527},"occ":{"Bitcoin":1.0,"CRC3":0.6397586645,"CRC3b":0.6309491624,"CRC4":0.6588347066,"folio_equal-weight_btc_eth_xrp":1.0},"VaR robust 0.02":{"Bitcoin":-0.143239186,"CRC3":-0.0431314917,"CRC3b":-0.0397941044,"CRC4":-0.0420518484,"folio_equal-weight_btc_eth_xrp":-0.154649806},"VaR sample 0.02":{"Bitcoin":-0.143239186,"CRC3":-0.0413667371,"CRC3b":-0.0383636216,"CRC4":-0.0402339089,"folio_equal-weight_btc_eth_xrp":-0.1474045311}}