{"net perf\/dd":{"Bitcoin":3.127401215,"CRC3":7.2990092155,"CRC3b":7.7735165431,"folio_equal-weight_btc_eth_xrp":4.3484074197},"Sharpe":{"Bitcoin":1.8140218446,"CRC3":5.3288311245,"CRC3b":5.4889318104,"folio_equal-weight_btc_eth_xrp":2.4643473149},"perf":{"Bitcoin":2.9108075498,"CRC3":4.7845049926,"CRC3b":4.9693127163,"folio_equal-weight_btc_eth_xrp":4.0472508241},"net perf":{"Bitcoin":2.9108075498,"CRC3":4.7845049926,"CRC3b":4.9693127163,"folio_equal-weight_btc_eth_xrp":4.0472508241},"dd":{"Bitcoin":0.9307432432,"CRC3":0.6555006099,"CRC3b":0.6392618693,"folio_equal-weight_btc_eth_xrp":0.9307432431},"vol":{"Bitcoin":1.6046154893,"CRC3":0.8978526211,"CRC3b":0.905333294,"folio_equal-weight_btc_eth_xrp":1.6423215996},"occ":{"Bitcoin":1.0,"CRC3":0.6467488632,"CRC3b":0.6373791404,"folio_equal-weight_btc_eth_xrp":0.9999999994},"VaR sample 0.02":{"Bitcoin":-0.1361472009,"CRC3":-0.0522695335,"CRC3b":-0.0545500464,"folio_equal-weight_btc_eth_xrp":-0.1380760768},"VaR robust 0.02":{"Bitcoin":-0.1361570503,"CRC3":-0.0554428384,"CRC3b":-0.0567757726,"folio_equal-weight_btc_eth_xrp":-0.1494883692}}