{"net perf\/dd":{"Bitcoin":2.8844303599,"CRC3":7.4669499451,"CRC3b":7.9478102652,"folio_equal-weight_btc_eth_xrp":4.4580869437},"Sharpe":{"Bitcoin":1.6385033347,"CRC3":5.3791672117,"CRC3b":5.5370007239,"folio_equal-weight_btc_eth_xrp":2.4708741699},"perf":{"Bitcoin":2.6846640681,"CRC3":4.8945902433,"CRC3b":5.0807320469,"folio_equal-weight_btc_eth_xrp":4.1493343},"net perf":{"Bitcoin":2.6846640681,"CRC3":4.8945902433,"CRC3b":5.0807320469,"folio_equal-weight_btc_eth_xrp":4.1493343},"dd":{"Bitcoin":0.9307432432,"CRC3":0.6555006099,"CRC3b":0.6392618693,"folio_equal-weight_btc_eth_xrp":0.9307432431},"vol":{"Bitcoin":1.6384855687,"CRC3":0.9099159871,"CRC3b":0.9175964209,"folio_equal-weight_btc_eth_xrp":1.6792981005},"occ":{"Bitcoin":1.0,"CRC3":0.6358967467,"CRC3b":0.6258877878,"folio_equal-weight_btc_eth_xrp":0.9999999993},"VaR robust 0.02":{"Bitcoin":-0.1392174381,"CRC3":-0.0900032442,"CRC3b":-0.0848572079,"folio_equal-weight_btc_eth_xrp":-0.1527649928},"VaR sample 0.02":{"Bitcoin":-0.1392174381,"CRC3":-0.085441381,"CRC3b":-0.0799623689,"folio_equal-weight_btc_eth_xrp":-0.144621521}}