{"net perf\/dd":{"Bitcoin":2.968045022,"CRC3":7.4038924958,"CRC3b":7.9280095051,"folio_equal-weight_btc_eth_xrp":4.4519683313},"Sharpe":{"Bitcoin":1.703038525,"CRC3":5.3723916229,"CRC3b":5.5624811724,"folio_equal-weight_btc_eth_xrp":2.4920819515},"perf":{"Bitcoin":2.7624878499,"CRC3":4.8532560469,"CRC3b":5.068074176,"folio_equal-weight_btc_eth_xrp":4.1436394429},"net perf":{"Bitcoin":2.7624878499,"CRC3":4.8532560469,"CRC3b":5.068074176,"folio_equal-weight_btc_eth_xrp":4.1436394429},"dd":{"Bitcoin":0.9307432432,"CRC3":0.6555006099,"CRC3b":0.6392618693,"folio_equal-weight_btc_eth_xrp":0.9307432431},"vol":{"Bitcoin":1.6220935753,"CRC3":0.9033697443,"CRC3b":0.9111175425,"folio_equal-weight_btc_eth_xrp":1.6627219825},"occ":{"Bitcoin":1.0,"CRC3":0.6424747439,"CRC3b":0.6328175896,"folio_equal-weight_btc_eth_xrp":0.9999999994},"VaR robust 0.02":{"Bitcoin":-0.1366389877,"CRC3":-0.148800153,"CRC3b":-0.1513161411,"folio_equal-weight_btc_eth_xrp":-0.1507680848},"VaR sample 0.02":{"Bitcoin":-0.1366389877,"CRC3":-0.1423485263,"CRC3b":-0.142808932,"folio_equal-weight_btc_eth_xrp":-0.142808932}}