{"net perf\/dd":{"Bitcoin":3.1780636186,"CRC3":7.5074570397,"CRC3b":8.0036670839,"folio_equal-weight_btc_eth_xrp":4.5107595896},"Sharpe":{"Bitcoin":1.8378526083,"CRC3":5.4605373512,"CRC3b":5.6307049454,"folio_equal-weight_btc_eth_xrp":2.5477872774},"perf":{"Bitcoin":2.9579612396,"CRC3":4.9211426685,"CRC3b":5.1164391813,"folio_equal-weight_btc_eth_xrp":4.1983590093},"net perf":{"Bitcoin":2.9579612396,"CRC3":4.9211426685,"CRC3b":5.1164391813,"folio_equal-weight_btc_eth_xrp":4.1983590093},"dd":{"Bitcoin":0.9307432432,"CRC3":0.6555006099,"CRC3b":0.6392618693,"folio_equal-weight_btc_eth_xrp":0.9307432431},"vol":{"Bitcoin":1.6094659747,"CRC3":0.9012194867,"CRC3b":0.9086676057,"folio_equal-weight_btc_eth_xrp":1.6478451897},"occ":{"Bitcoin":1.0,"CRC3":0.6498139135,"CRC3b":0.6401815733,"folio_equal-weight_btc_eth_xrp":0.9999999994},"VaR robust 0.02":{"Bitcoin":-0.1365074307,"CRC3":-0.0705551448,"CRC3b":-0.0742140581,"folio_equal-weight_btc_eth_xrp":-0.1496201399},"VaR sample 0.02":{"Bitcoin":-0.1365074307,"CRC3":-0.0675411209,"CRC3b":-0.0703444408,"folio_equal-weight_btc_eth_xrp":-0.1392705419}}