{"net perf\/dd":{"Bitcoin":3.1254851879,"CRC3":9.1318799315,"CRC3b":9.4965088757,"CRC4":7.7432099044,"folio_equal-weight_btc_eth_xrp":4.8661021217},"Sharpe":{"Bitcoin":1.7567351904,"CRC3":5.7909589241,"CRC3b":5.9652689059,"CRC4":5.104365783,"folio_equal-weight_btc_eth_xrp":2.6722685342},"perf":{"Bitcoin":2.9090242205,"CRC3":5.3079324445,"CRC3b":5.5127824656,"CRC4":4.9762471797,"folio_equal-weight_btc_eth_xrp":4.5290916707},"net perf":{"Bitcoin":2.9090242205,"CRC3":5.3079324445,"CRC3b":5.5127824656,"CRC4":4.9762471797,"folio_equal-weight_btc_eth_xrp":4.5290916707},"dd":{"Bitcoin":0.9307432432,"CRC3":0.5812529823,"CRC3b":0.5805062195,"CRC4":0.6426594708,"folio_equal-weight_btc_eth_xrp":0.9307432432},"vol":{"Bitcoin":1.6559264233,"CRC3":0.9165895518,"CRC3b":0.9241465142,"CRC4":0.9749001916,"folio_equal-weight_btc_eth_xrp":1.6948490067},"occ":{"Bitcoin":1.0,"CRC3":0.639773699,"CRC3b":0.6299685859,"CRC4":0.6594055428,"folio_equal-weight_btc_eth_xrp":1.0},"VaR robust 0.02":{"Bitcoin":-0.1411783162,"CRC3":-0.0519065458,"CRC3b":-0.0296657528,"CRC4":-0.0341617476,"folio_equal-weight_btc_eth_xrp":-0.1545489256},"VaR sample 0.02":{"Bitcoin":-0.1411783162,"CRC3":-0.0496393655,"CRC3b":-0.0277809875,"CRC4":-0.0316917484,"folio_equal-weight_btc_eth_xrp":-0.1471776837}}