{"net perf\/dd":{"Bitcoin":3.082705783,"CRC3":7.6170459789,"CRC3b":8.1481248219,"folio_equal-weight_btc_eth_xrp":4.5734214865},"Sharpe":{"Bitcoin":1.7736760696,"CRC3":5.5265193895,"CRC3b":5.7170192876,"folio_equal-weight_btc_eth_xrp":2.5677757365},"perf":{"Bitcoin":2.8692075784,"CRC3":4.992978285,"CRC3b":5.2087855049,"folio_equal-weight_btc_eth_xrp":4.2566811464},"net perf":{"Bitcoin":2.8692075784,"CRC3":4.992978285,"CRC3b":5.2087855049,"folio_equal-weight_btc_eth_xrp":4.2566811464},"dd":{"Bitcoin":0.9307432432,"CRC3":0.6555006099,"CRC3b":0.6392618693,"folio_equal-weight_btc_eth_xrp":0.9307432431},"vol":{"Bitcoin":1.6176615492,"CRC3":0.9034580236,"CRC3b":0.9111016148,"folio_equal-weight_btc_eth_xrp":1.6577308859},"occ":{"Bitcoin":1.0,"CRC3":0.6455419785,"CRC3b":0.6359447898,"folio_equal-weight_btc_eth_xrp":0.9999999994},"VaR robust 0.02":{"Bitcoin":-0.1357869421,"CRC3":-0.1497826785,"CRC3b":-0.1527385223,"folio_equal-weight_btc_eth_xrp":-0.15122529},"VaR sample 0.02":{"Bitcoin":-0.1357869421,"CRC3":-0.1423226437,"CRC3b":-0.1439823519,"folio_equal-weight_btc_eth_xrp":-0.1418790034}}