{"net perf\/dd":{"Bitcoin":3.0576281269,"CRC3":7.4796125522,"CRC3b":7.9864002156,"folio_equal-weight_btc_eth_xrp":4.4746373511},"Sharpe":{"Bitcoin":1.7588875248,"CRC3":5.4351972063,"CRC3b":5.6115020424,"folio_equal-weight_btc_eth_xrp":2.5114594486},"perf":{"Bitcoin":2.8458667194,"CRC3":4.90289059,"CRC3b":5.1054011307,"folio_equal-weight_btc_eth_xrp":4.1647384798},"net perf":{"Bitcoin":2.8458667194,"CRC3":4.90289059,"CRC3b":5.1054011307,"folio_equal-weight_btc_eth_xrp":4.1647384798},"dd":{"Bitcoin":0.9307432432,"CRC3":0.6555006099,"CRC3b":0.6392618693,"folio_equal-weight_btc_eth_xrp":0.9307432431},"vol":{"Bitcoin":1.6179924408,"CRC3":0.9020630538,"CRC3b":0.9098100815,"folio_equal-weight_btc_eth_xrp":1.6582941374},"occ":{"Bitcoin":1.0,"CRC3":0.6446509846,"CRC3b":0.635052613,"folio_equal-weight_btc_eth_xrp":0.9999999994},"VaR robust 0.02":{"Bitcoin":-0.1358024691,"CRC3":-0.1487373157,"CRC3b":-0.1498056152,"folio_equal-weight_btc_eth_xrp":-0.1502745165},"VaR sample 0.02":{"Bitcoin":-0.1358024691,"CRC3":-0.1438356564,"CRC3b":-0.1422613361,"folio_equal-weight_btc_eth_xrp":-0.1422613361}}