{"net perf\/dd":{"Bitcoin":2.9373177213,"CRC3":7.8431195291,"CRC3b":8.3993612319,"folio_equal-weight_btc_eth_xrp":4.5767173465},"Sharpe":{"Bitcoin":1.6617363805,"CRC3":5.4916954569,"CRC3b":5.6563406078,"folio_equal-weight_btc_eth_xrp":2.5268480606},"perf":{"Bitcoin":2.7338886224,"CRC3":5.0167362364,"CRC3b":5.2107962468,"folio_equal-weight_btc_eth_xrp":4.2597487458},"net perf":{"Bitcoin":2.7338886224,"CRC3":5.0167362364,"CRC3b":5.2107962468,"folio_equal-weight_btc_eth_xrp":4.2597487458},"dd":{"Bitcoin":0.9307432432,"CRC3":0.6396353157,"CRC3b":0.6203800626,"folio_equal-weight_btc_eth_xrp":0.9307432431},"vol":{"Bitcoin":1.6451999574,"CRC3":0.9135131902,"CRC3b":0.921230988,"folio_equal-weight_btc_eth_xrp":1.6857953639},"occ":{"Bitcoin":1.0,"CRC3":0.6374545204,"CRC3b":0.6276810945,"folio_equal-weight_btc_eth_xrp":0.9999999993},"VaR robust 0.02":{"Bitcoin":-0.1397588146,"CRC3":-0.0932192251,"CRC3b":-0.0947901111,"folio_equal-weight_btc_eth_xrp":-0.1531360541},"VaR sample 0.02":{"Bitcoin":-0.1397588146,"CRC3":-0.0885628894,"CRC3b":-0.0900950762,"folio_equal-weight_btc_eth_xrp":-0.1451482949}}