{"net perf\/dd":{"Bitcoin":2.9631773947,"CRC3":7.3378455269,"CRC3b":7.8462985942,"folio_equal-weight_btc_eth_xrp":4.4060470082},"Sharpe":{"Bitcoin":1.7026243569,"CRC3":5.329305387,"CRC3b":5.5100487879,"folio_equal-weight_btc_eth_xrp":2.4697090613},"perf":{"Bitcoin":2.7579573386,"CRC3":4.8099622184,"CRC3b":5.0158395063,"folio_equal-weight_btc_eth_xrp":4.1008984817},"net perf":{"Bitcoin":2.7579573386,"CRC3":4.8099622184,"CRC3b":5.0158395063,"folio_equal-weight_btc_eth_xrp":4.1008984817},"dd":{"Bitcoin":0.9307432432,"CRC3":0.6555006099,"CRC3b":0.6392618693,"folio_equal-weight_btc_eth_xrp":0.9307432431},"vol":{"Bitcoin":1.6198272552,"CRC3":0.9025495574,"CRC3b":0.9103076396,"folio_equal-weight_btc_eth_xrp":1.6604783721},"occ":{"Bitcoin":1.0,"CRC3":0.6437215626,"CRC3b":0.6340980863,"folio_equal-weight_btc_eth_xrp":0.9999999994},"VaR robust 0.02":{"Bitcoin":-0.1361609771,"CRC3":-0.1467011075,"CRC3b":-0.1484782459,"folio_equal-weight_btc_eth_xrp":-0.1500177947},"VaR sample 0.02":{"Bitcoin":-0.1361609771,"CRC3":-0.1405506266,"CRC3b":-0.1424960201,"folio_equal-weight_btc_eth_xrp":-0.1424960201}}