{"net perf\/dd":{"Bitcoin":3.0003223265,"CRC3":7.0679691054,"CRC3b":7.522370267,"folio_equal-weight_btc_eth_xrp":4.1661439486},"Sharpe":{"Bitcoin":1.7477259596,"CRC3":5.1839301219,"CRC3b":5.336043894,"folio_equal-weight_btc_eth_xrp":2.3711846722},"perf":{"Bitcoin":2.792529733,"CRC3":4.6330580595,"CRC3b":4.8087644784,"folio_equal-weight_btc_eth_xrp":3.8776103299},"net perf":{"Bitcoin":2.792529733,"CRC3":4.6330580595,"CRC3b":4.8087644784,"folio_equal-weight_btc_eth_xrp":3.8776103299},"dd":{"Bitcoin":0.9307432432,"CRC3":0.6555006099,"CRC3b":0.6392618693,"folio_equal-weight_btc_eth_xrp":0.9307432431},"vol":{"Bitcoin":1.5978075497,"CRC3":0.8937346667,"CRC3b":0.9011853302,"folio_equal-weight_btc_eth_xrp":1.6353050757},"occ":{"Bitcoin":1.0,"CRC3":0.6434897468,"CRC3b":0.6342616771,"folio_equal-weight_btc_eth_xrp":0.9999999994},"VaR sample 0.02":{"Bitcoin":-0.1359206629,"CRC3":-0.0385326285,"CRC3b":-0.0399659393,"folio_equal-weight_btc_eth_xrp":-0.1374878231},"VaR robust 0.02":{"Bitcoin":-0.1359305124,"CRC3":-0.0413795172,"CRC3b":-0.0423450624,"folio_equal-weight_btc_eth_xrp":-0.1497919199}}