{"net perf\/dd":{"Bitcoin":2.8515882314,"CRC3":6.796237098,"CRC3b":7.2005216399,"folio_equal-weight_btc_eth_xrp":4.057015468},"Sharpe":{"Bitcoin":1.6702481286,"CRC3":5.0112127229,"CRC3b":5.1332002052,"folio_equal-weight_btc_eth_xrp":2.3215298804},"perf":{"Bitcoin":2.6540964789,"CRC3":4.454937563,"CRC3b":4.6030189234,"folio_equal-weight_btc_eth_xrp":3.7760397339},"net perf":{"Bitcoin":2.6540964789,"CRC3":4.454937563,"CRC3b":4.6030189234,"folio_equal-weight_btc_eth_xrp":3.7760397339},"dd":{"Bitcoin":0.9307432432,"CRC3":0.6555006099,"CRC3b":0.6392618693,"folio_equal-weight_btc_eth_xrp":0.9307432431},"vol":{"Bitcoin":1.5890432287,"CRC3":0.8889939041,"CRC3b":0.8967152535,"folio_equal-weight_btc_eth_xrp":1.6265307485},"occ":{"Bitcoin":1.0,"CRC3":0.6406825033,"CRC3b":0.6310766686,"folio_equal-weight_btc_eth_xrp":0.9999999994},"VaR sample 0.02":{"Bitcoin":-0.1357507123,"CRC3":-0.0922221309,"CRC3b":-0.0761366774,"folio_equal-weight_btc_eth_xrp":-0.136991587},"VaR robust 0.02":{"Bitcoin":-0.1357533001,"CRC3":-0.098042372,"CRC3b":-0.0824881842,"folio_equal-weight_btc_eth_xrp":-0.1494422181}}