{"net perf\/dd":{"Bitcoin":2.968285922,"CRC3":8.0054710046,"CRC3b":8.5705543033,"folio_equal-weight_btc_eth_xrp":4.6487126261},"Sharpe":{"Bitcoin":1.67598616,"CRC3":5.6020472453,"CRC3b":5.7686909273,"folio_equal-weight_btc_eth_xrp":2.5620134779},"perf":{"Bitcoin":2.762712066,"CRC3":5.1205819737,"CRC3b":5.3170010151,"folio_equal-weight_btc_eth_xrp":4.3267578659},"net perf":{"Bitcoin":2.762712066,"CRC3":5.1205819737,"CRC3b":5.3170010151,"folio_equal-weight_btc_eth_xrp":4.3267578659},"dd":{"Bitcoin":0.9307432432,"CRC3":0.6396353157,"CRC3b":0.6203800626,"folio_equal-weight_btc_eth_xrp":0.9307432431},"vol":{"Bitcoin":1.6484098329,"CRC3":0.9140554782,"CRC3b":0.9216997551,"folio_equal-weight_btc_eth_xrp":1.6888115161},"occ":{"Bitcoin":1.0,"CRC3":0.6366483806,"CRC3b":0.6267947014,"folio_equal-weight_btc_eth_xrp":0.9999999993},"VaR robust 0.02":{"Bitcoin":-0.1400437496,"CRC3":-0.1118193352,"CRC3b":-0.1173959134,"folio_equal-weight_btc_eth_xrp":-0.15354895},"VaR sample 0.02":{"Bitcoin":-0.1400437496,"CRC3":-0.1076975747,"CRC3b":-0.1115833969,"folio_equal-weight_btc_eth_xrp":-0.1454255443}}