{"net perf\/dd":{"Bitcoin":2.893314611,"CRC3":6.9035028083,"CRC3b":7.3274215999,"folio_equal-weight_btc_eth_xrp":4.0934036203},"Sharpe":{"Bitcoin":1.6895698855,"CRC3":5.0741922789,"CRC3b":5.2066150631,"folio_equal-weight_btc_eth_xrp":2.3351418482},"perf":{"Bitcoin":2.6929330248,"CRC3":4.5252503015,"CRC3b":4.684141229,"folio_equal-weight_btc_eth_xrp":3.8099077609},"net perf":{"Bitcoin":2.6929330248,"CRC3":4.5252503015,"CRC3b":4.684141229,"folio_equal-weight_btc_eth_xrp":3.8099077609},"dd":{"Bitcoin":0.9307432432,"CRC3":0.6555006099,"CRC3b":0.6392618693,"folio_equal-weight_btc_eth_xrp":0.9307432431},"vol":{"Bitcoin":1.5938571396,"CRC3":0.891816875,"CRC3b":0.8996519182,"folio_equal-weight_btc_eth_xrp":1.6315530313},"occ":{"Bitcoin":1.0,"CRC3":0.6421870317,"CRC3b":0.6330315007,"folio_equal-weight_btc_eth_xrp":0.9999999994},"VaR sample 0.02":{"Bitcoin":-0.1357972934,"CRC3":-0.0534242793,"CRC3b":-0.0505729854,"folio_equal-weight_btc_eth_xrp":-0.1385278801},"VaR robust 0.02":{"Bitcoin":-0.1357998813,"CRC3":-0.0576502874,"CRC3b":-0.055179541,"folio_equal-weight_btc_eth_xrp":-0.1497031482}}