{"net perf\/dd":{"Bitcoin":3.3771910856,"CRC3":9.479863259,"CRC3b":9.926618572,"CRC4":8.1380147762,"folio_equal-weight_btc_eth_xrp":5.1486112629},"Sharpe":{"Bitcoin":1.8913741983,"CRC3":5.9837701863,"CRC3b":6.21523753,"CRC4":5.3490605965,"folio_equal-weight_btc_eth_xrp":2.8168752093},"perf":{"Bitcoin":3.1432977841,"CRC3":5.5031195816,"CRC3b":5.7624638193,"CRC4":5.2299722696,"folio_equal-weight_btc_eth_xrp":4.7920351451},"net perf":{"Bitcoin":3.1432977841,"CRC3":5.5031195816,"CRC3b":5.7624638193,"CRC4":5.2299722696,"folio_equal-weight_btc_eth_xrp":4.7920351451},"dd":{"Bitcoin":0.9307432432,"CRC3":0.5805062195,"CRC3b":0.5805062195,"CRC4":0.6426594708,"folio_equal-weight_btc_eth_xrp":0.9307432432},"vol":{"Bitcoin":1.6619121625,"CRC3":0.9196742873,"CRC3b":0.9271510206,"CRC4":0.9777365904,"folio_equal-weight_btc_eth_xrp":1.7011882988},"occ":{"Bitcoin":1.0,"CRC3":0.6397655666,"CRC3b":0.6298450094,"CRC4":0.6581502943,"folio_equal-weight_btc_eth_xrp":1.0},"VaR robust 0.02":{"Bitcoin":-0.1418103598,"CRC3":-0.0847466915,"CRC3b":-0.0965925653,"CRC4":-0.1199090917,"folio_equal-weight_btc_eth_xrp":-0.1537301401},"VaR sample 0.02":{"Bitcoin":-0.1418103598,"CRC3":-0.0804854291,"CRC3b":-0.0911565446,"CRC4":-0.1115199162,"folio_equal-weight_btc_eth_xrp":-0.1468035256}}