{"net perf\/dd":{"Bitcoin":3.3953572951,"CRC3":9.5461672152,"CRC3b":9.9780809315,"CRC4":8.1769231326,"folio_equal-weight_btc_eth_xrp":5.1895187755},"Sharpe":{"Bitcoin":1.8996831508,"CRC3":6.0199708777,"CRC3b":6.2414762027,"CRC4":5.3694533379,"folio_equal-weight_btc_eth_xrp":2.8365144813},"perf":{"Bitcoin":3.1602058608,"CRC3":5.5416094405,"CRC3b":5.7923380391,"CRC4":5.2549770934,"folio_equal-weight_btc_eth_xrp":4.8301095359},"net perf":{"Bitcoin":3.1602058608,"CRC3":5.5416094405,"CRC3b":5.7923380391,"CRC4":5.2549770934,"folio_equal-weight_btc_eth_xrp":4.8301095359},"dd":{"Bitcoin":0.9307432432,"CRC3":0.5805062195,"CRC3b":0.5805062195,"CRC4":0.6426594708,"folio_equal-weight_btc_eth_xrp":0.9307432432},"vol":{"Bitcoin":1.6635436596,"CRC3":0.9205375828,"CRC3b":0.9280397539,"CRC4":0.9786800932,"folio_equal-weight_btc_eth_xrp":1.7028326729},"occ":{"Bitcoin":1.0,"CRC3":0.6398599246,"CRC3b":0.6298939121,"CRC4":0.6580819048,"folio_equal-weight_btc_eth_xrp":1.0},"VaR robust 0.02":{"Bitcoin":-0.1420849348,"CRC3":-0.0929205461,"CRC3b":-0.0966233607,"CRC4":-0.1098681113,"folio_equal-weight_btc_eth_xrp":-0.1539442228},"VaR sample 0.02":{"Bitcoin":-0.1420849348,"CRC3":-0.0885793803,"CRC3b":-0.091497551,"CRC4":-0.1027633274,"folio_equal-weight_btc_eth_xrp":-0.1472522109}}