{"net perf\/dd":{"Bitcoin":2.9795009723,"CRC3":7.3434566306,"CRC3b":7.8399247342,"folio_equal-weight_btc_eth_xrp":4.4008393515},"Sharpe":{"Bitcoin":1.713602743,"CRC3":5.3383740072,"CRC3b":5.5107028067,"folio_equal-weight_btc_eth_xrp":2.4690851388},"perf":{"Bitcoin":2.7731503982,"CRC3":4.8136403003,"CRC3b":5.0117649407,"folio_equal-weight_btc_eth_xrp":4.0960514903},"net perf":{"Bitcoin":2.7731503982,"CRC3":4.8136403003,"CRC3b":5.0117649407,"folio_equal-weight_btc_eth_xrp":4.0960514903},"dd":{"Bitcoin":0.9307432432,"CRC3":0.6555006099,"CRC3b":0.6392618693,"folio_equal-weight_btc_eth_xrp":0.9307432431},"vol":{"Bitcoin":1.6183158025,"CRC3":0.9017053308,"CRC3b":0.9094602116,"folio_equal-weight_btc_eth_xrp":1.6589348929},"occ":{"Bitcoin":1.0,"CRC3":0.6443417165,"CRC3b":0.6347349913,"folio_equal-weight_btc_eth_xrp":0.9999999994},"VaR robust 0.02":{"Bitcoin":-0.1359219718,"CRC3":-0.1466612192,"CRC3b":-0.1473121024,"folio_equal-weight_btc_eth_xrp":-0.1495908625},"VaR sample 0.02":{"Bitcoin":-0.1359219718,"CRC3":-0.1420882855,"CRC3b":-0.1423364926,"folio_equal-weight_btc_eth_xrp":-0.1423395641}}