{"net perf\/dd":{"Bitcoin":3.2216238791,"CRC3":7.7027146504,"CRC3b":8.193254689,"folio_equal-weight_btc_eth_xrp":4.6241889889},"Sharpe":{"Bitcoin":1.8621903965,"CRC3":5.6041926191,"CRC3b":5.76523242,"folio_equal-weight_btc_eth_xrp":2.6088111638},"perf":{"Bitcoin":2.9985046577,"CRC3":5.0491341515,"CRC3b":5.2376353081,"folio_equal-weight_btc_eth_xrp":4.3039326563},"net perf":{"Bitcoin":2.9985046577,"CRC3":5.0491341515,"CRC3b":5.2376353081,"folio_equal-weight_btc_eth_xrp":4.3039326563},"dd":{"Bitcoin":0.9307432432,"CRC3":0.6555006099,"CRC3b":0.6392618693,"folio_equal-weight_btc_eth_xrp":0.9307432431},"vol":{"Bitcoin":1.6102030509,"CRC3":0.9009565685,"CRC3b":0.9084864107,"folio_equal-weight_btc_eth_xrp":1.6497678007},"occ":{"Bitcoin":1.0,"CRC3":0.6496441502,"CRC3b":0.6400847322,"folio_equal-weight_btc_eth_xrp":0.9999999994},"VaR robust 0.02":{"Bitcoin":-0.1357170703,"CRC3":-0.1489333988,"CRC3b":-0.1496333007,"folio_equal-weight_btc_eth_xrp":-0.1487241728},"VaR sample 0.02":{"Bitcoin":-0.1357170703,"CRC3":-0.1416979363,"CRC3b":-0.1426533394,"folio_equal-weight_btc_eth_xrp":-0.1400256229}}