{"net perf\/dd":{"Bitcoin":2.9550755113,"CRC3":8.0578341805,"CRC3b":8.6653911319,"folio_equal-weight_btc_eth_xrp":4.5494994343},"Sharpe":{"Bitcoin":1.6645939255,"CRC3":5.6079169017,"CRC3b":5.7848254708,"folio_equal-weight_btc_eth_xrp":2.5036831375},"perf":{"Bitcoin":2.7504165654,"CRC3":5.1256607014,"CRC3b":5.3304881022,"folio_equal-weight_btc_eth_xrp":4.2344158579},"net perf":{"Bitcoin":2.7504165654,"CRC3":5.1256607014,"CRC3b":5.3304881022,"folio_equal-weight_btc_eth_xrp":4.2344158579},"dd":{"Bitcoin":0.9307432432,"CRC3":0.6361089825,"CRC3b":0.615146855,"folio_equal-weight_btc_eth_xrp":0.9307432431},"vol":{"Bitcoin":1.6523048193,"CRC3":0.9140043961,"CRC3b":0.9214604882,"folio_equal-weight_btc_eth_xrp":1.6912746643},"occ":{"Bitcoin":1.0,"CRC3":0.6373511144,"CRC3b":0.6273412682,"folio_equal-weight_btc_eth_xrp":0.9999999993},"VaR robust 0.02":{"Bitcoin":-0.1405760627,"CRC3":-0.0179184113,"CRC3b":-0.0144889612,"folio_equal-weight_btc_eth_xrp":-0.1533954902},"VaR sample 0.02":{"Bitcoin":-0.1405760627,"CRC3":-0.0170205664,"CRC3b":-0.0137102225,"folio_equal-weight_btc_eth_xrp":-0.1459815199}}