{"net perf\/dd":{"Bitcoin":2.8693832297,"CRC3":7.3370117361,"CRC3b":7.8779795475,"folio_equal-weight_btc_eth_xrp":4.4215569965},"Sharpe":{"Bitcoin":1.6378619525,"CRC3":5.3066741711,"CRC3b":5.5097457305,"folio_equal-weight_btc_eth_xrp":2.461951454},"perf":{"Bitcoin":2.6706590533,"CRC3":4.8094156681,"CRC3b":5.0360919317,"folio_equal-weight_btc_eth_xrp":4.1153342985},"net perf":{"Bitcoin":2.6706590533,"CRC3":4.8094156681,"CRC3b":5.0360919317,"folio_equal-weight_btc_eth_xrp":4.1153342985},"dd":{"Bitcoin":0.9307432432,"CRC3":0.6555006099,"CRC3b":0.6392618693,"folio_equal-weight_btc_eth_xrp":0.9307432431},"vol":{"Bitcoin":1.6305764043,"CRC3":0.9062956407,"CRC3b":0.914033456,"folio_equal-weight_btc_eth_xrp":1.6715741051},"occ":{"Bitcoin":1.0,"CRC3":0.6382230751,"CRC3b":0.6284289553,"folio_equal-weight_btc_eth_xrp":0.9999999994},"VaR robust 0.02":{"Bitcoin":-0.1382522736,"CRC3":-0.1515762116,"CRC3b":-0.1566739881,"folio_equal-weight_btc_eth_xrp":-0.1518322798},"VaR sample 0.02":{"Bitcoin":-0.1382522736,"CRC3":-0.1438650099,"CRC3b":-0.1453423694,"folio_equal-weight_btc_eth_xrp":-0.1438650099}}