{"net perf\/dd":{"Bitcoin":2.9434235996,"CRC3":7.396593142,"CRC3b":7.9288404317,"folio_equal-weight_btc_eth_xrp":4.4536476561},"Sharpe":{"Bitcoin":1.6858036395,"CRC3":5.3575792734,"CRC3b":5.5529617046,"folio_equal-weight_btc_eth_xrp":2.4884186643},"perf":{"Bitcoin":2.7395716274,"CRC3":4.848471316,"CRC3b":5.0686053557,"folio_equal-weight_btc_eth_xrp":4.1452024631},"net perf":{"Bitcoin":2.7395716274,"CRC3":4.848471316,"CRC3b":5.0686053557,"folio_equal-weight_btc_eth_xrp":4.1452024631},"dd":{"Bitcoin":0.9307432432,"CRC3":0.6555006099,"CRC3b":0.6392618693,"folio_equal-weight_btc_eth_xrp":0.9307432431},"vol":{"Bitcoin":1.6250834694,"CRC3":0.9049742558,"CRC3b":0.9127751325,"folio_equal-weight_btc_eth_xrp":1.6657978509},"occ":{"Bitcoin":1.0,"CRC3":0.6412191679,"CRC3b":0.6315280992,"folio_equal-weight_btc_eth_xrp":0.9999999994},"VaR robust 0.02":{"Bitcoin":-0.1371169984,"CRC3":-0.1497829721,"CRC3b":-0.1529837135,"folio_equal-weight_btc_eth_xrp":-0.1508221759},"VaR sample 0.02":{"Bitcoin":-0.1371169984,"CRC3":-0.143121844,"CRC3b":-0.1445113917,"folio_equal-weight_btc_eth_xrp":-0.143121844}}