{"net perf\/dd":{"Bitcoin":3.3404879662,"CRC3":9.3980967354,"CRC3b":9.83304853,"CRC4":8.0934024131,"folio_equal-weight_btc_eth_xrp":5.1323811696},"Sharpe":{"Bitcoin":1.875991315,"CRC3":5.9460792737,"CRC3b":6.1725411983,"CRC4":5.3337638865,"folio_equal-weight_btc_eth_xrp":2.8154034107},"perf":{"Bitcoin":3.1091366037,"CRC3":5.4556536061,"CRC3b":5.708145828,"CRC4":5.201301712,"folio_equal-weight_btc_eth_xrp":4.7769290954},"net perf":{"Bitcoin":3.1091366037,"CRC3":5.4556536061,"CRC3b":5.708145828,"CRC4":5.201301712,"folio_equal-weight_btc_eth_xrp":4.7769290954},"dd":{"Bitcoin":0.9307432432,"CRC3":0.5805062195,"CRC3b":0.5805062195,"CRC4":0.6426594708,"folio_equal-weight_btc_eth_xrp":0.9307432432},"vol":{"Bitcoin":1.657329956,"CRC3":0.917521169,"CRC3b":0.9247643142,"CRC4":0.9751653472,"folio_equal-weight_btc_eth_xrp":1.696712122},"occ":{"Bitcoin":1.0,"CRC3":0.6398882641,"CRC3b":0.6300077212,"CRC4":0.6592621646,"folio_equal-weight_btc_eth_xrp":1.0},"VaR robust 0.02":{"Bitcoin":-0.1409179913,"CRC3":-0.1201669746,"CRC3b":-0.1332173702,"CRC4":-0.1616459002,"folio_equal-weight_btc_eth_xrp":-0.1543896223},"VaR sample 0.02":{"Bitcoin":-0.1409179913,"CRC3":-0.1149998981,"CRC3b":-0.1238949969,"CRC4":-0.1495509771,"folio_equal-weight_btc_eth_xrp":-0.1478184426}}