{"net perf\/dd":{"Bitcoin":2.8726235089,"CRC3":7.4976147886,"CRC3b":7.996280077,"folio_equal-weight_btc_eth_xrp":4.437334476},"Sharpe":{"Bitcoin":1.6304423087,"CRC3":5.37893286,"CRC3b":5.5373769499,"folio_equal-weight_btc_eth_xrp":2.4574780065},"perf":{"Bitcoin":2.6736749213,"CRC3":4.8986082885,"CRC3b":5.0855040141,"folio_equal-weight_btc_eth_xrp":4.1300190809},"net perf":{"Bitcoin":2.6736749213,"CRC3":4.8986082885,"CRC3b":5.0855040141,"folio_equal-weight_btc_eth_xrp":4.1300190809},"dd":{"Bitcoin":0.9307432432,"CRC3":0.6533555573,"CRC3b":0.6359837281,"folio_equal-weight_btc_eth_xrp":0.9307432431},"vol":{"Bitcoin":1.6398463822,"CRC3":0.9107026274,"CRC3b":0.9183958506,"folio_equal-weight_btc_eth_xrp":1.6805924895},"occ":{"Bitcoin":1.0,"CRC3":0.6363550973,"CRC3b":0.626401282,"folio_equal-weight_btc_eth_xrp":0.9999999993},"VaR robust 0.02":{"Bitcoin":-0.1393314121,"CRC3":-0.0631242324,"CRC3b":-0.0554659359,"folio_equal-weight_btc_eth_xrp":-0.1526944729},"VaR sample 0.02":{"Bitcoin":-0.1393314121,"CRC3":-0.0597141906,"CRC3b":-0.0530330218,"folio_equal-weight_btc_eth_xrp":-0.1447324207}}