{"net perf\/dd":{"Bitcoin":2.8635078361,"CRC3":7.4566303269,"CRC3b":7.9365212999,"folio_equal-weight_btc_eth_xrp":4.4292258955},"Sharpe":{"Bitcoin":1.6260205106,"CRC3":5.3695200812,"CRC3b":5.5268278723,"folio_equal-weight_btc_eth_xrp":2.4540920258},"perf":{"Bitcoin":2.6651905704,"CRC3":4.8878257273,"CRC3b":5.0735154419,"folio_equal-weight_btc_eth_xrp":4.1224720744},"net perf":{"Bitcoin":2.6651905704,"CRC3":4.8878257273,"CRC3b":5.0735154419,"folio_equal-weight_btc_eth_xrp":4.1224720744},"dd":{"Bitcoin":0.9307432432,"CRC3":0.6555006099,"CRC3b":0.6392618693,"folio_equal-weight_btc_eth_xrp":0.9307432431},"vol":{"Bitcoin":1.6390879162,"CRC3":0.9102909857,"CRC3b":0.9179796366,"folio_equal-weight_btc_eth_xrp":1.6798359764},"occ":{"Bitcoin":1.0,"CRC3":0.6359904882,"CRC3b":0.6259965265,"folio_equal-weight_btc_eth_xrp":0.9999999993},"VaR robust 0.02":{"Bitcoin":-0.1392459316,"CRC3":-0.0653745833,"CRC3b":-0.0595886048,"folio_equal-weight_btc_eth_xrp":-0.1527022694},"VaR sample 0.02":{"Bitcoin":-0.1392459316,"CRC3":-0.0617651472,"CRC3b":-0.0561264474,"folio_equal-weight_btc_eth_xrp":-0.1446492459}}