{"net perf\/dd":{"Bitcoin":3.1066396328,"CRC3":7.5712541307,"CRC3b":8.0554021786,"folio_equal-weight_btc_eth_xrp":4.5508468777},"Sharpe":{"Bitcoin":1.7945438522,"CRC3":5.5072778424,"CRC3b":5.6669498309,"folio_equal-weight_btc_eth_xrp":2.5652423092},"perf":{"Bitcoin":2.8914838475,"CRC3":4.9629617006,"CRC3b":5.1495114546,"folio_equal-weight_btc_eth_xrp":4.2356699818},"net perf":{"Bitcoin":2.8914838475,"CRC3":4.9629617006,"CRC3b":5.1495114546,"folio_equal-weight_btc_eth_xrp":4.2356699818},"dd":{"Bitcoin":0.9307432432,"CRC3":0.6555006099,"CRC3b":0.6392618693,"folio_equal-weight_btc_eth_xrp":0.9307432431},"vol":{"Bitcoin":1.6112639677,"CRC3":0.9011642126,"CRC3b":0.908691908,"folio_equal-weight_btc_eth_xrp":1.6511773436},"occ":{"Bitcoin":1.0,"CRC3":0.6488916677,"CRC3b":0.6393117183,"folio_equal-weight_btc_eth_xrp":0.9999999994},"VaR robust 0.02":{"Bitcoin":-0.1357300095,"CRC3":-0.1480220259,"CRC3b":-0.1493344613,"folio_equal-weight_btc_eth_xrp":-0.1495619919},"VaR sample 0.02":{"Bitcoin":-0.1357300095,"CRC3":-0.1408376832,"CRC3b":-0.1404236653,"folio_equal-weight_btc_eth_xrp":-0.1403688415}}