{"net perf\/dd":{"Bitcoin":3.0347879009,"CRC3":7.1604072117,"CRC3b":7.6250109456,"folio_equal-weight_btc_eth_xrp":4.2339401169},"Sharpe":{"Bitcoin":1.7642924369,"CRC3":5.240533252,"CRC3b":5.3973627872,"folio_equal-weight_btc_eth_xrp":2.4048674657},"perf":{"Bitcoin":2.8246083335,"CRC3":4.6936512946,"CRC3b":4.8743787504,"folio_equal-weight_btc_eth_xrp":3.9407111555},"net perf":{"Bitcoin":2.8246083335,"CRC3":4.6936512946,"CRC3b":4.8743787504,"folio_equal-weight_btc_eth_xrp":3.9407111555},"dd":{"Bitcoin":0.9307432432,"CRC3":0.6555006099,"CRC3b":0.6392618693,"folio_equal-weight_btc_eth_xrp":0.9307432431},"vol":{"Bitcoin":1.6009864773,"CRC3":0.8956438341,"CRC3b":0.9031037828,"folio_equal-weight_btc_eth_xrp":1.6386396389},"occ":{"Bitcoin":1.0,"CRC3":0.6450619688,"CRC3b":0.6357817828,"folio_equal-weight_btc_eth_xrp":0.9999999994},"VaR sample 0.02":{"Bitcoin":-0.1360290071,"CRC3":-0.0420888836,"CRC3b":-0.0405999904,"folio_equal-weight_btc_eth_xrp":-0.1374743724},"VaR robust 0.02":{"Bitcoin":-0.1360388566,"CRC3":-0.045021684,"CRC3b":-0.042469549,"folio_equal-weight_btc_eth_xrp":-0.1495244466}}