{"net perf\/dd":{"Bitcoin":2.8824668485,"CRC3":7.4203033265,"CRC3b":7.8952582825,"folio_equal-weight_btc_eth_xrp":4.4604741002},"Sharpe":{"Bitcoin":1.6417816162,"CRC3":5.3570309303,"CRC3b":5.5119696498,"folio_equal-weight_btc_eth_xrp":2.478461097},"perf":{"Bitcoin":2.6828365432,"CRC3":4.8640133564,"CRC3b":5.0471375682,"folio_equal-weight_btc_eth_xrp":4.1515561298},"net perf":{"Bitcoin":2.6828365432,"CRC3":4.8640133564,"CRC3b":5.0471375682,"folio_equal-weight_btc_eth_xrp":4.1515561298},"dd":{"Bitcoin":0.9307432432,"CRC3":0.6555006099,"CRC3b":0.6392618693,"folio_equal-weight_btc_eth_xrp":0.9307432431},"vol":{"Bitcoin":1.6341007334,"CRC3":0.90796813,"CRC3b":0.9156686065,"folio_equal-weight_btc_eth_xrp":1.675053982},"occ":{"Bitcoin":1.0,"CRC3":0.6370272968,"CRC3b":0.6270187471,"folio_equal-weight_btc_eth_xrp":0.9999999994},"VaR robust 0.02":{"Bitcoin":-0.1388185291,"CRC3":-0.1410238093,"CRC3b":-0.1458243284,"folio_equal-weight_btc_eth_xrp":-0.1523742974},"VaR sample 0.02":{"Bitcoin":-0.1388185291,"CRC3":-0.1331618998,"CRC3b":-0.1351788088,"folio_equal-weight_btc_eth_xrp":-0.1442333718}}