{"net perf\/dd":{"Bitcoin":3.0318625142,"CRC3":8.0448014821,"CRC3b":8.6158082607,"folio_equal-weight_btc_eth_xrp":4.6719335578},"Sharpe":{"Bitcoin":1.709548314,"CRC3":5.6367741408,"CRC3b":5.8077304392,"folio_equal-weight_btc_eth_xrp":2.5733864791},"perf":{"Bitcoin":2.8218855496,"CRC3":5.1457391361,"CRC3b":5.345075668,"folio_equal-weight_btc_eth_xrp":4.3483705911},"net perf":{"Bitcoin":2.8218855496,"CRC3":5.1457391361,"CRC3b":5.345075668,"folio_equal-weight_btc_eth_xrp":4.3483705911},"dd":{"Bitcoin":0.9307432432,"CRC3":0.6396353157,"CRC3b":0.6203800626,"folio_equal-weight_btc_eth_xrp":0.9307432431},"vol":{"Bitcoin":1.6506614797,"CRC3":0.9128872308,"CRC3b":0.9203381121,"folio_equal-weight_btc_eth_xrp":1.6897464203},"occ":{"Bitcoin":1.0,"CRC3":0.636177003,"CRC3b":0.6261775273,"folio_equal-weight_btc_eth_xrp":0.9999999993},"VaR robust 0.02":{"Bitcoin":-0.140295011,"CRC3":-0.1183122834,"CRC3b":-0.1255581644,"folio_equal-weight_btc_eth_xrp":-0.1534638449},"VaR sample 0.02":{"Bitcoin":-0.140295011,"CRC3":-0.1129373079,"CRC3b":-0.1180821707,"folio_equal-weight_btc_eth_xrp":-0.1457232172}}