{"net perf\/dd":{"Bitcoin":3.3505374931,"CRC3":9.4699491242,"CRC3b":9.8481431467,"CRC4":8.0959856898,"folio_equal-weight_btc_eth_xrp":5.1621470935},"Sharpe":{"Bitcoin":1.8807364346,"CRC3":5.9906726479,"CRC3b":6.1796653721,"CRC4":5.3333683375,"folio_equal-weight_btc_eth_xrp":2.8306390603},"perf":{"Bitcoin":3.118490133,"CRC3":5.4973643646,"CRC3b":5.7169083469,"CRC4":5.2029618792,"folio_equal-weight_btc_eth_xrp":4.8046335279},"net perf":{"Bitcoin":3.118490133,"CRC3":5.4973643646,"CRC3b":5.7169083469,"CRC4":5.2029618792,"folio_equal-weight_btc_eth_xrp":4.8046335279},"dd":{"Bitcoin":0.9307432432,"CRC3":0.5805062195,"CRC3b":0.5805062195,"CRC4":0.6426594708,"folio_equal-weight_btc_eth_xrp":0.9307432432},"vol":{"Bitcoin":1.658121827,"CRC3":0.917653941,"CRC3b":0.9251161677,"CRC4":0.9755489496,"folio_equal-weight_btc_eth_xrp":1.69736707},"occ":{"Bitcoin":1.0,"CRC3":0.6395643831,"CRC3b":0.6296868739,"CRC4":0.6587902286,"folio_equal-weight_btc_eth_xrp":1.0},"VaR robust 0.02":{"Bitcoin":-0.1411239225,"CRC3":-0.135072425,"CRC3b":-0.127897737,"CRC4":-0.161356787,"folio_equal-weight_btc_eth_xrp":-0.1545457195},"VaR sample 0.02":{"Bitcoin":-0.1411239225,"CRC3":-0.130221104,"CRC3b":-0.1194415709,"CRC4":-0.148918552,"folio_equal-weight_btc_eth_xrp":-0.1480569282}}