{"net perf\/dd":{"Bitcoin":3.0557642604,"CRC3":7.5413916479,"CRC3b":8.036812038,"folio_equal-weight_btc_eth_xrp":4.5364784216},"Sharpe":{"Bitcoin":1.7619791789,"CRC3":5.4780092559,"CRC3b":5.6453980623,"folio_equal-weight_btc_eth_xrp":2.552553026},"perf":{"Bitcoin":2.8441319383,"CRC3":4.9433868249,"CRC3b":5.1376274866,"folio_equal-weight_btc_eth_xrp":4.2222966383},"net perf":{"Bitcoin":2.8441319383,"CRC3":4.9433868249,"CRC3b":5.1376274866,"folio_equal-weight_btc_eth_xrp":4.2222966383},"dd":{"Bitcoin":0.9307432432,"CRC3":0.6555006099,"CRC3b":0.6392618693,"folio_equal-weight_btc_eth_xrp":0.9307432431},"vol":{"Bitcoin":1.6141688689,"CRC3":0.9024057087,"CRC3b":0.9100558419,"folio_equal-weight_btc_eth_xrp":1.6541464938},"occ":{"Bitcoin":1.0,"CRC3":0.6475290222,"CRC3b":0.637958021,"folio_equal-weight_btc_eth_xrp":0.9999999994},"VaR robust 0.02":{"Bitcoin":-0.1357533001,"CRC3":-0.1497214801,"CRC3b":-0.1521326382,"folio_equal-weight_btc_eth_xrp":-0.1510353431},"VaR sample 0.02":{"Bitcoin":-0.1357533001,"CRC3":-0.1413884398,"CRC3b":-0.1428460896,"folio_equal-weight_btc_eth_xrp":-0.140986635}}