{"net perf\/dd":{"Bitcoin":2.9626997549,"CRC3":7.4716327673,"CRC3b":8.0185654324,"folio_equal-weight_btc_eth_xrp":4.5006716709},"Sharpe":{"Bitcoin":1.6967243686,"CRC3":5.4131929165,"CRC3b":5.6175853907,"folio_equal-weight_btc_eth_xrp":2.514605988},"perf":{"Bitcoin":2.7575127786,"CRC3":4.8976598361,"CRC3b":5.1259631273,"folio_equal-weight_btc_eth_xrp":4.1889697471},"net perf":{"Bitcoin":2.7575127786,"CRC3":4.8976598361,"CRC3b":5.1259631273,"folio_equal-weight_btc_eth_xrp":4.1889697471},"dd":{"Bitcoin":0.9307432432,"CRC3":0.6555006099,"CRC3b":0.6392618693,"folio_equal-weight_btc_eth_xrp":0.9307432431},"vol":{"Bitcoin":1.6251978399,"CRC3":0.9047635862,"CRC3b":0.9124851285,"folio_equal-weight_btc_eth_xrp":1.6658553137},"occ":{"Bitcoin":1.0,"CRC3":0.6410616006,"CRC3b":0.6313662758,"folio_equal-weight_btc_eth_xrp":0.9999999994},"VaR robust 0.02":{"Bitcoin":-0.1371767497,"CRC3":-0.1507279989,"CRC3b":-0.1544449472,"folio_equal-weight_btc_eth_xrp":-0.1511150646},"VaR sample 0.02":{"Bitcoin":-0.1371767497,"CRC3":-0.1435709877,"CRC3b":-0.1448433205,"folio_equal-weight_btc_eth_xrp":-0.143160958}}