{"net perf\/dd":{"Bitcoin":2.8788155768,"CRC3":7.5270423195,"CRC3b":8.0260576866,"folio_equal-weight_btc_eth_xrp":4.4581072205},"Sharpe":{"Bitcoin":1.632657856,"CRC3":5.3958222228,"CRC3b":5.553643128,"folio_equal-weight_btc_eth_xrp":2.4670329412},"perf":{"Bitcoin":2.6794381466,"CRC3":4.9178349293,"CRC3b":5.1044420892,"folio_equal-weight_btc_eth_xrp":4.1493531725},"net perf":{"Bitcoin":2.6794381466,"CRC3":4.9178349293,"CRC3b":5.1044420892,"folio_equal-weight_btc_eth_xrp":4.1493531725},"dd":{"Bitcoin":0.9307432432,"CRC3":0.6533555573,"CRC3b":0.6359837281,"folio_equal-weight_btc_eth_xrp":0.9307432431},"vol":{"Bitcoin":1.6411510451,"CRC3":0.9114152999,"CRC3b":0.9191159697,"folio_equal-weight_btc_eth_xrp":1.6819204573},"occ":{"Bitcoin":1.0,"CRC3":0.6366461395,"CRC3b":0.6267870888,"folio_equal-weight_btc_eth_xrp":0.9999999993},"VaR robust 0.02":{"Bitcoin":-0.1394168926,"CRC3":-0.0644910779,"CRC3b":-0.0509635285,"folio_equal-weight_btc_eth_xrp":-0.1528325368},"VaR sample 0.02":{"Bitcoin":-0.1394168926,"CRC3":-0.0608922723,"CRC3b":-0.0487856173,"folio_equal-weight_btc_eth_xrp":-0.1448155956}}