{"net perf\/dd":{"Bitcoin":2.8532947936,"CRC3":6.8499126992,"CRC3b":7.2513168763,"folio_equal-weight_btc_eth_xrp":4.0790082267},"Sharpe":{"Bitcoin":1.6699391762,"CRC3":5.0456941528,"CRC3b":5.1638997824,"folio_equal-weight_btc_eth_xrp":2.3319239003},"perf":{"Bitcoin":2.6556848501,"CRC3":4.4901219523,"CRC3b":4.6354903812,"folio_equal-weight_btc_eth_xrp":3.7965093455},"net perf":{"Bitcoin":2.6556848501,"CRC3":4.4901219523,"CRC3b":4.6354903812,"folio_equal-weight_btc_eth_xrp":3.7965093455},"dd":{"Bitcoin":0.9307432432,"CRC3":0.6555006099,"CRC3b":0.6392618693,"folio_equal-weight_btc_eth_xrp":0.9307432431},"vol":{"Bitcoin":1.5902883698,"CRC3":0.8898918199,"CRC3b":0.8976724136,"folio_equal-weight_btc_eth_xrp":1.6280588509},"occ":{"Bitcoin":1.0,"CRC3":0.641158101,"CRC3b":0.6317778077,"folio_equal-weight_btc_eth_xrp":0.9999999994},"VaR sample 0.02":{"Bitcoin":-0.1357662393,"CRC3":-0.0755686378,"CRC3b":-0.0596143918,"folio_equal-weight_btc_eth_xrp":-0.1374143157},"VaR robust 0.02":{"Bitcoin":-0.1357688272,"CRC3":-0.0811732787,"CRC3b":-0.0651329876,"folio_equal-weight_btc_eth_xrp":-0.1497072066}}