{"net perf\/dd":{"Bitcoin":3.243255923,"CRC3":7.7917728164,"CRC3b":8.2850773358,"folio_equal-weight_btc_eth_xrp":4.6801761608},"Sharpe":{"Bitcoin":1.8744957891,"CRC3":5.6687129783,"CRC3b":5.8296628115,"folio_equal-weight_btc_eth_xrp":2.6400953854},"perf":{"Bitcoin":3.0186385365,"CRC3":5.1075118336,"CRC3b":5.2963340249,"folio_equal-weight_btc_eth_xrp":4.3560423382},"net perf":{"Bitcoin":3.0186385365,"CRC3":5.1075118336,"CRC3b":5.2963340249,"folio_equal-weight_btc_eth_xrp":4.3560423382},"dd":{"Bitcoin":0.9307432432,"CRC3":0.6555006099,"CRC3b":0.6392618693,"folio_equal-weight_btc_eth_xrp":0.9307432431},"vol":{"Bitcoin":1.6103736023,"CRC3":0.9010002541,"CRC3b":0.9085146425,"folio_equal-weight_btc_eth_xrp":1.6499564229},"occ":{"Bitcoin":1.0,"CRC3":0.6494939119,"CRC3b":0.6399303946,"folio_equal-weight_btc_eth_xrp":0.9999999994},"VaR robust 0.02":{"Bitcoin":-0.1357196581,"CRC3":-0.1494641126,"CRC3b":-0.1506719144,"folio_equal-weight_btc_eth_xrp":-0.1490528559},"VaR sample 0.02":{"Bitcoin":-0.1357196581,"CRC3":-0.1412573919,"CRC3b":-0.1419961828,"folio_equal-weight_btc_eth_xrp":-0.1400942666}}