{"net perf\/dd":{"Bitcoin":3.0575858284,"CRC3":7.2170062418,"CRC3b":7.6854999279,"folio_equal-weight_btc_eth_xrp":4.255478161},"Sharpe":{"Bitcoin":1.7751871944,"CRC3":5.2744503139,"CRC3b":5.432452674,"folio_equal-weight_btc_eth_xrp":2.4139280677},"perf":{"Bitcoin":2.8458273504,"CRC3":4.7307519933,"CRC3b":4.9130470503,"folio_equal-weight_btc_eth_xrp":3.9607575445},"net perf":{"Bitcoin":2.8458273504,"CRC3":4.7307519933,"CRC3b":4.9130470503,"folio_equal-weight_btc_eth_xrp":3.9607575445},"dd":{"Bitcoin":0.9307432432,"CRC3":0.6555006099,"CRC3b":0.6392618693,"folio_equal-weight_btc_eth_xrp":0.9307432431},"vol":{"Bitcoin":1.6031139473,"CRC3":0.8969184866,"CRC3b":0.9043883758,"folio_equal-weight_btc_eth_xrp":1.6407935255},"occ":{"Bitcoin":1.0,"CRC3":0.6458923474,"CRC3b":0.636601677,"folio_equal-weight_btc_eth_xrp":0.9999999994},"VaR sample 0.02":{"Bitcoin":-0.136088104,"CRC3":-0.0310660282,"CRC3b":-0.035176054,"folio_equal-weight_btc_eth_xrp":-0.1376936476},"VaR robust 0.02":{"Bitcoin":-0.1360979535,"CRC3":-0.032732815,"CRC3b":-0.0363690225,"folio_equal-weight_btc_eth_xrp":-0.1494146015}}