{"net perf\/dd":{"Bitcoin":3.1056703819,"CRC3":7.5833167088,"CRC3b":8.0677637849,"folio_equal-weight_btc_eth_xrp":4.5607108858},"Sharpe":{"Bitcoin":1.7934541736,"CRC3":5.5147294105,"CRC3b":5.674293165,"folio_equal-weight_btc_eth_xrp":2.5700780284},"perf":{"Bitcoin":2.8905817237,"CRC3":4.9708687279,"CRC3b":5.1574137581,"folio_equal-weight_btc_eth_xrp":4.2448508406},"net perf":{"Bitcoin":2.8905817237,"CRC3":4.9708687279,"CRC3b":5.1574137581,"folio_equal-weight_btc_eth_xrp":4.2448508406},"dd":{"Bitcoin":0.9307432432,"CRC3":0.6555006099,"CRC3b":0.6392618693,"folio_equal-weight_btc_eth_xrp":0.9307432431},"vol":{"Bitcoin":1.6117399409,"CRC3":0.9013803503,"CRC3b":0.9089085826,"folio_equal-weight_btc_eth_xrp":1.6516427882},"occ":{"Bitcoin":1.0,"CRC3":0.6485897689,"CRC3b":0.6390015822,"folio_equal-weight_btc_eth_xrp":0.9999999994},"VaR robust 0.02":{"Bitcoin":-0.1357351852,"CRC3":-0.1483189425,"CRC3b":-0.1498632977,"folio_equal-weight_btc_eth_xrp":-0.1496526733},"VaR sample 0.02":{"Bitcoin":-0.1357351852,"CRC3":-0.1406270778,"CRC3b":-0.1405835849,"folio_equal-weight_btc_eth_xrp":-0.140506129}}