{"net perf\/dd":{"Bitcoin":2.9057051644,"CRC3":7.4974618334,"CRC3b":7.9882406803,"folio_equal-weight_btc_eth_xrp":4.5016745441},"Sharpe":{"Bitcoin":1.6529812492,"CRC3":5.406826136,"CRC3b":5.5713543233,"folio_equal-weight_btc_eth_xrp":2.4982844462},"perf":{"Bitcoin":2.7044654486,"CRC3":4.9145908047,"CRC3b":5.1065776696,"folio_equal-weight_btc_eth_xrp":4.1899031645},"net perf":{"Bitcoin":2.7044654486,"CRC3":4.9145908047,"CRC3b":5.1065776696,"folio_equal-weight_btc_eth_xrp":4.1899031645},"dd":{"Bitcoin":0.9307432432,"CRC3":0.6555006099,"CRC3b":0.6392618693,"folio_equal-weight_btc_eth_xrp":0.9307432431},"vol":{"Bitcoin":1.6361138094,"CRC3":0.9089603921,"CRC3b":0.9165774376,"folio_equal-weight_btc_eth_xrp":1.6771121362},"occ":{"Bitcoin":1.0,"CRC3":0.6362553414,"CRC3b":0.6261808921,"folio_equal-weight_btc_eth_xrp":0.9999999993},"VaR robust 0.02":{"Bitcoin":-0.1389894901,"CRC3":-0.1528852753,"CRC3b":-0.1561940844,"folio_equal-weight_btc_eth_xrp":-0.1525981552},"VaR sample 0.02":{"Bitcoin":-0.1389894901,"CRC3":-0.1453416797,"CRC3b":-0.1456825745,"folio_equal-weight_btc_eth_xrp":-0.1443997214}}