{"net perf\/dd":{"Bitcoin":2.9451523618,"CRC3":7.388443225,"CRC3b":7.9287494702,"folio_equal-weight_btc_eth_xrp":4.4476440387},"Sharpe":{"Bitcoin":1.6878507873,"CRC3":5.3551591483,"CRC3b":5.556680327,"folio_equal-weight_btc_eth_xrp":2.4866373035},"perf":{"Bitcoin":2.7411806611,"CRC3":4.8431290404,"CRC3b":5.0685472075,"folio_equal-weight_btc_eth_xrp":4.1396146367},"net perf":{"Bitcoin":2.7411806611,"CRC3":4.8431290404,"CRC3b":5.0685472075,"folio_equal-weight_btc_eth_xrp":4.1396146367},"dd":{"Bitcoin":0.9307432432,"CRC3":0.6555006099,"CRC3b":0.6392618693,"folio_equal-weight_btc_eth_xrp":0.9307432431},"vol":{"Bitcoin":1.6240657537,"CRC3":0.9043856413,"CRC3b":0.9121538237,"folio_equal-weight_btc_eth_xrp":1.6647440424},"occ":{"Bitcoin":1.0,"CRC3":0.6415338879,"CRC3b":0.6318513201,"folio_equal-weight_btc_eth_xrp":0.9999999994},"VaR robust 0.02":{"Bitcoin":-0.1369974957,"CRC3":-0.1494266951,"CRC3b":-0.1531195645,"folio_equal-weight_btc_eth_xrp":-0.1511766714},"VaR sample 0.02":{"Bitcoin":-0.1369974957,"CRC3":-0.1429991678,"CRC3b":-0.1447601457,"folio_equal-weight_btc_eth_xrp":-0.143043616}}