{"net perf\/dd":{"Bitcoin":2.9771728773,"CRC3":7.0345081906,"CRC3b":7.4707827962,"folio_equal-weight_btc_eth_xrp":4.1925607704},"Sharpe":{"Bitcoin":1.7372609596,"CRC3":5.1680676152,"CRC3b":5.3062799836,"folio_equal-weight_btc_eth_xrp":2.3902774909},"perf":{"Bitcoin":2.7709835396,"CRC3":4.6111244095,"CRC3b":4.7757865753,"folio_equal-weight_btc_eth_xrp":3.9021976083},"net perf":{"Bitcoin":2.7709835396,"CRC3":4.6111244095,"CRC3b":4.7757865753,"folio_equal-weight_btc_eth_xrp":3.9021976083},"dd":{"Bitcoin":0.9307432432,"CRC3":0.6555006099,"CRC3b":0.6392618693,"folio_equal-weight_btc_eth_xrp":0.9307432431},"vol":{"Bitcoin":1.59503011,"CRC3":0.8922337618,"CRC3b":0.9000253643,"folio_equal-weight_btc_eth_xrp":1.6325291198},"occ":{"Bitcoin":1.0,"CRC3":0.6430167672,"CRC3b":0.6338541833,"folio_equal-weight_btc_eth_xrp":0.9999999994},"VaR sample 0.02":{"Bitcoin":-0.135841867,"CRC3":-0.0815263306,"CRC3b":-0.0815341567,"folio_equal-weight_btc_eth_xrp":-0.1384130642},"VaR robust 0.02":{"Bitcoin":-0.1358517165,"CRC3":-0.0884635723,"CRC3b":-0.0886061368,"folio_equal-weight_btc_eth_xrp":-0.1505263598}}