{"net perf\/dd":{"Bitcoin":3.1015537181,"CRC3":7.5730520428,"CRC3b":8.0582409196,"folio_equal-weight_btc_eth_xrp":4.5536365713},"Sharpe":{"Bitcoin":1.7913338803,"CRC3":5.5077874282,"CRC3b":5.6681097656,"folio_equal-weight_btc_eth_xrp":2.5664320724},"perf":{"Bitcoin":2.8867501667,"CRC3":4.9641402331,"CRC3b":5.1513261535,"folio_equal-weight_btc_eth_xrp":4.2382664703},"net perf":{"Bitcoin":2.8867501667,"CRC3":4.9641402331,"CRC3b":5.1513261535,"folio_equal-weight_btc_eth_xrp":4.2382664703},"dd":{"Bitcoin":0.9307432432,"CRC3":0.6555006099,"CRC3b":0.6392618693,"folio_equal-weight_btc_eth_xrp":0.9307432431},"vol":{"Bitcoin":1.6115087189,"CRC3":0.9012948117,"CRC3b":0.9088261107,"folio_equal-weight_btc_eth_xrp":1.6514235915},"occ":{"Bitcoin":1.0,"CRC3":0.6487407832,"CRC3b":0.6391567169,"folio_equal-weight_btc_eth_xrp":0.9999999994},"VaR robust 0.02":{"Bitcoin":-0.1357325973,"CRC3":-0.1483889563,"CRC3b":-0.149970463,"folio_equal-weight_btc_eth_xrp":-0.1496562951},"VaR sample 0.02":{"Bitcoin":-0.1357325973,"CRC3":-0.1407877052,"CRC3b":-0.1405066218,"folio_equal-weight_btc_eth_xrp":-0.1404374852}}