{"net perf\/dd":{"Bitcoin":2.9447882128,"CRC3":7.3979327808,"CRC3b":7.9345364639,"folio_equal-weight_btc_eth_xrp":4.4539230252},"Sharpe":{"Bitcoin":1.6868495785,"CRC3":5.359536756,"CRC3b":5.5581661433,"folio_equal-weight_btc_eth_xrp":2.4889817836},"perf":{"Bitcoin":2.7408417319,"CRC3":4.84934945,"CRC3b":5.0722466118,"folio_equal-weight_btc_eth_xrp":4.1454587609},"net perf":{"Bitcoin":2.7408417319,"CRC3":4.84934945,"CRC3b":5.0722466118,"folio_equal-weight_btc_eth_xrp":4.1454587609},"dd":{"Bitcoin":0.9307432432,"CRC3":0.6555006099,"CRC3b":0.6392618693,"folio_equal-weight_btc_eth_xrp":0.9307432431},"vol":{"Bitcoin":1.6248287736,"CRC3":0.904807574,"CRC3b":0.9125755656,"folio_equal-weight_btc_eth_xrp":1.6655239457},"occ":{"Bitcoin":1.0,"CRC3":0.641376597,"CRC3b":0.6316897806,"folio_equal-weight_btc_eth_xrp":0.9999999994},"VaR robust 0.02":{"Bitcoin":-0.137057247,"CRC3":-0.1498765477,"CRC3b":-0.1531707277,"folio_equal-weight_btc_eth_xrp":-0.1507783997},"VaR sample 0.02":{"Bitcoin":-0.137057247,"CRC3":-0.1432669265,"CRC3b":-0.1446524125,"folio_equal-weight_btc_eth_xrp":-0.14308273}}