{"net perf\/dd":{"Bitcoin":2.8759809373,"CRC3":6.8667880924,"CRC3b":7.2817866706,"folio_equal-weight_btc_eth_xrp":4.085687519},"Sharpe":{"Bitcoin":1.6817950595,"CRC3":5.0542012764,"CRC3b":5.1814170421,"folio_equal-weight_btc_eth_xrp":2.3339103098},"perf":{"Bitcoin":2.6767998251,"CRC3":4.5011837828,"CRC3b":4.6549685588,"folio_equal-weight_btc_eth_xrp":3.8027260517},"net perf":{"Bitcoin":2.6767998251,"CRC3":4.5011837828,"CRC3b":4.6549685588,"folio_equal-weight_btc_eth_xrp":3.8027260517},"dd":{"Bitcoin":0.9307432432,"CRC3":0.6555006099,"CRC3b":0.6392618693,"folio_equal-weight_btc_eth_xrp":0.9307432431},"vol":{"Bitcoin":1.5916325892,"CRC3":0.8905826137,"CRC3b":0.8983968133,"folio_equal-weight_btc_eth_xrp":1.6293368412},"occ":{"Bitcoin":1.0,"CRC3":0.6414220955,"CRC3b":0.6321642684,"folio_equal-weight_btc_eth_xrp":0.9999999994},"VaR sample 0.02":{"Bitcoin":-0.1357765907,"CRC3":-0.0674793136,"CRC3b":-0.0614027049,"folio_equal-weight_btc_eth_xrp":-0.1381537215},"VaR robust 0.02":{"Bitcoin":-0.1357791785,"CRC3":-0.0731401716,"CRC3b":-0.0670955845,"folio_equal-weight_btc_eth_xrp":-0.1497136603}}