{"net perf\/dd":{"Bitcoin":2.9114836369,"CRC3":7.5201847921,"CRC3b":8.0082155658,"folio_equal-weight_btc_eth_xrp":4.5175192109},"Sharpe":{"Bitcoin":1.6560208381,"CRC3":5.4228042775,"CRC3b":5.5848772099,"folio_equal-weight_btc_eth_xrp":2.5067496822},"perf":{"Bitcoin":2.7098437228,"CRC3":4.929485718,"CRC3b":5.1193468523,"folio_equal-weight_btc_eth_xrp":4.2046504811},"net perf":{"Bitcoin":2.7098437228,"CRC3":4.929485718,"CRC3b":5.1193468523,"folio_equal-weight_btc_eth_xrp":4.2046504811},"dd":{"Bitcoin":0.9307432432,"CRC3":0.6555006099,"CRC3b":0.6392618693,"folio_equal-weight_btc_eth_xrp":0.9307432431},"vol":{"Bitcoin":1.6363584687,"CRC3":0.9090288835,"CRC3b":0.9166444776,"folio_equal-weight_btc_eth_xrp":1.6773316104},"occ":{"Bitcoin":1.0,"CRC3":0.6360931003,"CRC3b":0.6260141574,"folio_equal-weight_btc_eth_xrp":0.9999999993},"VaR robust 0.02":{"Bitcoin":-0.1390179836,"CRC3":-0.1533110741,"CRC3b":-0.1560983523,"folio_equal-weight_btc_eth_xrp":-0.1526781222},"VaR sample 0.02":{"Bitcoin":-0.1390179836,"CRC3":-0.1455764465,"CRC3b":-0.1456194014,"folio_equal-weight_btc_eth_xrp":-0.1444274464}}