{"net perf\/dd":{"Bitcoin":3.0704978959,"CRC3":7.3557228641,"CRC3b":7.8363361742,"folio_equal-weight_btc_eth_xrp":4.3677940784},"Sharpe":{"Bitcoin":1.7780126054,"CRC3":5.3595295806,"CRC3b":5.5223343061,"folio_equal-weight_btc_eth_xrp":2.4706425593},"perf":{"Bitcoin":2.85784517,"CRC3":4.8216808239,"CRC3b":5.0094709111,"folio_equal-weight_btc_eth_xrp":4.0652948257},"net perf":{"Bitcoin":2.85784517,"CRC3":4.8216808239,"CRC3b":5.0094709111,"folio_equal-weight_btc_eth_xrp":4.0652948257},"dd":{"Bitcoin":0.9307432432,"CRC3":0.6555006099,"CRC3b":0.6392618693,"folio_equal-weight_btc_eth_xrp":0.9307432431},"vol":{"Bitcoin":1.6073255956,"CRC3":0.8996462752,"CRC3b":0.907129238,"folio_equal-weight_btc_eth_xrp":1.6454402966},"occ":{"Bitcoin":1.0,"CRC3":0.6481013717,"CRC3b":0.6386024458,"folio_equal-weight_btc_eth_xrp":0.9999999994},"VaR sample 0.02":{"Bitcoin":-0.1362456956,"CRC3":-0.0345999874,"CRC3b":-0.0433707471,"folio_equal-weight_btc_eth_xrp":-0.1385510305},"VaR robust 0.02":{"Bitcoin":-0.1362555451,"CRC3":-0.037015378,"CRC3b":-0.0462845932,"folio_equal-weight_btc_eth_xrp":-0.1494486752}}