{"net perf\/dd":{"Bitcoin":2.9309454422,"CRC3":7.9708207849,"CRC3b":8.5417705951,"folio_equal-weight_btc_eth_xrp":4.5169403269},"Sharpe":{"Bitcoin":1.6524527175,"CRC3":5.5833655836,"CRC3b":5.7561842437,"folio_equal-weight_btc_eth_xrp":2.487988054},"perf":{"Bitcoin":2.7279576666,"CRC3":5.0984184695,"CRC3b":5.2991441765,"folio_equal-weight_btc_eth_xrp":4.2041116887},"net perf":{"Bitcoin":2.7279576666,"CRC3":5.0984184695,"CRC3b":5.2991441765,"folio_equal-weight_btc_eth_xrp":4.2041116887},"dd":{"Bitcoin":0.9307432432,"CRC3":0.6396353157,"CRC3b":0.6203800626,"folio_equal-weight_btc_eth_xrp":0.9307432431},"vol":{"Bitcoin":1.6508536903,"CRC3":0.9131443021,"CRC3b":0.9206001671,"folio_equal-weight_btc_eth_xrp":1.6897636152},"occ":{"Bitcoin":1.0,"CRC3":0.6364667992,"CRC3b":0.6264400186,"folio_equal-weight_btc_eth_xrp":0.9999999993},"VaR robust 0.02":{"Bitcoin":-0.1404154617,"CRC3":-0.0276970223,"CRC3b":-0.0284086241,"folio_equal-weight_btc_eth_xrp":-0.1533800772},"VaR sample 0.02":{"Bitcoin":-0.1404154617,"CRC3":-0.0264520121,"CRC3b":-0.0267503422,"folio_equal-weight_btc_eth_xrp":-0.1458576504}}