{"net perf\/dd":{"Bitcoin":2.9943694915,"CRC3":8.0361532285,"CRC3b":8.6144357749,"folio_equal-weight_btc_eth_xrp":4.6806123905},"Sharpe":{"Bitcoin":1.69277065,"CRC3":5.6288975871,"CRC3b":5.8036494929,"folio_equal-weight_btc_eth_xrp":2.5826348476},"perf":{"Bitcoin":2.786989172,"CRC3":5.1402074077,"CRC3b":5.3442242052,"folio_equal-weight_btc_eth_xrp":4.356448356},"net perf":{"Bitcoin":2.786989172,"CRC3":5.1402074077,"CRC3b":5.3442242052,"folio_equal-weight_btc_eth_xrp":4.356448356},"dd":{"Bitcoin":0.9307432432,"CRC3":0.6396353157,"CRC3b":0.6203800626,"folio_equal-weight_btc_eth_xrp":0.9307432431},"vol":{"Bitcoin":1.6464068372,"CRC3":0.9131819025,"CRC3b":0.9208385537,"folio_equal-weight_btc_eth_xrp":1.6868231915},"occ":{"Bitcoin":1.0,"CRC3":0.6373500859,"CRC3b":0.6275650442,"folio_equal-weight_btc_eth_xrp":0.9999999993},"VaR robust 0.02":{"Bitcoin":-0.1398727886,"CRC3":-0.1548564662,"CRC3b":-0.1570733861,"folio_equal-weight_btc_eth_xrp":-0.1534762733},"VaR sample 0.02":{"Bitcoin":-0.1398727886,"CRC3":-0.1482681167,"CRC3b":-0.149054226,"folio_equal-weight_btc_eth_xrp":-0.1452591946}}