{"net perf\/dd":{"Bitcoin":3.4297820765,"CRC3":9.7990578141,"CRC3b":10.1573990792,"CRC4":8.3386076836,"folio_equal-weight_btc_eth_xrp":5.2880083092},"Sharpe":{"Bitcoin":1.9153735474,"CRC3":6.1754426123,"CRC3b":6.3461982234,"CRC4":5.4701360619,"folio_equal-weight_btc_eth_xrp":2.8860592103},"perf":{"Bitcoin":3.1922464935,"CRC3":5.688414006,"CRC3b":5.8964333391,"CRC4":5.3588852014,"folio_equal-weight_btc_eth_xrp":4.921778004},"net perf":{"Bitcoin":3.1922464935,"CRC3":5.688414006,"CRC3b":5.8964333391,"CRC4":5.3588852014,"folio_equal-weight_btc_eth_xrp":4.921778004},"dd":{"Bitcoin":0.9307432432,"CRC3":0.5805062195,"CRC3b":0.5805062195,"CRC4":0.6426594708,"folio_equal-weight_btc_eth_xrp":0.9307432432},"vol":{"Bitcoin":1.6666443461,"CRC3":0.9211346236,"CRC3b":0.9291284532,"CRC4":0.9796621402,"folio_equal-weight_btc_eth_xrp":1.7053627959},"occ":{"Bitcoin":1.0,"CRC3":0.639737455,"CRC3b":0.6299820234,"CRC4":0.6580531499,"folio_equal-weight_btc_eth_xrp":1.0},"VaR robust 0.02":{"Bitcoin":-0.1424569062,"CRC3":-0.1388457405,"CRC3b":-0.1137038644,"CRC4":-0.1247426038,"folio_equal-weight_btc_eth_xrp":-0.1542607609},"VaR sample 0.02":{"Bitcoin":-0.1424569062,"CRC3":-0.1339675933,"CRC3b":-0.1075687237,"CRC4":-0.1170249458,"folio_equal-weight_btc_eth_xrp":-0.1483479955}}