{"net perf\/dd":{"Bitcoin":3.0564309381,"CRC3":7.5973753005,"CRC3b":8.1319239208,"folio_equal-weight_btc_eth_xrp":4.5619878298},"Sharpe":{"Bitcoin":1.7580096605,"CRC3":5.5104199518,"CRC3b":5.7037108688,"folio_equal-weight_btc_eth_xrp":2.5602520063},"perf":{"Bitcoin":2.8447524441,"CRC3":4.9800841433,"CRC3b":5.1984288865,"folio_equal-weight_btc_eth_xrp":4.2460393477},"net perf":{"Bitcoin":2.8447524441,"CRC3":4.9800841433,"CRC3b":5.1984288865,"folio_equal-weight_btc_eth_xrp":4.2460393477},"dd":{"Bitcoin":0.9307432432,"CRC3":0.6555006099,"CRC3b":0.6392618693,"folio_equal-weight_btc_eth_xrp":0.9307432431},"vol":{"Bitcoin":1.6181665596,"CRC3":0.9037576422,"CRC3b":0.9114117118,"folio_equal-weight_btc_eth_xrp":1.6584458628},"occ":{"Bitcoin":1.0,"CRC3":0.6453882007,"CRC3b":0.6357868483,"folio_equal-weight_btc_eth_xrp":0.9999999994},"VaR robust 0.02":{"Bitcoin":-0.1357895299,"CRC3":-0.1508271873,"CRC3b":-0.1536958576,"folio_equal-weight_btc_eth_xrp":-0.1514388235},"VaR sample 0.02":{"Bitcoin":-0.1357895299,"CRC3":-0.143276734,"CRC3b":-0.1440214659,"folio_equal-weight_btc_eth_xrp":-0.1419689947}}