{"net perf\/dd":{"Bitcoin":3.1292651035,"CRC3":9.0408133743,"CRC3b":9.4734265144,"folio_equal-weight_btc_eth_xrp":4.8597711729},"Sharpe":{"Bitcoin":1.7593370296,"CRC3":5.77771027,"CRC3b":5.9523890974,"folio_equal-weight_btc_eth_xrp":2.6693323908},"perf":{"Bitcoin":2.9125423514,"CRC3":5.2945337799,"CRC3b":5.4993830113,"folio_equal-weight_btc_eth_xrp":4.5231991829},"net perf":{"Bitcoin":2.9125423514,"CRC3":5.2945337799,"CRC3b":5.4993830113,"folio_equal-weight_btc_eth_xrp":4.5231991829},"dd":{"Bitcoin":0.9307432432,"CRC3":0.5856258238,"CRC3b":0.5805062195,"folio_equal-weight_btc_eth_xrp":0.9307432432},"vol":{"Bitcoin":1.6554772067,"CRC3":0.9163723227,"CRC3b":0.9238950817,"folio_equal-weight_btc_eth_xrp":1.6945057867},"occ":{"Bitcoin":1.0,"CRC3":0.6395491137,"CRC3b":0.629641205,"folio_equal-weight_btc_eth_xrp":1.0},"VaR robust 0.02":{"Bitcoin":-0.1410980157,"CRC3":-0.0558180298,"CRC3b":-0.0378883954,"folio_equal-weight_btc_eth_xrp":-0.1544400047},"VaR sample 0.02":{"Bitcoin":-0.1410980157,"CRC3":-0.0533730798,"CRC3b":-0.0357798994,"folio_equal-weight_btc_eth_xrp":-0.1470083202}}