{"net perf\/dd":{"Bitcoin":2.9840489591,"CRC3":7.0624293137,"CRC3b":7.5500167083,"folio_equal-weight_btc_eth_xrp":4.2119040353},"Sharpe":{"Bitcoin":1.7402506142,"CRC3":5.1854975011,"CRC3b":5.3608344456,"folio_equal-weight_btc_eth_xrp":2.3998888582},"perf":{"Bitcoin":2.7773834062,"CRC3":4.6294267227,"CRC3b":4.8264377941,"folio_equal-weight_btc_eth_xrp":3.9202012215},"net perf":{"Bitcoin":2.7773834062,"CRC3":4.6294267227,"CRC3b":4.8264377941,"folio_equal-weight_btc_eth_xrp":3.9202012215},"dd":{"Bitcoin":0.9307432432,"CRC3":0.6555006099,"CRC3b":0.6392618693,"folio_equal-weight_btc_eth_xrp":0.9307432431},"vol":{"Bitcoin":1.5959674908,"CRC3":0.8927642375,"CRC3b":0.9003146512,"folio_equal-weight_btc_eth_xrp":1.6334928212},"occ":{"Bitcoin":1.0,"CRC3":0.6429946661,"CRC3b":0.6337825101,"folio_equal-weight_btc_eth_xrp":0.9999999994},"VaR sample 0.02":{"Bitcoin":-0.135861566,"CRC3":-0.0860838754,"CRC3b":-0.1049008478,"folio_equal-weight_btc_eth_xrp":-0.1381492364},"VaR robust 0.02":{"Bitcoin":-0.1358714155,"CRC3":-0.0934469012,"CRC3b":-0.1152268696,"folio_equal-weight_btc_eth_xrp":-0.1505787022}}