{"net perf\/dd":{"Bitcoin":3.4709641567,"CRC3":9.8198583163,"CRC3b":10.3021954222,"CRC4":8.4773780053,"folio_equal-weight_btc_eth_xrp":5.1411828683},"Sharpe":{"Bitcoin":1.9315743828,"CRC3":6.1824101147,"CRC3b":6.4164492276,"CRC4":5.5440214096,"folio_equal-weight_btc_eth_xrp":2.7996619893},"perf":{"Bitcoin":3.2305764363,"CRC3":5.7004888269,"CRC3b":5.9804885168,"CRC4":5.4480672629,"folio_equal-weight_btc_eth_xrp":4.7851212169},"net perf":{"Bitcoin":3.2305764363,"CRC3":5.7004888269,"CRC3b":5.9804885168,"CRC4":5.4480672629,"folio_equal-weight_btc_eth_xrp":4.7851212169},"dd":{"Bitcoin":0.9307432432,"CRC3":0.5805062195,"CRC3b":0.5805062195,"CRC4":0.6426594708,"folio_equal-weight_btc_eth_xrp":0.9307432432},"vol":{"Bitcoin":1.6725094643,"CRC3":0.9220496087,"CRC3b":0.9320557686,"CRC4":0.9826923203,"folio_equal-weight_btc_eth_xrp":1.709178192},"occ":{"Bitcoin":1.0,"CRC3":0.6389494013,"CRC3b":0.6301839819,"CRC4":0.6580533664,"folio_equal-weight_btc_eth_xrp":1.0},"VaR robust 0.02":{"Bitcoin":-0.14308273,"CRC3":-0.0516733716,"CRC3b":-0.0635867606,"CRC4":-0.0729853496,"folio_equal-weight_btc_eth_xrp":-0.1541217219},"VaR sample 0.02":{"Bitcoin":-0.14308273,"CRC3":-0.0491976585,"CRC3b":-0.0612082629,"CRC4":-0.0694944539,"folio_equal-weight_btc_eth_xrp":-0.1461831227}}