{"net perf\/dd":{"Bitcoin":3.0344581646,"CRC3":7.1826009284,"CRC3b":7.6483638558,"folio_equal-weight_btc_eth_xrp":4.2330384484},"Sharpe":{"Bitcoin":1.7624547086,"CRC3":5.2520335313,"CRC3b":5.4090006496,"folio_equal-weight_btc_eth_xrp":2.4021190778},"perf":{"Bitcoin":2.8243014336,"CRC3":4.7081992894,"CRC3b":4.8893073755,"folio_equal-weight_btc_eth_xrp":3.9398719336},"net perf":{"Bitcoin":2.8243014336,"CRC3":4.7081992894,"CRC3b":4.8893073755,"folio_equal-weight_btc_eth_xrp":3.9398719336},"dd":{"Bitcoin":0.9307432432,"CRC3":0.6555006099,"CRC3b":0.6392618693,"folio_equal-weight_btc_eth_xrp":0.9307432431},"vol":{"Bitcoin":1.6024817091,"CRC3":0.8964526333,"CRC3b":0.9039206486,"folio_equal-weight_btc_eth_xrp":1.6401651234},"occ":{"Bitcoin":1.0,"CRC3":0.6456479607,"CRC3b":0.6363620913,"folio_equal-weight_btc_eth_xrp":0.9999999994},"VaR sample 0.02":{"Bitcoin":-0.136068405,"CRC3":-0.0268431717,"CRC3b":-0.0306713644,"folio_equal-weight_btc_eth_xrp":-0.1376460571},"VaR robust 0.02":{"Bitcoin":-0.1360782545,"CRC3":-0.0283195298,"CRC3b":-0.0317365504,"folio_equal-weight_btc_eth_xrp":-0.1495172433}}