{"net perf\/dd":{"Bitcoin":2.8774351353,"CRC3":6.8844087908,"CRC3b":7.3076277755,"folio_equal-weight_btc_eth_xrp":4.076672999},"Sharpe":{"Bitcoin":1.6810109714,"CRC3":5.0622349861,"CRC3b":5.1946956774,"folio_equal-weight_btc_eth_xrp":2.3265254242},"perf":{"Bitcoin":2.67815331,"CRC3":4.5127341614,"CRC3b":4.6714877918,"folio_equal-weight_btc_eth_xrp":3.7943358482},"net perf":{"Bitcoin":2.67815331,"CRC3":4.5127341614,"CRC3b":4.6714877918,"folio_equal-weight_btc_eth_xrp":3.7943358482},"dd":{"Bitcoin":0.9307432432,"CRC3":0.6555006099,"CRC3b":0.6392618693,"folio_equal-weight_btc_eth_xrp":0.9307432431},"vol":{"Bitcoin":1.5931801491,"CRC3":0.8914509448,"CRC3b":0.8992803586,"folio_equal-weight_btc_eth_xrp":1.6309023786},"occ":{"Bitcoin":1.0,"CRC3":0.6417831261,"CRC3b":0.632621725,"folio_equal-weight_btc_eth_xrp":0.9999999994},"VaR sample 0.02":{"Bitcoin":-0.1357895299,"CRC3":-0.0480449305,"CRC3b":-0.0439456724,"folio_equal-weight_btc_eth_xrp":-0.1382643961},"VaR robust 0.02":{"Bitcoin":-0.1357921178,"CRC3":-0.0510791832,"CRC3b":-0.0475286203,"folio_equal-weight_btc_eth_xrp":-0.1496574639}}