{"net perf\/dd":{"Bitcoin":3.1339138866,"CRC3":7.3227909004,"CRC3b":7.7984241713,"folio_equal-weight_btc_eth_xrp":4.3822562777},"Sharpe":{"Bitcoin":1.8172930843,"CRC3":5.3447570255,"CRC3b":5.5050358724,"folio_equal-weight_btc_eth_xrp":2.4828862245},"perf":{"Bitcoin":2.9168691748,"CRC3":4.8000939015,"CRC3b":4.9852352133,"folio_equal-weight_btc_eth_xrp":4.0787554199},"net perf":{"Bitcoin":2.9168691748,"CRC3":4.8000939015,"CRC3b":4.9852352133,"folio_equal-weight_btc_eth_xrp":4.0787554199},"dd":{"Bitcoin":0.9307432432,"CRC3":0.6555006099,"CRC3b":0.6392618693,"folio_equal-weight_btc_eth_xrp":0.9307432431},"vol":{"Bitcoin":1.6050626066,"CRC3":0.8980939412,"CRC3b":0.905577244,"folio_equal-weight_btc_eth_xrp":1.6427476135},"occ":{"Bitcoin":1.0,"CRC3":0.6469339246,"CRC3b":0.6375582077,"folio_equal-weight_btc_eth_xrp":0.9999999994},"VaR sample 0.02":{"Bitcoin":-0.1361668998,"CRC3":-0.0588506648,"CRC3b":-0.0590694022,"folio_equal-weight_btc_eth_xrp":-0.1383192892},"VaR robust 0.02":{"Bitcoin":-0.1361767493,"CRC3":-0.0628265645,"CRC3b":-0.061979258,"folio_equal-weight_btc_eth_xrp":-0.149847737}}