{"net perf\/dd":{"Bitcoin":3.4625048175,"CRC3":9.8021712802,"CRC3b":10.2802737525,"CRC4":8.458519304,"folio_equal-weight_btc_eth_xrp":5.1560752893},"Sharpe":{"Bitcoin":1.9281456348,"CRC3":6.1753606228,"CRC3b":6.4069805626,"CRC4":5.5352749291,"folio_equal-weight_btc_eth_xrp":2.8094978635},"perf":{"Bitcoin":3.2227029636,"CRC3":5.6902213924,"CRC3b":5.9677628512,"CRC4":5.4359475399,"folio_equal-weight_btc_eth_xrp":4.7989822372},"net perf":{"Bitcoin":3.2227029636,"CRC3":5.6902213924,"CRC3b":5.9677628512,"CRC4":5.4359475399,"folio_equal-weight_btc_eth_xrp":4.7989822372},"dd":{"Bitcoin":0.9307432432,"CRC3":0.5805062195,"CRC3b":0.5805062195,"CRC4":0.6426594708,"folio_equal-weight_btc_eth_xrp":0.9307432432},"vol":{"Bitcoin":1.6714001813,"CRC3":0.9214395304,"CRC3b":0.9314470042,"CRC4":0.9820555635,"folio_equal-weight_btc_eth_xrp":1.7081280963},"occ":{"Bitcoin":1.0,"CRC3":0.6386996345,"CRC3b":0.629980567,"CRC4":0.6578751926,"folio_equal-weight_btc_eth_xrp":1.0},"VaR robust 0.02":{"Bitcoin":-0.143004502,"CRC3":-0.0704346382,"CRC3b":-0.0776148382,"CRC4":-0.0813059203,"folio_equal-weight_btc_eth_xrp":-0.1543798019},"VaR sample 0.02":{"Bitcoin":-0.143004502,"CRC3":-0.0680526205,"CRC3b":-0.0742411842,"CRC4":-0.077416059,"folio_equal-weight_btc_eth_xrp":-0.1470797594}}