{"net perf\/dd":{"Bitcoin":2.9269780081,"CRC3":7.2853937914,"CRC3b":7.7908800711,"folio_equal-weight_btc_eth_xrp":4.3828191353},"Sharpe":{"Bitcoin":1.6811352844,"CRC3":5.2896456625,"CRC3b":5.4694801136,"folio_equal-weight_btc_eth_xrp":2.4556524956},"perf":{"Bitcoin":2.7242650041,"CRC3":4.7755800738,"CRC3b":4.9804125576,"folio_equal-weight_btc_eth_xrp":4.0792792959},"net perf":{"Bitcoin":2.7242650041,"CRC3":4.7755800738,"CRC3b":4.9804125576,"folio_equal-weight_btc_eth_xrp":4.0792792959},"dd":{"Bitcoin":0.9307432432,"CRC3":0.6555006099,"CRC3b":0.6392618693,"folio_equal-weight_btc_eth_xrp":0.9307432431},"vol":{"Bitcoin":1.6204912415,"CRC3":0.9028166305,"CRC3b":0.9105824419,"folio_equal-weight_btc_eth_xrp":1.6611793824},"occ":{"Bitcoin":1.0,"CRC3":0.643255026,"CRC3b":0.633618948,"folio_equal-weight_btc_eth_xrp":0.9999999994},"VaR robust 0.02":{"Bitcoin":-0.1363402311,"CRC3":-0.1476927069,"CRC3b":-0.1495442277,"folio_equal-weight_btc_eth_xrp":-0.1503900852},"VaR sample 0.02":{"Bitcoin":-0.1363402311,"CRC3":-0.1411045828,"CRC3b":-0.1426133621,"folio_equal-weight_btc_eth_xrp":-0.142613362}}