{"net perf\/dd":{"Bitcoin":3.062596723,"CRC3":7.5543754486,"CRC3b":8.0714161409,"folio_equal-weight_btc_eth_xrp":4.533479863},"Sharpe":{"Bitcoin":1.7625660126,"CRC3":5.4814850662,"CRC3b":5.6632932635,"folio_equal-weight_btc_eth_xrp":2.5459352971},"perf":{"Bitcoin":2.8504912067,"CRC3":4.9518977142,"CRC3b":5.15974857,"folio_equal-weight_btc_eth_xrp":4.2195057502},"net perf":{"Bitcoin":2.8504912067,"CRC3":4.9518977142,"CRC3b":5.15974857,"folio_equal-weight_btc_eth_xrp":4.2195057502},"dd":{"Bitcoin":0.9307432432,"CRC3":0.6555006099,"CRC3b":0.6392618693,"folio_equal-weight_btc_eth_xrp":0.9307432431},"vol":{"Bitcoin":1.6172394034,"CRC3":0.9033861544,"CRC3b":0.9110862408,"folio_equal-weight_btc_eth_xrp":1.657349955},"occ":{"Bitcoin":1.0,"CRC3":0.6458491345,"CRC3b":0.6362602623,"folio_equal-weight_btc_eth_xrp":0.9999999994},"VaR robust 0.02":{"Bitcoin":-0.1357817664,"CRC3":-0.1494075772,"CRC3b":-0.1520015461,"folio_equal-weight_btc_eth_xrp":-0.1510931562},"VaR sample 0.02":{"Bitcoin":-0.1357817664,"CRC3":-0.1421947018,"CRC3b":-0.1428015237,"folio_equal-weight_btc_eth_xrp":-0.141741716}}