{"net perf\/dd":{"Bitcoin":2.9233836811,"CRC3":7.8059587867,"CRC3b":8.341873109,"folio_equal-weight_btc_eth_xrp":4.5456928076},"Sharpe":{"Bitcoin":1.6535417337,"CRC3":5.4689112793,"CRC3b":5.6326248218,"folio_equal-weight_btc_eth_xrp":2.5091668373},"perf":{"Bitcoin":2.7209196086,"CRC3":4.9971904381,"CRC3b":5.1902197753,"folio_equal-weight_btc_eth_xrp":4.2308728658},"net perf":{"Bitcoin":2.7209196086,"CRC3":4.9971904381,"CRC3b":5.1902197753,"folio_equal-weight_btc_eth_xrp":4.2308728658},"dd":{"Bitcoin":0.9307432432,"CRC3":0.6401763799,"CRC3b":0.6221887707,"folio_equal-weight_btc_eth_xrp":0.9307432431},"vol":{"Bitcoin":1.6455100909,"CRC3":0.9137450185,"CRC3b":0.9214566813,"folio_equal-weight_btc_eth_xrp":1.6861664211},"occ":{"Bitcoin":1.0,"CRC3":0.6375264869,"CRC3b":0.6277640828,"folio_equal-weight_btc_eth_xrp":0.9999999993},"VaR robust 0.02":{"Bitcoin":-0.1397873081,"CRC3":-0.0737757733,"CRC3b":-0.0691084205,"folio_equal-weight_btc_eth_xrp":-0.1529965813},"VaR sample 0.02":{"Bitcoin":-0.1397873081,"CRC3":-0.0697560188,"CRC3b":-0.0661189981,"folio_equal-weight_btc_eth_xrp":-0.1451760198}}