{"net perf\/dd":{"Bitcoin":3.1671032417,"CRC3":7.6276942203,"CRC3b":8.1176533996,"folio_equal-weight_btc_eth_xrp":4.5703475921},"Sharpe":{"Bitcoin":1.8300754629,"CRC3":5.5435768753,"CRC3b":5.7059822371,"folio_equal-weight_btc_eth_xrp":2.5786285619},"perf":{"Bitcoin":2.9477599429,"CRC3":4.9999582137,"CRC3b":5.1893062865,"folio_equal-weight_btc_eth_xrp":4.2538201399},"net perf":{"Bitcoin":2.9477599429,"CRC3":4.9999582137,"CRC3b":5.1893062865,"folio_equal-weight_btc_eth_xrp":4.2538201399},"dd":{"Bitcoin":0.9307432432,"CRC3":0.6555006099,"CRC3b":0.6392618693,"folio_equal-weight_btc_eth_xrp":0.9307432431},"vol":{"Bitcoin":1.6107313619,"CRC3":0.9019372016,"CRC3b":0.9094501299,"folio_equal-weight_btc_eth_xrp":1.6496443896},"occ":{"Bitcoin":1.0,"CRC3":0.6498763335,"CRC3b":0.6403150467,"folio_equal-weight_btc_eth_xrp":0.9999999994},"VaR robust 0.02":{"Bitcoin":-0.1364814304,"CRC3":-0.1019973151,"CRC3b":-0.0963684395,"folio_equal-weight_btc_eth_xrp":-0.1492973822},"VaR sample 0.02":{"Bitcoin":-0.1364814304,"CRC3":-0.0963900668,"CRC3b":-0.0915108959,"folio_equal-weight_btc_eth_xrp":-0.1398883354}}