{"net perf\/dd":{"Bitcoin":3.0127165542,"CRC3":7.0666482275,"CRC3b":7.5195144978,"folio_equal-weight_btc_eth_xrp":4.1742983033},"Sharpe":{"Bitcoin":1.7554632036,"CRC3":5.1845189242,"CRC3b":5.3356080859,"folio_equal-weight_btc_eth_xrp":2.3765579405},"perf":{"Bitcoin":2.8040655766,"CRC3":4.6321922232,"CRC3b":4.806938894,"folio_equal-weight_btc_eth_xrp":3.8851999405},"net perf":{"Bitcoin":2.8040655766,"CRC3":4.6321922232,"CRC3b":4.806938894,"folio_equal-weight_btc_eth_xrp":3.8851999405},"dd":{"Bitcoin":0.9307432432,"CRC3":0.6555006099,"CRC3b":0.6392618693,"folio_equal-weight_btc_eth_xrp":0.9307432431},"vol":{"Bitcoin":1.5973365724,"CRC3":0.8934661617,"CRC3b":0.9009167871,"folio_equal-weight_btc_eth_xrp":1.6348012705},"occ":{"Bitcoin":1.0,"CRC3":0.6432132235,"CRC3b":0.633994498,"folio_equal-weight_btc_eth_xrp":0.9999999994},"VaR sample 0.02":{"Bitcoin":-0.1359009639,"CRC3":-0.0481878127,"CRC3b":-0.048167338,"folio_equal-weight_btc_eth_xrp":-0.13743169},"VaR robust 0.02":{"Bitcoin":-0.1359108134,"CRC3":-0.0517157186,"CRC3b":-0.0509818442,"folio_equal-weight_btc_eth_xrp":-0.1497023643}}