{"net perf\/dd":{"Bitcoin":3.0604567899,"CRC3":7.5465769947,"CRC3b":8.042847237,"folio_equal-weight_btc_eth_xrp":4.5372691051},"Sharpe":{"Bitcoin":1.7639973204,"CRC3":5.4801507244,"CRC3b":5.6479263834,"folio_equal-weight_btc_eth_xrp":2.5519436602},"perf":{"Bitcoin":2.8484994784,"CRC3":4.9467858229,"CRC3b":5.1414855591,"folio_equal-weight_btc_eth_xrp":4.2230325616},"net perf":{"Bitcoin":2.8484994784,"CRC3":4.9467858229,"CRC3b":5.1414855591,"folio_equal-weight_btc_eth_xrp":4.2230325616},"dd":{"Bitcoin":0.9307432432,"CRC3":0.6555006099,"CRC3b":0.6392618693,"folio_equal-weight_btc_eth_xrp":0.9307432431},"vol":{"Bitcoin":1.6147980757,"CRC3":0.9026733153,"CRC3b":0.9103315465,"folio_equal-weight_btc_eth_xrp":1.6548298568},"occ":{"Bitcoin":1.0,"CRC3":0.6470724536,"CRC3b":0.6375167035,"folio_equal-weight_btc_eth_xrp":0.9999999994},"VaR robust 0.02":{"Bitcoin":-0.1357610636,"CRC3":-0.1494807275,"CRC3b":-0.1517002293,"folio_equal-weight_btc_eth_xrp":-0.1510250127},"VaR sample 0.02":{"Bitcoin":-0.1357610636,"CRC3":-0.1415544036,"CRC3b":-0.1421294632,"folio_equal-weight_btc_eth_xrp":-0.1411925662}}