{"net perf\/dd":{"Bitcoin":3.0532290345,"CRC3":8.4158096434,"CRC3b":9.1319458513,"folio_equal-weight_btc_eth_xrp":4.714942525},"Sharpe":{"Bitcoin":1.7181438134,"CRC3":5.674503913,"CRC3b":5.8598332217,"folio_equal-weight_btc_eth_xrp":2.5923444927},"perf":{"Bitcoin":2.841772294,"CRC3":5.1924833797,"CRC3b":5.4056858484,"folio_equal-weight_btc_eth_xrp":4.3884008967},"net perf":{"Bitcoin":2.841772294,"CRC3":5.1924833797,"CRC3b":5.4056858484,"folio_equal-weight_btc_eth_xrp":4.3884008967},"dd":{"Bitcoin":0.9307432432,"CRC3":0.6169915433,"CRC3b":0.5919533401,"folio_equal-weight_btc_eth_xrp":0.9307432431},"vol":{"Bitcoin":1.6539781314,"CRC3":0.9150550355,"CRC3b":0.9224982425,"folio_equal-weight_btc_eth_xrp":1.6928309139},"occ":{"Bitcoin":1.0,"CRC3":0.6384826345,"CRC3b":0.6284717169,"folio_equal-weight_btc_eth_xrp":0.9999999993},"VaR robust 0.02":{"Bitcoin":-0.1408169641,"CRC3":-0.0460031239,"CRC3b":-0.052436695,"folio_equal-weight_btc_eth_xrp":-0.1537973705},"VaR sample 0.02":{"Bitcoin":-0.1408169641,"CRC3":-0.0439253966,"CRC3b":-0.0508256219,"folio_equal-weight_btc_eth_xrp":-0.1464909365}}