{"net perf\/dd":{"Bitcoin":3.1770217882,"CRC3":7.5156000911,"CRC3b":8.0097052683,"folio_equal-weight_btc_eth_xrp":4.5048415714},"Sharpe":{"Bitcoin":1.8371069586,"CRC3":5.4663045201,"CRC3b":5.6347127564,"folio_equal-weight_btc_eth_xrp":2.5442629974},"perf":{"Bitcoin":2.956991563,"CRC3":4.9264804437,"CRC3b":5.1202991623,"folio_equal-weight_btc_eth_xrp":4.1928508538},"net perf":{"Bitcoin":2.956991563,"CRC3":4.9264804437,"CRC3b":5.1202991623,"folio_equal-weight_btc_eth_xrp":4.1928508538},"dd":{"Bitcoin":0.9307432432,"CRC3":0.6555006099,"CRC3b":0.6392618693,"folio_equal-weight_btc_eth_xrp":0.9307432431},"vol":{"Bitcoin":1.6095914009,"CRC3":0.9012451512,"CRC3b":0.9087063323,"folio_equal-weight_btc_eth_xrp":1.6479628317},"occ":{"Bitcoin":1.0,"CRC3":0.6498916934,"CRC3b":0.6402555547,"folio_equal-weight_btc_eth_xrp":0.9999999994},"VaR robust 0.02":{"Bitcoin":-0.1365428453,"CRC3":-0.0696313302,"CRC3b":-0.0697177139,"folio_equal-weight_btc_eth_xrp":-0.1496111534},"VaR sample 0.02":{"Bitcoin":-0.1365428453,"CRC3":-0.0667219896,"CRC3b":-0.0667879278,"folio_equal-weight_btc_eth_xrp":-0.1393391856}}