{"net perf\/dd":{"Bitcoin":2.878820628,"CRC3":7.4601063736,"CRC3b":7.9382747561,"folio_equal-weight_btc_eth_xrp":4.4558914761},"Sharpe":{"Bitcoin":1.635830724,"CRC3":5.37592192,"CRC3b":5.5320775424,"folio_equal-weight_btc_eth_xrp":2.4704419089},"perf":{"Bitcoin":2.679442848,"CRC3":4.890104278,"CRC3b":5.0746363595,"folio_equal-weight_btc_eth_xrp":4.1472908834},"net perf":{"Bitcoin":2.679442848,"CRC3":4.890104278,"CRC3b":5.0746363595,"folio_equal-weight_btc_eth_xrp":4.1472908834},"dd":{"Bitcoin":0.9307432432,"CRC3":0.6555006099,"CRC3b":0.6392618693,"folio_equal-weight_btc_eth_xrp":0.9307432431},"vol":{"Bitcoin":1.6379707317,"CRC3":0.9096308226,"CRC3b":0.9173111405,"folio_equal-weight_btc_eth_xrp":1.6787647863},"occ":{"Bitcoin":1.0,"CRC3":0.6358565855,"CRC3b":0.625811339,"folio_equal-weight_btc_eth_xrp":0.9999999993},"VaR robust 0.02":{"Bitcoin":-0.1391604511,"CRC3":-0.0945517873,"CRC3b":-0.0877071399,"folio_equal-weight_btc_eth_xrp":-0.152808855},"VaR sample 0.02":{"Bitcoin":-0.1391604511,"CRC3":-0.0898413605,"CRC3b":-0.0831796432,"folio_equal-weight_btc_eth_xrp":-0.1445660711}}