{"net perf\/dd":{"Bitcoin":3.4357052871,"CRC3":9.8879016391,"CRC3b":10.2116607542,"CRC4":8.391691689,"folio_equal-weight_btc_eth_xrp":5.3224651761},"Sharpe":{"Bitcoin":1.9177436806,"CRC3":6.230915391,"CRC3b":6.377513547,"CRC4":5.5027619038,"folio_equal-weight_btc_eth_xrp":2.9035856659},"perf":{"Bitcoin":3.1977594818,"CRC3":5.739988399,"CRC3b":5.9279325789,"CRC4":5.3930001402,"folio_equal-weight_btc_eth_xrp":4.9538485001},"net perf":{"Bitcoin":3.1977594818,"CRC3":5.739988399,"CRC3b":5.9279325789,"CRC4":5.3930001402,"folio_equal-weight_btc_eth_xrp":4.9538485001},"dd":{"Bitcoin":0.9307432432,"CRC3":0.5805062195,"CRC3b":0.5805062195,"CRC4":0.6426594708,"folio_equal-weight_btc_eth_xrp":0.9307432432},"vol":{"Bitcoin":1.6674592722,"CRC3":0.9212110964,"CRC3b":0.92950529,"CRC4":0.9800533322,"folio_equal-weight_btc_eth_xrp":1.7061141189},"occ":{"Bitcoin":1.0,"CRC3":0.6393153895,"CRC3b":0.6298832015,"CRC4":0.6578791177,"folio_equal-weight_btc_eth_xrp":1.0},"VaR robust 0.02":{"Bitcoin":-0.1425742481,"CRC3":-0.1563308495,"CRC3b":-0.1185750431,"CRC4":-0.1387195899,"folio_equal-weight_btc_eth_xrp":-0.1545069654},"VaR sample 0.02":{"Bitcoin":-0.1425742481,"CRC3":-0.1506932825,"CRC3b":-0.1116955961,"CRC4":-0.1292663859,"folio_equal-weight_btc_eth_xrp":-0.1486741915}}