{"net perf\/dd":{"Bitcoin":3.17217886,"CRC3":7.6076676534,"CRC3b":8.0965890496,"folio_equal-weight_btc_eth_xrp":4.5630017414},"Sharpe":{"Bitcoin":1.8332028195,"CRC3":5.5299771062,"CRC3b":5.6920731724,"folio_equal-weight_btc_eth_xrp":2.5751289112},"perf":{"Bitcoin":2.9524840403,"CRC3":4.9868307869,"CRC3b":5.1758406507,"folio_equal-weight_btc_eth_xrp":4.246983039},"net perf":{"Bitcoin":2.9524840403,"CRC3":4.9868307869,"CRC3b":5.1758406507,"folio_equal-weight_btc_eth_xrp":4.246983039},"dd":{"Bitcoin":0.9307432432,"CRC3":0.6555006099,"CRC3b":0.6392618693,"folio_equal-weight_btc_eth_xrp":0.9307432431},"vol":{"Bitcoin":1.6105604949,"CRC3":0.9017814525,"CRC3b":0.9093067664,"folio_equal-weight_btc_eth_xrp":1.6492312368},"occ":{"Bitcoin":1.0,"CRC3":0.649815967,"CRC3b":0.6402312538,"folio_equal-weight_btc_eth_xrp":0.9999999994},"VaR robust 0.02":{"Bitcoin":-0.1367553329,"CRC3":-0.0946679013,"CRC3b":-0.0908587107,"folio_equal-weight_btc_eth_xrp":-0.1492292705},"VaR sample 0.02":{"Bitcoin":-0.1367553329,"CRC3":-0.0894427992,"CRC3b":-0.0864726348,"folio_equal-weight_btc_eth_xrp":-0.139751048}}