{"net perf\/dd":{"Bitcoin":3.5327593964,"CRC3":9.9671708778,"CRC3b":10.4388646079,"CRC4":8.6223894049,"folio_equal-weight_btc_eth_xrp":5.2808442441},"Sharpe":{"Bitcoin":1.9637327701,"CRC3":6.2702406795,"CRC3b":6.4952726945,"CRC4":5.6346061009,"folio_equal-weight_btc_eth_xrp":2.8734240299},"perf":{"Bitcoin":3.2880919382,"CRC3":5.7860046851,"CRC3b":6.059825829,"CRC4":5.5412602122,"folio_equal-weight_btc_eth_xrp":4.9151100988},"net perf":{"Bitcoin":3.2880919382,"CRC3":5.7860046851,"CRC3b":6.059825829,"CRC4":5.5412602122,"folio_equal-weight_btc_eth_xrp":4.9151100988},"dd":{"Bitcoin":0.9307432432,"CRC3":0.5805062195,"CRC3b":0.5805062195,"CRC4":0.6426594708,"folio_equal-weight_btc_eth_xrp":0.9307432432},"vol":{"Bitcoin":1.6744090582,"CRC3":0.9227723433,"CRC3b":0.9329594174,"CRC4":0.9834334669,"folio_equal-weight_btc_eth_xrp":1.7105411689},"occ":{"Bitcoin":1.0,"CRC3":0.6400210965,"CRC3b":0.6312197032,"CRC4":0.6590814068,"folio_equal-weight_btc_eth_xrp":1.0},"VaR robust 0.02":{"Bitcoin":-0.143317414,"CRC3":-0.0673379247,"CRC3b":-0.0680357932,"CRC4":-0.0838009665,"folio_equal-weight_btc_eth_xrp":-0.1545266142},"VaR sample 0.02":{"Bitcoin":-0.143317414,"CRC3":-0.0652039674,"CRC3b":-0.0657377326,"CRC4":-0.0794005306,"folio_equal-weight_btc_eth_xrp":-0.1470013768}}