{"net perf\/dd":{"Bitcoin":3.5113422277,"CRC3":10.0950053052,"CRC3b":10.5488398152,"CRC4":8.7262126417,"folio_equal-weight_btc_eth_xrp":5.3300060659},"Sharpe":{"Bitcoin":1.9478083803,"CRC3":6.3387456367,"CRC3b":6.5508262603,"CRC4":5.6924296103,"folio_equal-weight_btc_eth_xrp":2.8944708589},"perf":{"Bitcoin":3.2681580532,"CRC3":5.8602133652,"CRC3b":6.1236671209,"CRC4":5.6079831986,"folio_equal-weight_btc_eth_xrp":4.9608671323},"net perf":{"Bitcoin":3.2681580532,"CRC3":5.8602133652,"CRC3b":6.1236671209,"CRC4":5.6079831986,"folio_equal-weight_btc_eth_xrp":4.9608671323},"dd":{"Bitcoin":0.9307432432,"CRC3":0.5805062195,"CRC3b":0.5805062195,"CRC4":0.6426594708,"folio_equal-weight_btc_eth_xrp":0.9307432432},"vol":{"Bitcoin":1.6778642531,"CRC3":0.9245067875,"CRC3b":0.9347930898,"CRC4":0.9851651373,"folio_equal-weight_btc_eth_xrp":1.7139115832},"occ":{"Bitcoin":1.0,"CRC3":0.6403910757,"CRC3b":0.6318951077,"CRC4":0.6592821819,"folio_equal-weight_btc_eth_xrp":1.0},"VaR robust 0.02":{"Bitcoin":-0.1436694399,"CRC3":-0.0522400751,"CRC3b":-0.0420389943,"CRC4":-0.0615037834,"folio_equal-weight_btc_eth_xrp":-0.1539264513},"VaR sample 0.02":{"Bitcoin":-0.1436694399,"CRC3":-0.0508398822,"CRC3b":-0.0403568328,"CRC4":-0.0577475846,"folio_equal-weight_btc_eth_xrp":-0.1462153954}}