{"net perf\/dd":{"Bitcoin":3.0900427687,"CRC3":7.6548148528,"CRC3b":8.1944788837,"folio_equal-weight_btc_eth_xrp":4.5975012449},"Sharpe":{"Bitcoin":1.7770026357,"CRC3":5.5521153836,"CRC3b":5.7478131146,"folio_equal-weight_btc_eth_xrp":2.579606434},"perf":{"Bitcoin":2.8760364283,"CRC3":5.0177358049,"CRC3b":5.2384178891,"folio_equal-weight_btc_eth_xrp":4.2790932188},"net perf":{"Bitcoin":2.8760364283,"CRC3":5.0177358049,"CRC3b":5.2384178891,"folio_equal-weight_btc_eth_xrp":4.2790932188},"dd":{"Bitcoin":0.9307432432,"CRC3":0.6555006099,"CRC3b":0.6392618693,"folio_equal-weight_btc_eth_xrp":0.9307432431},"vol":{"Bitcoin":1.6184761748,"CRC3":0.9037520761,"CRC3b":0.9113758198,"folio_equal-weight_btc_eth_xrp":1.6588163072},"occ":{"Bitcoin":1.0,"CRC3":0.6451138795,"CRC3b":0.6355280113,"folio_equal-weight_btc_eth_xrp":0.9999999994},"VaR robust 0.02":{"Bitcoin":-0.1357947056,"CRC3":-0.1506842082,"CRC3b":-0.1537456143,"folio_equal-weight_btc_eth_xrp":-0.1512977945},"VaR sample 0.02":{"Bitcoin":-0.1357947056,"CRC3":-0.1440017006,"CRC3b":-0.1440996939,"folio_equal-weight_btc_eth_xrp":-0.1420849346}}