{"net perf\/dd":{"Bitcoin":2.950850214,"CRC3":7.4308532875,"CRC3b":7.9778649811,"folio_equal-weight_btc_eth_xrp":4.4749265217},"Sharpe":{"Bitcoin":1.6884625769,"CRC3":5.380602319,"CRC3b":5.5862156284,"folio_equal-weight_btc_eth_xrp":2.4981450042},"perf":{"Bitcoin":2.7464838985,"CRC3":4.8709288623,"CRC3b":5.0999448808,"folio_equal-weight_btc_eth_xrp":4.1650076234},"net perf":{"Bitcoin":2.7464838985,"CRC3":4.8709288623,"CRC3b":5.0999448808,"folio_equal-weight_btc_eth_xrp":4.1650076234},"dd":{"Bitcoin":0.9307432432,"CRC3":0.6555006099,"CRC3b":0.6392618693,"folio_equal-weight_btc_eth_xrp":0.9307432431},"vol":{"Bitcoin":1.626618165,"CRC3":0.9052757616,"CRC3b":0.9129516689,"folio_equal-weight_btc_eth_xrp":1.6672401387},"occ":{"Bitcoin":1.0,"CRC3":0.6404299448,"CRC3b":0.6307175583,"folio_equal-weight_btc_eth_xrp":0.9999999994},"VaR robust 0.02":{"Bitcoin":-0.137415755,"CRC3":-0.1499541824,"CRC3b":-0.1541596405,"folio_equal-weight_btc_eth_xrp":-0.1510792347},"VaR sample 0.02":{"Bitcoin":-0.137415755,"CRC3":-0.143317414,"CRC3b":-0.1449542203,"folio_equal-weight_btc_eth_xrp":-0.143317414}}