{"net perf\/dd":{"Bitcoin":2.8882769247,"CRC3":6.8828928655,"CRC3b":7.3002440628,"folio_equal-weight_btc_eth_xrp":4.1022392263},"Sharpe":{"Bitcoin":1.6887782803,"CRC3":5.0654484137,"CRC3b":5.1939455327,"folio_equal-weight_btc_eth_xrp":2.3430712805},"perf":{"Bitcoin":2.6882442323,"CRC3":4.5117404714,"CRC3b":4.6667676659,"folio_equal-weight_btc_eth_xrp":3.8181314414},"net perf":{"Bitcoin":2.6882442323,"CRC3":4.5117404714,"CRC3b":4.6667676659,"folio_equal-weight_btc_eth_xrp":3.8181314414},"dd":{"Bitcoin":0.9307432432,"CRC3":0.6555006099,"CRC3b":0.6392618693,"folio_equal-weight_btc_eth_xrp":0.9307432431},"vol":{"Bitcoin":1.5918278105,"CRC3":0.8906892545,"CRC3b":0.8985014642,"folio_equal-weight_btc_eth_xrp":1.629541309},"occ":{"Bitcoin":1.0,"CRC3":0.6414714949,"CRC3b":0.6322304699,"folio_equal-weight_btc_eth_xrp":0.9999999994},"VaR sample 0.02":{"Bitcoin":-0.1357791785,"CRC3":-0.0749457508,"CRC3b":-0.0678312923,"folio_equal-weight_btc_eth_xrp":-0.1384675485},"VaR robust 0.02":{"Bitcoin":-0.1357817664,"CRC3":-0.0809736058,"CRC3b":-0.0734538072,"folio_equal-weight_btc_eth_xrp":-0.1497863866}}