{"net perf\/dd":{"Bitcoin":3.3865109565,"CRC3":9.5175348001,"CRC3b":9.9524358771,"CRC4":8.1529285306,"folio_equal-weight_btc_eth_xrp":5.1696690989},"Sharpe":{"Bitcoin":1.8953472304,"CRC3":6.0037288074,"CRC3b":6.2273537666,"CRC4":5.3553439739,"folio_equal-weight_btc_eth_xrp":2.8265575068},"perf":{"Bitcoin":3.1519721909,"CRC3":5.5249881455,"CRC3b":5.7774509255,"CRC4":5.2395567351,"folio_equal-weight_btc_eth_xrp":4.8116345836},"net perf":{"Bitcoin":3.1519721909,"CRC3":5.5249881455,"CRC3b":5.7774509255,"CRC4":5.2395567351,"folio_equal-weight_btc_eth_xrp":4.8116345836},"dd":{"Bitcoin":0.9307432432,"CRC3":0.5805062195,"CRC3b":0.5805062195,"CRC4":0.6426594708,"folio_equal-weight_btc_eth_xrp":0.9307432432},"vol":{"Bitcoin":1.6630051425,"CRC3":0.9202594459,"CRC3b":0.9277537686,"CRC4":0.978379122,"folio_equal-weight_btc_eth_xrp":1.7022949549},"occ":{"Bitcoin":1.0,"CRC3":0.639820698,"CRC3b":0.6298725055,"CRC4":0.6581176942,"folio_equal-weight_btc_eth_xrp":1.0},"VaR robust 0.02":{"Bitcoin":-0.1419476473,"CRC3":-0.0886645264,"CRC3b":-0.0936980414,"CRC4":-0.101961184,"folio_equal-weight_btc_eth_xrp":-0.153830379},"VaR sample 0.02":{"Bitcoin":-0.1419476473,"CRC3":-0.0848482948,"CRC3b":-0.0885283455,"CRC4":-0.0955158759,"folio_equal-weight_btc_eth_xrp":-0.1469623791}}