{"net perf\/dd":{"Bitcoin":2.957826814,"CRC3":7.352932282,"CRC3b":7.8707476285,"folio_equal-weight_btc_eth_xrp":4.4173344854},"Sharpe":{"Bitcoin":1.6976932906,"CRC3":5.3366811002,"CRC3b":5.5235002548,"folio_equal-weight_btc_eth_xrp":2.4733696224},"perf":{"Bitcoin":2.7529773218,"CRC3":4.8198515956,"CRC3b":5.0314688417,"folio_equal-weight_btc_eth_xrp":4.1114042248},"net perf":{"Bitcoin":2.7529773218,"CRC3":4.8198515956,"CRC3b":5.0314688417,"folio_equal-weight_btc_eth_xrp":4.1114042248},"dd":{"Bitcoin":0.9307432432,"CRC3":0.6555006099,"CRC3b":0.6392618693,"folio_equal-weight_btc_eth_xrp":0.9307432431},"vol":{"Bitcoin":1.6215987523,"CRC3":0.9031552579,"CRC3b":0.9109203602,"folio_equal-weight_btc_eth_xrp":1.6622684242},"occ":{"Bitcoin":1.0,"CRC3":0.642787266,"CRC3b":0.6331385533,"folio_equal-weight_btc_eth_xrp":0.9999999994},"VaR robust 0.02":{"Bitcoin":-0.1365194851,"CRC3":-0.147414115,"CRC3b":-0.1497788981,"folio_equal-weight_btc_eth_xrp":-0.1504488607},"VaR sample 0.02":{"Bitcoin":-0.1365194851,"CRC3":-0.1420533462,"CRC3b":-0.142730704,"folio_equal-weight_btc_eth_xrp":-0.142730704}}