{"net perf\/dd":{"Bitcoin":3.1059535042,"CRC3":8.5938465063,"CRC3b":9.3460896064,"folio_equal-weight_btc_eth_xrp":4.7855799774},"Sharpe":{"Bitcoin":1.7468599217,"CRC3":5.7210684405,"CRC3b":5.9105501709,"folio_equal-weight_btc_eth_xrp":2.6297328579},"perf":{"Bitcoin":2.8908452379,"CRC3":5.2378701022,"CRC3b":5.4553735557,"folio_equal-weight_btc_eth_xrp":4.454146229},"net perf":{"Bitcoin":2.8908452379,"CRC3":5.2378701022,"CRC3b":5.4553735557,"folio_equal-weight_btc_eth_xrp":4.454146229},"dd":{"Bitcoin":0.9307432432,"CRC3":0.6094907674,"CRC3b":0.5837065324,"folio_equal-weight_btc_eth_xrp":0.9307432432},"vol":{"Bitcoin":1.6548809679,"CRC3":0.9155405422,"CRC3b":0.9229891293,"folio_equal-weight_btc_eth_xrp":1.693763766},"occ":{"Bitcoin":1.0,"CRC3":0.6386910696,"CRC3b":0.6286402734,"folio_equal-weight_btc_eth_xrp":1.0},"VaR robust 0.02":{"Bitcoin":-0.1408972645,"CRC3":-0.081363197,"CRC3b":-0.0898996773,"folio_equal-weight_btc_eth_xrp":-0.1537770474},"VaR sample 0.02":{"Bitcoin":-0.1408972645,"CRC3":-0.077627031,"CRC3b":-0.0860822166,"folio_equal-weight_btc_eth_xrp":-0.1465704485}}