{"net perf\/dd":{"Bitcoin":2.9773160258,"CRC3":8.0971751757,"CRC3b":8.7150346449,"folio_equal-weight_btc_eth_xrp":4.580301361},"Sharpe":{"Bitcoin":1.6768634146,"CRC3":5.6164583004,"CRC3b":5.7944911542,"folio_equal-weight_btc_eth_xrp":2.5202971077},"perf":{"Bitcoin":2.771116774,"CRC3":5.1342317293,"CRC3b":5.3401791611,"folio_equal-weight_btc_eth_xrp":4.2630845431},"net perf":{"Bitcoin":2.771116774,"CRC3":5.1342317293,"CRC3b":5.3401791611,"folio_equal-weight_btc_eth_xrp":4.2630845431},"dd":{"Bitcoin":0.9307432432,"CRC3":0.6340768994,"CRC3b":0.6127547828,"folio_equal-weight_btc_eth_xrp":0.9307432431},"vol":{"Bitcoin":1.6525596241,"CRC3":0.914140452,"CRC3b":0.9215958777,"folio_equal-weight_btc_eth_xrp":1.6915007878},"occ":{"Bitcoin":1.0,"CRC3":0.6375601412,"CRC3b":0.6275401717,"folio_equal-weight_btc_eth_xrp":0.9999999993},"VaR robust 0.02":{"Bitcoin":-0.1406162129,"CRC3":-0.0272928075,"CRC3b":-0.029861517,"folio_equal-weight_btc_eth_xrp":-0.153426078},"VaR sample 0.02":{"Bitcoin":-0.1406162129,"CRC3":-0.0259903007,"CRC3b":-0.0288580137,"folio_equal-weight_btc_eth_xrp":-0.1460612592}}