{"net perf\/dd":{"Bitcoin":3.1711303505,"CRC3":7.5887141787,"CRC3b":8.0795061027,"folio_equal-weight_btc_eth_xrp":4.5535119066},"Sharpe":{"Bitcoin":1.8325693825,"CRC3":5.5169160584,"CRC3b":5.6807646955,"folio_equal-weight_btc_eth_xrp":2.570167502},"perf":{"Bitcoin":2.9515081472,"CRC3":4.9744067727,"CRC3b":5.1649201741,"folio_equal-weight_btc_eth_xrp":4.2381504394},"net perf":{"Bitcoin":2.9515081472,"CRC3":4.9744067727,"CRC3b":5.1649201741,"folio_equal-weight_btc_eth_xrp":4.2381504394},"dd":{"Bitcoin":0.9307432432,"CRC3":0.6555006099,"CRC3b":0.6392618693,"folio_equal-weight_btc_eth_xrp":0.9307432431},"vol":{"Bitcoin":1.6105846662,"CRC3":0.9016643937,"CRC3b":0.9091945277,"folio_equal-weight_btc_eth_xrp":1.6489783005},"occ":{"Bitcoin":1.0,"CRC3":0.6498094813,"CRC3b":0.6402093436,"folio_equal-weight_btc_eth_xrp":0.9999999994},"VaR robust 0.02":{"Bitcoin":-0.1366845037,"CRC3":-0.0888098387,"CRC3b":-0.0846797125,"folio_equal-weight_btc_eth_xrp":-0.1491419375},"VaR sample 0.02":{"Bitcoin":-0.1366845037,"CRC3":-0.0838900186,"CRC3b":-0.0805756364,"folio_equal-weight_btc_eth_xrp":-0.1396137605}}