{"net perf\/dd":{"Bitcoin":2.6498169618,"CRC3":6.1324743082,"CRC3b":6.590231391,"folio_equal-weight_btc_eth_xrp":3.6600188374},"Sharpe":{"Bitcoin":1.5827573841,"CRC3":4.6049121076,"CRC3b":4.7821347428,"folio_equal-weight_btc_eth_xrp":2.1345174881},"perf":{"Bitcoin":2.466299233,"CRC3":4.0198406494,"CRC3b":4.212883638,"folio_equal-weight_btc_eth_xrp":3.4065378025},"net perf":{"Bitcoin":2.466299233,"CRC3":4.0198406494,"CRC3b":4.212883638,"folio_equal-weight_btc_eth_xrp":3.4065378025},"dd":{"Bitcoin":0.9307432432,"CRC3":0.6555006099,"CRC3b":0.6392618693,"folio_equal-weight_btc_eth_xrp":0.9307432431},"vol":{"Bitcoin":1.558229491,"CRC3":0.8729462269,"CRC3b":0.8809629725,"folio_equal-weight_btc_eth_xrp":1.5959287387},"occ":{"Bitcoin":1.0,"CRC3":0.6420347584,"CRC3b":0.6327539386,"folio_equal-weight_btc_eth_xrp":0.9999999994},"VaR sample 0.02":{"Bitcoin":-0.1337347941,"CRC3":-0.1346963132,"CRC3b":-0.1382522738,"folio_equal-weight_btc_eth_xrp":-0.1375269768},"VaR robust 0.02":{"Bitcoin":-0.1337650657,"CRC3":-0.1438930295,"CRC3b":-0.1498261829,"folio_equal-weight_btc_eth_xrp":-0.1471068985}}