{"net perf\/dd":{"Bitcoin":3.1289904793,"CRC3":7.4263621861,"CRC3b":7.9126442641,"folio_equal-weight_btc_eth_xrp":4.4177978563},"Sharpe":{"Bitcoin":1.8103783883,"CRC3":5.4036171828,"CRC3b":5.5685878342,"folio_equal-weight_btc_eth_xrp":2.4962426493},"perf":{"Bitcoin":2.9122867468,"CRC3":4.8679849425,"CRC3b":5.0582517633,"folio_equal-weight_btc_eth_xrp":4.1118355042},"net perf":{"Bitcoin":2.9122867468,"CRC3":4.8679849425,"CRC3b":5.0582517633,"folio_equal-weight_btc_eth_xrp":4.1118355042},"dd":{"Bitcoin":0.9307432432,"CRC3":0.6555006099,"CRC3b":0.6392618693,"folio_equal-weight_btc_eth_xrp":0.9307432431},"vol":{"Bitcoin":1.608661905,"CRC3":0.900875243,"CRC3b":0.9083544902,"folio_equal-weight_btc_eth_xrp":1.6472098597},"occ":{"Bitcoin":1.0,"CRC3":0.6495593789,"CRC3b":0.6399452111,"folio_equal-weight_btc_eth_xrp":0.9999999994},"VaR robust 0.02":{"Bitcoin":-0.1364366015,"CRC3":-0.0360049116,"CRC3b":-0.0371164262,"folio_equal-weight_btc_eth_xrp":-0.1491086307},"VaR sample 0.02":{"Bitcoin":-0.1364366015,"CRC3":-0.0343172692,"CRC3b":-0.0357367151,"folio_equal-weight_btc_eth_xrp":-0.1391332545}}