{"net perf\/dd":{"Bitcoin":3.4394396935,"CRC3":9.7828013754,"CRC3b":10.241610958,"CRC4":8.4187697795,"folio_equal-weight_btc_eth_xrp":5.1503966996},"Sharpe":{"Bitcoin":1.9158444806,"CRC3":6.1645449941,"CRC3b":6.3844622103,"CRC4":5.5105821916,"folio_equal-weight_btc_eth_xrp":2.8068502976},"perf":{"Bitcoin":3.2012352553,"CRC3":5.6789770422,"CRC3b":5.9453188585,"CRC4":5.4104021315,"folio_equal-weight_btc_eth_xrp":4.7936969282},"net perf":{"Bitcoin":3.2012352553,"CRC3":5.6789770422,"CRC3b":5.9453188585,"CRC4":5.4104021315,"folio_equal-weight_btc_eth_xrp":4.7936969282},"dd":{"Bitcoin":0.9307432432,"CRC3":0.5805062195,"CRC3b":0.5805062195,"CRC4":0.6426594708,"folio_equal-weight_btc_eth_xrp":0.9307432432},"vol":{"Bitcoin":1.6709264701,"CRC3":0.9212321506,"CRC3b":0.931216861,"CRC4":0.9818204218,"folio_equal-weight_btc_eth_xrp":1.7078562873},"occ":{"Bitcoin":1.0,"CRC3":0.6385193973,"CRC3b":0.6298042217,"CRC4":0.6576955119,"folio_equal-weight_btc_eth_xrp":1.0},"VaR robust 0.02":{"Bitcoin":-0.142926274,"CRC3":-0.0666015317,"CRC3b":-0.0599655596,"CRC4":-0.0643720249,"folio_equal-weight_btc_eth_xrp":-0.1544152399},"VaR sample 0.02":{"Bitcoin":-0.142926274,"CRC3":-0.0642097079,"CRC3b":-0.0571399032,"CRC4":-0.0608621505,"folio_equal-weight_btc_eth_xrp":-0.1469559116}}