{"net perf\/dd":{"Bitcoin":3.1118146638,"CRC3":7.3893863797,"CRC3b":7.8734428281,"folio_equal-weight_btc_eth_xrp":4.4057203319},"Sharpe":{"Bitcoin":1.801012733,"CRC3":5.3810228261,"CRC3b":5.5453877505,"folio_equal-weight_btc_eth_xrp":2.4907325673},"perf":{"Bitcoin":2.8963004725,"CRC3":4.8437472789,"CRC3b":5.03319178,"folio_equal-weight_btc_eth_xrp":4.1005944299},"net perf":{"Bitcoin":2.8963004725,"CRC3":4.8437472789,"CRC3b":5.03319178,"folio_equal-weight_btc_eth_xrp":4.1005944299},"dd":{"Bitcoin":0.9307432432,"CRC3":0.6555006099,"CRC3b":0.6392618693,"folio_equal-weight_btc_eth_xrp":0.9307432431},"vol":{"Bitcoin":1.608151025,"CRC3":0.9001536391,"CRC3b":0.9076356797,"folio_equal-weight_btc_eth_xrp":1.6463407127},"occ":{"Bitcoin":1.0,"CRC3":0.648800344,"CRC3b":0.6392448575,"folio_equal-weight_btc_eth_xrp":0.9999999994},"VaR sample 0.02":{"Bitcoin":-0.1362850936,"CRC3":-0.0388030943,"CRC3b":-0.0417654675,"folio_equal-weight_btc_eth_xrp":-0.1387900359},"VaR robust 0.02":{"Bitcoin":-0.136294943,"CRC3":-0.0412408023,"CRC3b":-0.0440008016,"folio_equal-weight_btc_eth_xrp":-0.1492705448}}