{"net perf\/dd":{"Bitcoin":2.9804110015,"CRC3":8.0603214854,"CRC3b":8.6283617758,"folio_equal-weight_btc_eth_xrp":4.6851898225},"Sharpe":{"Bitcoin":1.6830763695,"CRC3":5.6408649886,"CRC3b":5.8079976707,"folio_equal-weight_btc_eth_xrp":2.5824450325},"perf":{"Bitcoin":2.7739974017,"CRC3":5.1556662783,"CRC3b":5.3528636185,"folio_equal-weight_btc_eth_xrp":4.3607087699},"net perf":{"Bitcoin":2.7739974017,"CRC3":5.1556662783,"CRC3b":5.3528636185,"folio_equal-weight_btc_eth_xrp":4.3607087699},"dd":{"Bitcoin":0.9307432432,"CRC3":0.6396353157,"CRC3b":0.6203800626,"folio_equal-weight_btc_eth_xrp":0.9307432431},"vol":{"Bitcoin":1.6481708448,"CRC3":0.9139850517,"CRC3b":0.9216366676,"folio_equal-weight_btc_eth_xrp":1.6885969362},"occ":{"Bitcoin":1.0,"CRC3":0.6366860282,"CRC3b":0.6268484851,"folio_equal-weight_btc_eth_xrp":0.9999999993},"VaR robust 0.02":{"Bitcoin":-0.1400152561,"CRC3":-0.1413966124,"CRC3b":-0.1456068208,"folio_equal-weight_btc_eth_xrp":-0.1537775177},"VaR sample 0.02":{"Bitcoin":-0.1400152561,"CRC3":-0.1368098974,"CRC3b":-0.1393450241,"folio_equal-weight_btc_eth_xrp":-0.1453978193}}