{"net perf\/dd":{"Bitcoin":3.1942374281,"CRC3":7.6069978189,"CRC3b":8.0975213486,"folio_equal-weight_btc_eth_xrp":4.5725791088},"Sharpe":{"Bitcoin":1.8458530951,"CRC3":5.5300226077,"CRC3b":5.6932879796,"folio_equal-weight_btc_eth_xrp":2.580744945},"perf":{"Bitcoin":2.9730149035,"CRC3":4.98639171,"CRC3b":5.1764366339,"folio_equal-weight_btc_eth_xrp":4.255897109},"net perf":{"Bitcoin":2.9730149035,"CRC3":4.98639171,"CRC3b":5.1764366339,"folio_equal-weight_btc_eth_xrp":4.255897109},"dd":{"Bitcoin":0.9307432432,"CRC3":0.6555006099,"CRC3b":0.6392618693,"folio_equal-weight_btc_eth_xrp":0.9307432431},"vol":{"Bitcoin":1.6106454579,"CRC3":0.9016946338,"CRC3b":0.9092174245,"folio_equal-weight_btc_eth_xrp":1.6490963655},"occ":{"Bitcoin":1.0,"CRC3":0.649805767,"CRC3b":0.6402130312,"folio_equal-weight_btc_eth_xrp":0.9999999994},"VaR robust 0.02":{"Bitcoin":-0.1367199183,"CRC3":-0.0990734551,"CRC3b":-0.0954196419,"folio_equal-weight_btc_eth_xrp":-0.1489821719},"VaR sample 0.02":{"Bitcoin":-0.1367199183,"CRC3":-0.0940412167,"CRC3b":-0.0913626873,"folio_equal-weight_btc_eth_xrp":-0.1396824043}}