{"net perf\/dd":{"Bitcoin":2.994925369,"CRC3":7.0645360129,"CRC3b":7.5196952684,"folio_equal-weight_btc_eth_xrp":4.2163029715},"Sharpe":{"Bitcoin":1.7468897466,"CRC3":5.1880375519,"CRC3b":5.3394409325,"folio_equal-weight_btc_eth_xrp":2.4028056248},"perf":{"Bitcoin":2.7875065512,"CRC3":4.6308076653,"CRC3b":4.8070544538,"folio_equal-weight_btc_eth_xrp":3.9242955016},"net perf":{"Bitcoin":2.7875065512,"CRC3":4.6308076653,"CRC3b":4.8070544538,"folio_equal-weight_btc_eth_xrp":3.9242955016},"dd":{"Bitcoin":0.9307432432,"CRC3":0.6555006099,"CRC3b":0.6392618693,"folio_equal-weight_btc_eth_xrp":0.9307432431},"vol":{"Bitcoin":1.5956968988,"CRC3":0.8925933205,"CRC3b":0.9002917187,"folio_equal-weight_btc_eth_xrp":1.6332138818},"occ":{"Bitcoin":1.0,"CRC3":0.6430167518,"CRC3b":0.6338507318,"folio_equal-weight_btc_eth_xrp":0.9999999994},"VaR sample 0.02":{"Bitcoin":-0.1358517165,"CRC3":-0.0899876267,"CRC3b":-0.0930136764,"folio_equal-weight_btc_eth_xrp":-0.1384521609},"VaR robust 0.02":{"Bitcoin":-0.135861566,"CRC3":-0.0976572688,"CRC3b":-0.1030523801,"folio_equal-weight_btc_eth_xrp":-0.1505345107}}