{"net perf\/dd":{"Bitcoin":2.8763867171,"CRC3":7.4490318837,"CRC3b":7.9283301589,"folio_equal-weight_btc_eth_xrp":4.4499552995},"Sharpe":{"Bitcoin":1.6349649943,"CRC3":5.3695816911,"CRC3b":5.5268397776,"folio_equal-weight_btc_eth_xrp":2.467922794},"perf":{"Bitcoin":2.6771775019,"CRC3":4.8828449431,"CRC3b":5.0682791577,"folio_equal-weight_btc_eth_xrp":4.1417658271},"net perf":{"Bitcoin":2.6771775019,"CRC3":4.8828449431,"CRC3b":5.0682791577,"folio_equal-weight_btc_eth_xrp":4.1417658271},"dd":{"Bitcoin":0.9307432432,"CRC3":0.6555006099,"CRC3b":0.6392618693,"folio_equal-weight_btc_eth_xrp":0.9307432431},"vol":{"Bitcoin":1.6374524906,"CRC3":0.9093529485,"CRC3b":0.917030231,"folio_equal-weight_btc_eth_xrp":1.6782396261},"occ":{"Bitcoin":1.0,"CRC3":0.6358341238,"CRC3b":0.6257498646,"folio_equal-weight_btc_eth_xrp":0.9999999993},"VaR robust 0.02":{"Bitcoin":-0.1391034641,"CRC3":-0.0974514392,"CRC3b":-0.0967876114,"folio_equal-weight_btc_eth_xrp":-0.1527441894},"VaR sample 0.02":{"Bitcoin":-0.1391034641,"CRC3":-0.0925062243,"CRC3b":-0.0909573056,"folio_equal-weight_btc_eth_xrp":-0.1445106212}}