{"net perf\/dd":{"Bitcoin":3.4164840035,"CRC3":9.7011438875,"CRC3b":10.1174842601,"CRC4":8.3094626492,"folio_equal-weight_btc_eth_xrp":5.2474419934},"Sharpe":{"Bitcoin":1.9095143245,"CRC3":6.1179953466,"CRC3b":6.326298781,"CRC4":5.4553778509,"folio_equal-weight_btc_eth_xrp":2.8662188737},"perf":{"Bitcoin":3.1798694019,"CRC3":5.6315743626,"CRC3b":5.8732625383,"CRC4":5.340154869,"folio_equal-weight_btc_eth_xrp":4.8840211797},"net perf":{"Bitcoin":3.1798694019,"CRC3":5.6315743626,"CRC3b":5.8732625383,"CRC4":5.340154869,"folio_equal-weight_btc_eth_xrp":4.8840211797},"dd":{"Bitcoin":0.9307432432,"CRC3":0.5805062195,"CRC3b":0.5805062195,"CRC4":0.6426594708,"folio_equal-weight_btc_eth_xrp":0.9307432432},"vol":{"Bitcoin":1.6652765371,"CRC3":0.9204934041,"CRC3b":0.9283884214,"CRC4":0.9788790099,"folio_equal-weight_btc_eth_xrp":1.7039944941},"occ":{"Bitcoin":1.0,"CRC3":0.640041667,"CRC3b":0.6301334375,"CRC4":0.6582935647,"folio_equal-weight_btc_eth_xrp":1.0},"VaR robust 0.02":{"Bitcoin":-0.1423395642,"CRC3":-0.1257892405,"CRC3b":-0.1171827335,"CRC4":-0.1381751405,"folio_equal-weight_btc_eth_xrp":-0.1540972335},"VaR sample 0.02":{"Bitcoin":-0.1423395642,"CRC3":-0.1212597715,"CRC3b":-0.1106190203,"CRC4":-0.1291538138,"folio_equal-weight_btc_eth_xrp":-0.1483117589}}