{"net perf\/dd":{"Bitcoin":2.8747238431,"CRC3":7.4484814429,"CRC3b":7.9247917415,"folio_equal-weight_btc_eth_xrp":4.4476552419},"Sharpe":{"Bitcoin":1.6337567995,"CRC3":5.3683264548,"CRC3b":5.5234776086,"folio_equal-weight_btc_eth_xrp":2.4662525655},"perf":{"Bitcoin":2.6756297932,"CRC3":4.8824841288,"CRC3b":5.0660171824,"folio_equal-weight_btc_eth_xrp":4.139625064},"net perf":{"Bitcoin":2.6756297932,"CRC3":4.8824841288,"CRC3b":5.0660171824,"folio_equal-weight_btc_eth_xrp":4.139625064},"dd":{"Bitcoin":0.9307432432,"CRC3":0.6555006099,"CRC3b":0.6392618693,"folio_equal-weight_btc_eth_xrp":0.9307432431},"vol":{"Bitcoin":1.6377160873,"CRC3":0.9094983641,"CRC3b":0.9171789118,"folio_equal-weight_btc_eth_xrp":1.6785081633},"occ":{"Bitcoin":1.0,"CRC3":0.6358482867,"CRC3b":0.625785068,"folio_equal-weight_btc_eth_xrp":0.9999999993},"VaR robust 0.02":{"Bitcoin":-0.1391319576,"CRC3":-0.0925931222,"CRC3b":-0.084450093,"folio_equal-weight_btc_eth_xrp":-0.1527544486},"VaR sample 0.02":{"Bitcoin":-0.1391319576,"CRC3":-0.0878171004,"CRC3b":-0.0805210013,"folio_equal-weight_btc_eth_xrp":-0.1445383461}}