{"net perf\/dd":{"Bitcoin":3.3341956114,"CRC3":9.3781643846,"CRC3b":9.8363226615,"CRC4":8.0673427564,"folio_equal-weight_btc_eth_xrp":5.1222844828},"Sharpe":{"Bitcoin":1.8733758483,"CRC3":5.9363715929,"CRC3b":6.1773842019,"CRC4":5.319127551,"folio_equal-weight_btc_eth_xrp":2.8112462279},"perf":{"Bitcoin":3.1032800369,"CRC3":5.4440827524,"CRC3b":5.7100464817,"CRC4":5.1845542268,"folio_equal-weight_btc_eth_xrp":4.7675316723},"net perf":{"Bitcoin":3.1032800369,"CRC3":5.4440827524,"CRC3b":5.7100464817,"CRC4":5.1845542268,"folio_equal-weight_btc_eth_xrp":4.7675316723},"dd":{"Bitcoin":0.9307432432,"CRC3":0.5805062195,"CRC3b":0.5805062195,"CRC4":0.6426594708,"folio_equal-weight_btc_eth_xrp":0.9307432432},"vol":{"Bitcoin":1.6565175855,"CRC3":0.9170724351,"CRC3b":0.9243469881,"CRC4":0.9747001133,"folio_equal-weight_btc_eth_xrp":1.6958783706},"occ":{"Bitcoin":1.0,"CRC3":0.6399505559,"CRC3b":0.6301017176,"CRC4":0.6594191867,"folio_equal-weight_btc_eth_xrp":1.0},"VaR robust 0.02":{"Bitcoin":-0.1408493476,"CRC3":-0.1242152965,"CRC3b":-0.1446418604,"CRC4":-0.1616282259,"folio_equal-weight_btc_eth_xrp":-0.1543679458},"VaR sample 0.02":{"Bitcoin":-0.1408493476,"CRC3":-0.1191879548,"CRC3b":-0.1350794689,"CRC4":-0.1513112464,"folio_equal-weight_btc_eth_xrp":-0.1477523618}}