{"net perf\/dd":{"Bitcoin":2.9554668529,"CRC3":8.0485651384,"CRC3b":8.6387377121,"folio_equal-weight_btc_eth_xrp":4.5545995304},"Sharpe":{"Bitcoin":1.665321334,"CRC3":5.6020655692,"CRC3b":5.7766108627,"folio_equal-weight_btc_eth_xrp":2.5072795356},"perf":{"Bitcoin":2.750780804,"CRC3":5.1186952402,"CRC3b":5.3212574868,"folio_equal-weight_btc_eth_xrp":4.2391627379},"net perf":{"Bitcoin":2.750780804,"CRC3":5.1186952402,"CRC3b":5.3212574868,"folio_equal-weight_btc_eth_xrp":4.2391627379},"dd":{"Bitcoin":0.9307432432,"CRC3":0.6359761215,"CRC3b":0.6159762762,"folio_equal-weight_btc_eth_xrp":0.9307432431},"vol":{"Bitcoin":1.6518018162,"CRC3":0.9137156959,"CRC3b":0.9211729184,"folio_equal-weight_btc_eth_xrp":1.6907419686},"occ":{"Bitcoin":1.0,"CRC3":0.6369141145,"CRC3b":0.626893256,"folio_equal-weight_btc_eth_xrp":0.9999999993},"VaR robust 0.02":{"Bitcoin":-0.1404957622,"CRC3":-0.0246821092,"CRC3b":-0.0215015763,"folio_equal-weight_btc_eth_xrp":-0.1534205991},"VaR sample 0.02":{"Bitcoin":-0.1404957622,"CRC3":-0.0234868814,"CRC3b":-0.0204992855,"folio_equal-weight_btc_eth_xrp":-0.1459479622}}