{"net perf\/dd":{"Bitcoin":3.3566019061,"CRC3":9.4738509614,"CRC3b":9.8667170956,"CRC4":8.1185574184,"folio_equal-weight_btc_eth_xrp":5.1733935485},"Sharpe":{"Bitcoin":1.8844546911,"CRC3":5.993440059,"CRC3b":6.1919531648,"CRC4":5.3487758928,"folio_equal-weight_btc_eth_xrp":2.8371529582},"perf":{"Bitcoin":3.1241345444,"CRC3":5.4996294054,"CRC3b":5.7276906397,"CRC4":5.2174678144,"folio_equal-weight_btc_eth_xrp":4.8151010899},"net perf":{"Bitcoin":3.1241345444,"CRC3":5.4996294054,"CRC3b":5.7276906397,"CRC4":5.2174678144,"folio_equal-weight_btc_eth_xrp":4.8151010899},"dd":{"Bitcoin":0.9307432432,"CRC3":0.5805062195,"CRC3b":0.5805062195,"CRC4":0.6426594708,"folio_equal-weight_btc_eth_xrp":0.9307432432},"vol":{"Bitcoin":1.6578454018,"CRC3":0.9176081434,"CRC3b":0.9250216349,"CRC4":0.975450817,"folio_equal-weight_btc_eth_xrp":1.6971594979},"occ":{"Bitcoin":1.0,"CRC3":0.6396699931,"CRC3b":0.6297668058,"CRC4":0.6589476858,"folio_equal-weight_btc_eth_xrp":1.0},"VaR robust 0.02":{"Bitcoin":-0.1410552788,"CRC3":-0.1438256958,"CRC3b":-0.1424520917,"CRC4":-0.1611125266,"folio_equal-weight_btc_eth_xrp":-0.1545676877},"VaR sample 0.02":{"Bitcoin":-0.1410552788,"CRC3":-0.13812015,"CRC3b":-0.1334636967,"CRC4":-0.148771395,"folio_equal-weight_btc_eth_xrp":-0.1480735163}}