{"net perf\/dd":{"Bitcoin":2.8845042864,"CRC3":6.8918196172,"CRC3b":7.3166501336,"folio_equal-weight_btc_eth_xrp":4.0807867872},"Sharpe":{"Bitcoin":1.6846619715,"CRC3":5.0662637812,"CRC3b":5.1996388515,"folio_equal-weight_btc_eth_xrp":2.3282390037},"perf":{"Bitcoin":2.6847328747,"CRC3":4.5175919626,"CRC3b":4.6772554413,"folio_equal-weight_btc_eth_xrp":3.7981647287},"net perf":{"Bitcoin":2.6847328747,"CRC3":4.5175919626,"CRC3b":4.6772554413,"folio_equal-weight_btc_eth_xrp":3.7981647287},"dd":{"Bitcoin":0.9307432432,"CRC3":0.6555006099,"CRC3b":0.6392618693,"folio_equal-weight_btc_eth_xrp":0.9307432431},"vol":{"Bitcoin":1.5936329781,"CRC3":0.8917008979,"CRC3b":0.8995346744,"folio_equal-weight_btc_eth_xrp":1.6313465768},"occ":{"Bitcoin":1.0,"CRC3":0.6420784145,"CRC3b":0.6329091203,"folio_equal-weight_btc_eth_xrp":0.9999999994},"VaR sample 0.02":{"Bitcoin":-0.1357947056,"CRC3":-0.0435099369,"CRC3b":-0.043573731,"folio_equal-weight_btc_eth_xrp":-0.1383543577},"VaR robust 0.02":{"Bitcoin":-0.1357972934,"CRC3":-0.0472402467,"CRC3b":-0.0473940037,"folio_equal-weight_btc_eth_xrp":-0.1496411657}}