{"net perf\/dd":{"Bitcoin":2.9072277615,"CRC3":7.5255195025,"CRC3b":8.0050999054,"folio_equal-weight_btc_eth_xrp":4.5236449578},"Sharpe":{"Bitcoin":1.653336022,"CRC3":5.425868355,"CRC3b":5.5818134205,"folio_equal-weight_btc_eth_xrp":2.5097515549},"perf":{"Bitcoin":2.7058825956,"CRC3":4.9329826239,"CRC3b":5.1173551294,"folio_equal-weight_btc_eth_xrp":4.2103519786},"net perf":{"Bitcoin":2.7058825956,"CRC3":4.9329826239,"CRC3b":5.1173551294,"folio_equal-weight_btc_eth_xrp":4.2103519786},"dd":{"Bitcoin":0.9307432432,"CRC3":0.6555006099,"CRC3b":0.6392618693,"folio_equal-weight_btc_eth_xrp":0.9307432431},"vol":{"Bitcoin":1.6366198762,"CRC3":0.9091600277,"CRC3b":0.9167907889,"folio_equal-weight_btc_eth_xrp":1.6775971193},"occ":{"Bitcoin":1.0,"CRC3":0.6359307143,"CRC3b":0.625847274,"folio_equal-weight_btc_eth_xrp":0.9999999993},"VaR robust 0.02":{"Bitcoin":-0.1390464771,"CRC3":-0.1536713658,"CRC3b":-0.1561930885,"folio_equal-weight_btc_eth_xrp":-0.1528039281},"VaR sample 0.02":{"Bitcoin":-0.1390464771,"CRC3":-0.1456137314,"CRC3b":-0.1460479964,"folio_equal-weight_btc_eth_xrp":-0.1444551713}}