{"net perf\/dd":{"Bitcoin":2.983333664,"CRC3":8.0059271953,"CRC3b":8.57261329,"folio_equal-weight_btc_eth_xrp":4.6580112032},"Sharpe":{"Bitcoin":1.6835993859,"CRC3":5.604754521,"CRC3b":5.7728827977,"folio_equal-weight_btc_eth_xrp":2.5665884588},"perf":{"Bitcoin":2.7767176501,"CRC3":5.1208737694,"CRC3b":5.3182783694,"folio_equal-weight_btc_eth_xrp":4.3354124536},"net perf":{"Bitcoin":2.7767176501,"CRC3":5.1208737694,"CRC3b":5.3182783694,"folio_equal-weight_btc_eth_xrp":4.3354124536},"dd":{"Bitcoin":0.9307432432,"CRC3":0.6396353157,"CRC3b":0.6203800626,"folio_equal-weight_btc_eth_xrp":0.9307432431},"vol":{"Bitcoin":1.6492745681,"CRC3":0.9136660223,"CRC3b":0.9212517482,"folio_equal-weight_btc_eth_xrp":1.6891732053},"occ":{"Bitcoin":1.0,"CRC3":0.6365866805,"CRC3b":0.6266764037,"folio_equal-weight_btc_eth_xrp":0.9999999993},"VaR robust 0.02":{"Bitcoin":-0.1401292301,"CRC3":-0.1131471147,"CRC3b":-0.1182177728,"folio_equal-weight_btc_eth_xrp":-0.1533928874},"VaR sample 0.02":{"Bitcoin":-0.1401292301,"CRC3":-0.1068821031,"CRC3b":-0.1115042999,"folio_equal-weight_btc_eth_xrp":-0.1455087191}}