{"net perf\/dd":{"Bitcoin":3.0219558151,"CRC3":8.5409844429,"CRC3b":9.2947558671,"folio_equal-weight_btc_eth_xrp":4.6832874236},"Sharpe":{"Bitcoin":1.6994929001,"CRC3":5.7049525322,"CRC3b":5.8933785763,"folio_equal-weight_btc_eth_xrp":2.5731216895},"perf":{"Bitcoin":2.8126649563,"CRC3":5.2248436849,"CRC3b":5.4413305475,"folio_equal-weight_btc_eth_xrp":4.3589381257},"net perf":{"Bitcoin":2.8126649563,"CRC3":5.2248436849,"CRC3b":5.4413305475,"folio_equal-weight_btc_eth_xrp":4.3589381257},"dd":{"Bitcoin":0.9307432432,"CRC3":0.6117378763,"CRC3b":0.5854194156,"folio_equal-weight_btc_eth_xrp":0.9307432432},"vol":{"Bitcoin":1.6550024752,"CRC3":0.9158434983,"CRC3b":0.9232956066,"folio_equal-weight_btc_eth_xrp":1.6940271979},"occ":{"Bitcoin":1.0,"CRC3":0.6390420205,"CRC3b":0.6290078311,"folio_equal-weight_btc_eth_xrp":1.0},"VaR robust 0.02":{"Bitcoin":-0.140977565,"CRC3":-0.0251813395,"CRC3b":-0.0200958691,"folio_equal-weight_btc_eth_xrp":-0.1539183099},"VaR sample 0.02":{"Bitcoin":-0.140977565,"CRC3":-0.023926531,"CRC3b":-0.0193480149,"folio_equal-weight_btc_eth_xrp":-0.1467207805}}