{"net perf\/dd":{"Bitcoin":3.4768224928,"CRC3":9.9874576805,"CRC3b":10.3113201404,"CRC4":8.4788614126,"folio_equal-weight_btc_eth_xrp":5.3593152604},"Sharpe":{"Bitcoin":1.9372957114,"CRC3":6.2921483109,"CRC3b":6.4299586609,"CRC4":5.5516546879,"folio_equal-weight_btc_eth_xrp":2.9198632228},"perf":{"Bitcoin":3.2360290431,"CRC3":5.7977813002,"CRC3b":5.9857854724,"CRC4":5.4490205886,"folio_equal-weight_btc_eth_xrp":4.988146467},"net perf":{"Bitcoin":3.2360290431,"CRC3":5.7977813002,"CRC3b":5.9857854724,"CRC4":5.4490205886,"folio_equal-weight_btc_eth_xrp":4.988146467},"dd":{"Bitcoin":0.9307432432,"CRC3":0.5805062195,"CRC3b":0.5805062195,"CRC4":0.6426594708,"folio_equal-weight_btc_eth_xrp":0.9307432432},"vol":{"Bitcoin":1.6703846625,"CRC3":0.9214311255,"CRC3b":0.9309212995,"CRC4":0.9815128813,"folio_equal-weight_btc_eth_xrp":1.7083493597},"occ":{"Bitcoin":1.0,"CRC3":0.6384212624,"CRC3b":0.6296291879,"CRC4":0.6575141358,"folio_equal-weight_btc_eth_xrp":1.0},"VaR robust 0.02":{"Bitcoin":-0.1428480461,"CRC3":-0.15611257,"CRC3b":-0.1183856378,"CRC4":-0.1372446712,"folio_equal-weight_btc_eth_xrp":-0.1551797515},"VaR sample 0.02":{"Bitcoin":-0.1428480461,"CRC3":-0.1505852425,"CRC3b":-0.1123982514,"CRC4":-0.1285289411,"folio_equal-weight_btc_eth_xrp":-0.1487497837}}