{"net perf\/dd":{"Bitcoin":3.3984805002,"CRC3":9.5490431467,"CRC3b":9.9673598165,"CRC4":8.1659638655,"folio_equal-weight_btc_eth_xrp":5.1908046226},"Sharpe":{"Bitcoin":1.9011205793,"CRC3":6.0208814417,"CRC3b":6.2337080732,"CRC4":5.3613479792,"folio_equal-weight_btc_eth_xrp":2.8367708274},"perf":{"Bitcoin":3.1631127629,"CRC3":5.5432789366,"CRC3b":5.7861143651,"CRC4":5.2479340166,"folio_equal-weight_btc_eth_xrp":4.8313063295},"net perf":{"Bitcoin":3.1631127629,"CRC3":5.5432789366,"CRC3b":5.7861143651,"CRC4":5.2479340166,"folio_equal-weight_btc_eth_xrp":4.8313063295},"dd":{"Bitcoin":0.9307432432,"CRC3":0.5805062195,"CRC3b":0.5805062195,"CRC4":0.6426594708,"folio_equal-weight_btc_eth_xrp":0.9307432432},"vol":{"Bitcoin":1.6638149086,"CRC3":0.9206756503,"CRC3b":0.9281978394,"CRC4":0.9788459986,"folio_equal-weight_btc_eth_xrp":1.7031006815},"occ":{"Bitcoin":1.0,"CRC3":0.639879453,"CRC3b":0.6299245695,"CRC4":0.6581210077,"folio_equal-weight_btc_eth_xrp":1.0},"VaR robust 0.02":{"Bitcoin":-0.1421535785,"CRC3":-0.0925433721,"CRC3b":-0.0884256076,"CRC4":-0.0912186866,"folio_equal-weight_btc_eth_xrp":-0.1539531173},"VaR sample 0.02":{"Bitcoin":-0.1421535785,"CRC3":-0.0884167859,"CRC3b":-0.0846948626,"CRC4":-0.0861981854,"folio_equal-weight_btc_eth_xrp":-0.1472840272}}