{"net perf\/dd":{"Bitcoin":2.8867184819,"CRC3":7.4894752018,"CRC3b":7.9678930822,"folio_equal-weight_btc_eth_xrp":4.4866258744},"Sharpe":{"Bitcoin":1.6415935074,"CRC3":5.4004303209,"CRC3b":5.5563135657,"folio_equal-weight_btc_eth_xrp":2.4892273371},"perf":{"Bitcoin":2.6867937222,"CRC3":4.9093555628,"CRC3b":5.093570226,"folio_equal-weight_btc_eth_xrp":4.1758967169},"net perf":{"Bitcoin":2.6867937222,"CRC3":4.9093555628,"CRC3b":5.093570226,"folio_equal-weight_btc_eth_xrp":4.1758967169},"dd":{"Bitcoin":0.9307432432,"CRC3":0.6555006099,"CRC3b":0.6392618693,"folio_equal-weight_btc_eth_xrp":0.9307432431},"vol":{"Bitcoin":1.6366985554,"CRC3":0.9090674763,"CRC3b":0.9167175621,"folio_equal-weight_btc_eth_xrp":1.6775875207},"occ":{"Bitcoin":1.0,"CRC3":0.635834449,"CRC3b":0.6257490035,"folio_equal-weight_btc_eth_xrp":0.9999999993},"VaR robust 0.02":{"Bitcoin":-0.1390749706,"CRC3":-0.1312590362,"CRC3b":-0.1321340286,"folio_equal-weight_btc_eth_xrp":-0.1527316827},"VaR sample 0.02":{"Bitcoin":-0.1390749706,"CRC3":-0.1244766172,"CRC3b":-0.1240197135,"folio_equal-weight_btc_eth_xrp":-0.1444828963}}