{"net perf\/dd":{"Bitcoin":2.8764367998,"CRC3":6.881927931,"CRC3b":7.3068902811,"folio_equal-weight_btc_eth_xrp":4.0661243158},"Sharpe":{"Bitcoin":1.6801673751,"CRC3":5.0596176223,"CRC3b":5.1933755307,"folio_equal-weight_btc_eth_xrp":2.320115081},"perf":{"Bitcoin":2.6772241161,"CRC3":4.5111079563,"CRC3b":4.6710163398,"folio_equal-weight_btc_eth_xrp":3.7845177325},"net perf":{"Bitcoin":2.6772241161,"CRC3":4.5111079563,"CRC3b":4.6710163398,"folio_equal-weight_btc_eth_xrp":3.7845177325},"dd":{"Bitcoin":0.9307432432,"CRC3":0.6555006099,"CRC3b":0.6392618693,"folio_equal-weight_btc_eth_xrp":0.9307432431},"vol":{"Bitcoin":1.5934270333,"CRC3":0.8915906879,"CRC3b":0.8994181746,"folio_equal-weight_btc_eth_xrp":1.6311767306},"occ":{"Bitcoin":1.0,"CRC3":0.6419417708,"CRC3b":0.6327723507,"folio_equal-weight_btc_eth_xrp":0.9999999994},"VaR sample 0.02":{"Bitcoin":-0.1357921178,"CRC3":-0.03172266,"CRC3b":-0.0366347356,"folio_equal-weight_btc_eth_xrp":-0.1382735497},"VaR robust 0.02":{"Bitcoin":-0.1357947056,"CRC3":-0.034326042,"CRC3b":-0.0394734089,"folio_equal-weight_btc_eth_xrp":-0.149581136}}