{"net perf\/dd":{"Bitcoin":2.8090119923,"CRC3":6.7702707817,"CRC3b":7.1848500521,"folio_equal-weight_btc_eth_xrp":4.0049940576},"Sharpe":{"Bitcoin":1.6451617027,"CRC3":4.9903204166,"CRC3b":5.1203946113,"folio_equal-weight_btc_eth_xrp":2.2911790926},"perf":{"Bitcoin":2.614468932,"CRC3":4.4379166268,"CRC3b":4.5930006749,"folio_equal-weight_btc_eth_xrp":3.7276211578},"net perf":{"Bitcoin":2.614468932,"CRC3":4.4379166268,"CRC3b":4.5930006749,"folio_equal-weight_btc_eth_xrp":3.7276211578},"dd":{"Bitcoin":0.9307432432,"CRC3":0.6555006099,"CRC3b":0.6392618693,"folio_equal-weight_btc_eth_xrp":0.9307432431},"vol":{"Bitcoin":1.5891865995,"CRC3":0.8893049456,"CRC3b":0.8970013102,"folio_equal-weight_btc_eth_xrp":1.6269444714},"occ":{"Bitcoin":1.0,"CRC3":0.6409326246,"CRC3b":0.6313827241,"folio_equal-weight_btc_eth_xrp":0.9999999994},"VaR sample 0.02":{"Bitcoin":-0.1357558879,"CRC3":-0.0445194074,"CRC3b":-0.0352823314,"folio_equal-weight_btc_eth_xrp":-0.1370296121},"VaR robust 0.02":{"Bitcoin":-0.1357584758,"CRC3":-0.0468639336,"CRC3b":-0.0371069598,"folio_equal-weight_btc_eth_xrp":-0.1494874585}}