{"net perf\/dd":{"Bitcoin":3.0319906597,"CRC3":7.1103388094,"CRC3b":7.5695784717,"folio_equal-weight_btc_eth_xrp":4.1974365912},"Sharpe":{"Bitcoin":1.76437657,"CRC3":5.2097401042,"CRC3b":5.3641238076,"folio_equal-weight_btc_eth_xrp":2.3865994751},"perf":{"Bitcoin":2.8220048201,"CRC3":4.6608314264,"CRC3b":4.8389428835,"folio_equal-weight_btc_eth_xrp":3.9067357456},"net perf":{"Bitcoin":2.8220048201,"CRC3":4.6608314264,"CRC3b":4.8389428835,"folio_equal-weight_btc_eth_xrp":3.9067357456},"dd":{"Bitcoin":0.9307432432,"CRC3":0.6555006099,"CRC3b":0.6392618693,"folio_equal-weight_btc_eth_xrp":0.9307432431},"vol":{"Bitcoin":1.5994345357,"CRC3":0.8946379921,"CRC3b":0.9020938101,"folio_equal-weight_btc_eth_xrp":1.6369465368},"occ":{"Bitcoin":1.0,"CRC3":0.6441109063,"CRC3b":0.6348682593,"folio_equal-weight_btc_eth_xrp":0.9999999994},"VaR sample 0.02":{"Bitcoin":-0.1359699103,"CRC3":-0.0418622287,"CRC3b":-0.0451677944,"folio_equal-weight_btc_eth_xrp":-0.1374287677},"VaR robust 0.02":{"Bitcoin":-0.1359797597,"CRC3":-0.0444973325,"CRC3b":-0.0473872979,"folio_equal-weight_btc_eth_xrp":-0.1496524206}}