{"net perf\/dd":{"Bitcoin":3.134222076,"CRC3":7.3154999722,"CRC3b":7.7911932784,"folio_equal-weight_btc_eth_xrp":4.3726863281},"Sharpe":{"Bitcoin":1.8177250984,"CRC3":5.3402131329,"CRC3b":5.5007371811,"folio_equal-weight_btc_eth_xrp":2.4778311631},"perf":{"Bitcoin":2.91715602,"CRC3":4.7953146937,"CRC3b":4.9806127791,"folio_equal-weight_btc_eth_xrp":4.0698482541},"net perf":{"Bitcoin":2.91715602,"CRC3":4.7953146937,"CRC3b":4.9806127791,"folio_equal-weight_btc_eth_xrp":4.0698482541},"dd":{"Bitcoin":0.9307432432,"CRC3":0.6555006099,"CRC3b":0.6392618693,"folio_equal-weight_btc_eth_xrp":0.9307432431},"vol":{"Bitcoin":1.6048389399,"CRC3":0.8979631663,"CRC3b":0.9054446004,"folio_equal-weight_btc_eth_xrp":1.6425042653},"occ":{"Bitcoin":1.0,"CRC3":0.6468427986,"CRC3b":0.6374682907,"folio_equal-weight_btc_eth_xrp":0.9999999994},"VaR sample 0.02":{"Bitcoin":-0.1361570503,"CRC3":-0.0578784848,"CRC3b":-0.0593838344,"folio_equal-weight_btc_eth_xrp":-0.1382580755},"VaR robust 0.02":{"Bitcoin":-0.1361668998,"CRC3":-0.0616960982,"CRC3b":-0.0620265542,"folio_equal-weight_btc_eth_xrp":-0.1497279555}}