{"net perf\/dd":{"Bitcoin":3.4803055243,"CRC3":9.8790922227,"CRC3b":10.3494587981,"CRC4":8.5257744775,"folio_equal-weight_btc_eth_xrp":5.2050310619},"Sharpe":{"Bitcoin":1.9345026332,"CRC3":6.2126698016,"CRC3b":6.4383768198,"CRC4":5.5692007134,"folio_equal-weight_btc_eth_xrp":2.8315692318},"perf":{"Bitcoin":3.2392708512,"CRC3":5.734874478,"CRC3b":6.0079252004,"CRC4":5.4791697141,"folio_equal-weight_btc_eth_xrp":4.8445474917},"net perf":{"Bitcoin":3.2392708512,"CRC3":5.734874478,"CRC3b":6.0079252004,"CRC4":5.4791697141,"folio_equal-weight_btc_eth_xrp":4.8445474917},"dd":{"Bitcoin":0.9307432432,"CRC3":0.5805062195,"CRC3b":0.5805062195,"CRC4":0.6426594708,"folio_equal-weight_btc_eth_xrp":0.9307432432},"vol":{"Bitcoin":1.6744721851,"CRC3":0.923093398,"CRC3b":0.9331428353,"CRC4":0.9838341256,"folio_equal-weight_btc_eth_xrp":1.7109055421},"occ":{"Bitcoin":1.0,"CRC3":0.6399312181,"CRC3b":0.6311317666,"CRC4":0.6590231361,"folio_equal-weight_btc_eth_xrp":1.0},"VaR robust 0.02":{"Bitcoin":-0.1432783,"CRC3":-0.0413140543,"CRC3b":-0.0370975408,"CRC4":-0.0399470328,"folio_equal-weight_btc_eth_xrp":-0.1547306906},"VaR sample 0.02":{"Bitcoin":-0.1432783,"CRC3":-0.0396944166,"CRC3b":-0.0357427973,"CRC4":-0.0385062829,"folio_equal-weight_btc_eth_xrp":-0.1476831137}}