{"net perf\/dd":{"Bitcoin":2.8094817591,"CRC3":6.7763469984,"CRC3b":7.1876915447,"folio_equal-weight_btc_eth_xrp":4.015524622},"Sharpe":{"Bitcoin":1.6457095886,"CRC3":4.9958166739,"CRC3b":5.1233257235,"folio_equal-weight_btc_eth_xrp":2.2976647375},"perf":{"Bitcoin":2.6149061643,"CRC3":4.4418995905,"CRC3b":4.5948171327,"folio_equal-weight_btc_eth_xrp":3.7374224094},"net perf":{"Bitcoin":2.6149061643,"CRC3":4.4418995905,"CRC3b":4.5948171327,"folio_equal-weight_btc_eth_xrp":3.7374224094},"dd":{"Bitcoin":0.9307432432,"CRC3":0.6555006099,"CRC3b":0.6392618693,"folio_equal-weight_btc_eth_xrp":0.9307432431},"vol":{"Bitcoin":1.5889232112,"CRC3":0.8891238171,"CRC3b":0.8968426723,"folio_equal-weight_btc_eth_xrp":1.6266178213},"occ":{"Bitcoin":1.0,"CRC3":0.6407975846,"CRC3b":0.6312202578,"folio_equal-weight_btc_eth_xrp":0.9999999994},"VaR sample 0.02":{"Bitcoin":-0.1357533001,"CRC3":-0.0513568411,"CRC3b":-0.0420789067,"folio_equal-weight_btc_eth_xrp":-0.1371241952},"VaR robust 0.02":{"Bitcoin":-0.1357558879,"CRC3":-0.0540774261,"CRC3b":-0.0441091548,"folio_equal-weight_btc_eth_xrp":-0.1495713809}}