{"net perf\/dd":{"Bitcoin":3.3531662444,"CRC3":9.4212226017,"CRC3b":9.8290189485,"CRC4":8.0765258916,"folio_equal-weight_btc_eth_xrp":5.1174281328},"Sharpe":{"Bitcoin":1.8806642843,"CRC3":5.9552749161,"CRC3b":6.1626347126,"CRC4":5.3161936605,"folio_equal-weight_btc_eth_xrp":2.8038952782},"perf":{"Bitcoin":3.1209368255,"CRC3":5.4690783153,"CRC3b":5.7058066309,"CRC4":5.1904558556,"folio_equal-weight_btc_eth_xrp":4.7630116573},"net perf":{"Bitcoin":3.1209368255,"CRC3":5.4690783153,"CRC3b":5.7058066309,"CRC4":5.1904558556,"folio_equal-weight_btc_eth_xrp":4.7630116573},"dd":{"Bitcoin":0.9307432432,"CRC3":0.5805062195,"CRC3b":0.5805062195,"CRC4":0.6426594708,"folio_equal-weight_btc_eth_xrp":0.9307432432},"vol":{"Bitcoin":1.6594864121,"CRC3":0.9183586639,"CRC3b":0.9258713029,"CRC4":0.9763481519,"folio_equal-weight_btc_eth_xrp":1.6987123929},"occ":{"Bitcoin":1.0,"CRC3":0.6395725133,"CRC3b":0.6296956222,"CRC4":0.6585056255,"folio_equal-weight_btc_eth_xrp":1.0},"VaR robust 0.02":{"Bitcoin":-0.1413298537,"CRC3":-0.0892031521,"CRC3b":-0.0885641189,"CRC4":-0.1260220753,"folio_equal-weight_btc_eth_xrp":-0.1542546142},"VaR sample 0.02":{"Bitcoin":-0.1413298537,"CRC3":-0.0856136153,"CRC3b":-0.0836456747,"CRC4":-0.1168574593,"folio_equal-weight_btc_eth_xrp":-0.1479054612}}