{"net perf\/dd":{"Bitcoin":2.9291310246,"CRC3":7.2798438571,"CRC3b":7.7905519995,"folio_equal-weight_btc_eth_xrp":4.3729064249},"Sharpe":{"Bitcoin":1.6813266959,"CRC3":5.2824317655,"CRC3b":5.4660156925,"folio_equal-weight_btc_eth_xrp":2.448607445},"perf":{"Bitcoin":2.7262689098,"CRC3":4.7719420885,"CRC3b":4.980202834,"folio_equal-weight_btc_eth_xrp":4.0700531076},"net perf":{"Bitcoin":2.7262689098,"CRC3":4.7719420885,"CRC3b":4.980202834,"folio_equal-weight_btc_eth_xrp":4.0700531076},"dd":{"Bitcoin":0.9307432432,"CRC3":0.6555006099,"CRC3b":0.6392618693,"folio_equal-weight_btc_eth_xrp":0.9307432431},"vol":{"Bitcoin":1.6214986156,"CRC3":0.9033608573,"CRC3b":0.9111212104,"folio_equal-weight_btc_eth_xrp":1.6621909388},"occ":{"Bitcoin":1.0,"CRC3":0.6429433222,"CRC3b":0.6332988248,"folio_equal-weight_btc_eth_xrp":0.9999999994},"VaR robust 0.02":{"Bitcoin":-0.1364597338,"CRC3":-0.1469174442,"CRC3b":-0.1493655018,"folio_equal-weight_btc_eth_xrp":-0.1503168994},"VaR sample 0.02":{"Bitcoin":-0.1364597338,"CRC3":-0.1422312281,"CRC3b":-0.1426915901,"folio_equal-weight_btc_eth_xrp":-0.14269159}}