{"net perf\/dd":{"Bitcoin":3.4390000321,"CRC3":9.7427235822,"CRC3b":10.1934992965,"CRC4":8.3685149474,"folio_equal-weight_btc_eth_xrp":5.2460275375},"Sharpe":{"Bitcoin":1.9173904479,"CRC3":6.1317224637,"CRC3b":6.3583618789,"CRC4":5.4809350242,"folio_equal-weight_btc_eth_xrp":2.8584271857},"perf":{"Bitcoin":3.2008260434,"CRC3":5.655711634,"CRC3b":5.9173897397,"CRC4":5.3781053877,"folio_equal-weight_btc_eth_xrp":4.8827046844},"net perf":{"Bitcoin":3.2008260434,"CRC3":5.655711634,"CRC3b":5.9173897397,"CRC4":5.3781053877,"folio_equal-weight_btc_eth_xrp":4.8827046844},"dd":{"Bitcoin":0.9307432432,"CRC3":0.5805062195,"CRC3b":0.5805062195,"CRC4":0.6426594708,"folio_equal-weight_btc_eth_xrp":0.9307432432},"vol":{"Bitcoin":1.6693658023,"CRC3":0.9223691495,"CRC3b":0.930646895,"CRC4":0.9812386689,"folio_equal-weight_btc_eth_xrp":1.7081787876},"occ":{"Bitcoin":1.0,"CRC3":0.638732569,"CRC3b":0.6297359729,"CRC4":0.6576731994,"folio_equal-weight_btc_eth_xrp":1.0},"VaR robust 0.02":{"Bitcoin":-0.1427698181,"CRC3":-0.0961163868,"CRC3b":-0.0885690137,"CRC4":-0.0891961269,"folio_equal-weight_btc_eth_xrp":-0.1548355542},"VaR sample 0.02":{"Bitcoin":-0.1427698181,"CRC3":-0.0929276267,"CRC3b":-0.0837741149,"CRC4":-0.083722508,"folio_equal-weight_btc_eth_xrp":-0.1479979164}}