{"net perf\/dd":{"Bitcoin":2.8657136926,"CRC3":7.3267111726,"CRC3b":7.8866440931,"folio_equal-weight_btc_eth_xrp":4.4156402085},"Sharpe":{"Bitcoin":1.6355076048,"CRC3":5.2983912323,"CRC3b":5.5150171121,"folio_equal-weight_btc_eth_xrp":2.4582687407},"perf":{"Bitcoin":2.6672436564,"CRC3":4.8026636424,"CRC3b":5.0416308454,"folio_equal-weight_btc_eth_xrp":4.109827288},"net perf":{"Bitcoin":2.6672436564,"CRC3":4.8026636424,"CRC3b":5.0416308454,"folio_equal-weight_btc_eth_xrp":4.109827288},"dd":{"Bitcoin":0.9307432432,"CRC3":0.6555006099,"CRC3b":0.6392618693,"folio_equal-weight_btc_eth_xrp":0.9307432431},"vol":{"Bitcoin":1.630835374,"CRC3":0.9064380926,"CRC3b":0.9141641346,"folio_equal-weight_btc_eth_xrp":1.6718380786},"occ":{"Bitcoin":1.0,"CRC3":0.6380910636,"CRC3b":0.6282643977,"folio_equal-weight_btc_eth_xrp":0.9999999994},"VaR robust 0.02":{"Bitcoin":-0.138312025,"CRC3":-0.1420544,"CRC3b":-0.1574906699,"folio_equal-weight_btc_eth_xrp":-0.151843026},"VaR sample 0.02":{"Bitcoin":-0.138312025,"CRC3":-0.1347579958,"CRC3b":-0.1453700944,"folio_equal-weight_btc_eth_xrp":-0.1439041239}}