{"net perf\/dd":{"Bitcoin":2.9104504802,"CRC3":7.7617703466,"CRC3b":8.3052300753,"folio_equal-weight_btc_eth_xrp":4.5157263756},"Sharpe":{"Bitcoin":1.6488435246,"CRC3":5.4419385619,"CRC3b":5.6048524135,"folio_equal-weight_btc_eth_xrp":2.4965807135},"perf":{"Bitcoin":2.7088821192,"CRC3":4.9647024264,"CRC3b":5.15655024,"folio_equal-weight_btc_eth_xrp":4.2029818118},"net perf":{"Bitcoin":2.7088821192,"CRC3":4.9647024264,"CRC3b":5.15655024,"folio_equal-weight_btc_eth_xrp":4.2029818118},"dd":{"Bitcoin":0.9307432432,"CRC3":0.6396353157,"CRC3b":0.6208798785,"folio_equal-weight_btc_eth_xrp":0.9307432431},"vol":{"Bitcoin":1.6428982367,"CRC3":0.91230402,"CRC3b":0.9200153474,"folio_equal-weight_btc_eth_xrp":1.6834952657},"occ":{"Bitcoin":1.0,"CRC3":0.6371695255,"CRC3b":0.6273586778,"folio_equal-weight_btc_eth_xrp":0.9999999993},"VaR robust 0.02":{"Bitcoin":-0.1395593601,"CRC3":-0.0757021307,"CRC3b":-0.0704666573,"folio_equal-weight_btc_eth_xrp":-0.1530799876},"VaR sample 0.02":{"Bitcoin":-0.1395593601,"CRC3":-0.0716214667,"CRC3b":-0.0676234157,"folio_equal-weight_btc_eth_xrp":-0.1449542203}}