{"net perf\/dd":{"Bitcoin":3.0542617236,"CRC3":8.4215822174,"CRC3b":9.1352785739,"folio_equal-weight_btc_eth_xrp":4.7212451765},"Sharpe":{"Bitcoin":1.7178329134,"CRC3":5.6822261505,"CRC3b":5.8677091523,"folio_equal-weight_btc_eth_xrp":2.5944981231},"perf":{"Bitcoin":2.8427334623,"CRC3":5.2021693766,"CRC3b":5.4157165998,"folio_equal-weight_btc_eth_xrp":4.394267047},"net perf":{"Bitcoin":2.8427334623,"CRC3":5.2021693766,"CRC3b":5.4157165998,"folio_equal-weight_btc_eth_xrp":4.394267047},"dd":{"Bitcoin":0.9307432432,"CRC3":0.6177187662,"CRC3b":0.5928354079,"folio_equal-weight_btc_eth_xrp":0.9307432431},"vol":{"Bitcoin":1.6548369984,"CRC3":0.915516074,"CRC3b":0.9229695029,"folio_equal-weight_btc_eth_xrp":1.6936867319},"occ":{"Bitcoin":1.0,"CRC3":0.6386442799,"CRC3b":0.6286174101,"folio_equal-weight_btc_eth_xrp":0.9999999993},"VaR robust 0.02":{"Bitcoin":-0.1408571143,"CRC3":-0.0433504218,"CRC3b":-0.048383434,"folio_equal-weight_btc_eth_xrp":-0.1538433814},"VaR sample 0.02":{"Bitcoin":-0.1408571143,"CRC3":-0.0413097596,"CRC3b":-0.0467979241,"folio_equal-weight_btc_eth_xrp":-0.1465628887}}