{"net perf\/dd":{"Bitcoin":2.971343705,"CRC3":7.3560066062,"CRC3b":7.8592487556,"folio_equal-weight_btc_eth_xrp":4.4121937034},"Sharpe":{"Bitcoin":1.70838036,"CRC3":5.3458406548,"CRC3b":5.5225950391,"folio_equal-weight_btc_eth_xrp":2.4747106807},"perf":{"Bitcoin":2.7655580768,"CRC3":4.821866817,"CRC3b":5.0241180507,"folio_equal-weight_btc_eth_xrp":4.1066194767},"net perf":{"Bitcoin":2.7655580768,"CRC3":4.821866817,"CRC3b":5.0241180507,"folio_equal-weight_btc_eth_xrp":4.1066194767},"dd":{"Bitcoin":0.9307432432,"CRC3":0.6555006099,"CRC3b":0.6392618693,"folio_equal-weight_btc_eth_xrp":0.9307432431},"vol":{"Bitcoin":1.6188187019,"CRC3":0.9019847632,"CRC3b":0.9097386311,"folio_equal-weight_btc_eth_xrp":1.659434175},"occ":{"Bitcoin":1.0,"CRC3":0.6440319096,"CRC3b":0.6344168162,"folio_equal-weight_btc_eth_xrp":0.9999999994},"VaR robust 0.02":{"Bitcoin":-0.1360414745,"CRC3":-0.1476543001,"CRC3b":-0.1487327028,"folio_equal-weight_btc_eth_xrp":-0.1499929046},"VaR sample 0.02":{"Bitcoin":-0.1360414745,"CRC3":-0.142320922,"CRC3b":-0.1424177921,"folio_equal-weight_btc_eth_xrp":-0.1424177921}}