{"net perf\/dd":{"Bitcoin":3.1037520267,"CRC3":7.3997881571,"CRC3b":7.8839681981,"folio_equal-weight_btc_eth_xrp":4.394744459},"Sharpe":{"Bitcoin":1.7957826071,"CRC3":5.3861683204,"CRC3b":5.5502995591,"folio_equal-weight_btc_eth_xrp":2.4835341184},"perf":{"Bitcoin":2.8887962276,"CRC3":4.8505656503,"CRC3b":5.0399202477,"folio_equal-weight_btc_eth_xrp":4.0903787103},"net perf":{"Bitcoin":2.8887962276,"CRC3":4.8505656503,"CRC3b":5.0399202477,"folio_equal-weight_btc_eth_xrp":4.0903787103},"dd":{"Bitcoin":0.9307432432,"CRC3":0.6555006099,"CRC3b":0.6392618693,"folio_equal-weight_btc_eth_xrp":0.9307432431},"vol":{"Bitcoin":1.6086558675,"CRC3":0.9005596115,"CRC3b":0.908044727,"folio_equal-weight_btc_eth_xrp":1.6469992017},"occ":{"Bitcoin":1.0,"CRC3":0.6489793825,"CRC3b":0.6394037899,"folio_equal-weight_btc_eth_xrp":0.9999999994},"VaR robust 0.02":{"Bitcoin":-0.1363303576,"CRC3":-0.0337433274,"CRC3b":-0.0400417517,"folio_equal-weight_btc_eth_xrp":-0.1492881151},"VaR sample 0.02":{"Bitcoin":-0.1363303576,"CRC3":-0.0320992811,"CRC3b":-0.0378972419,"folio_equal-weight_btc_eth_xrp":-0.1389273233}}