,BTC-USD,ETH-USD+,XRP-USD+,cash
current,0.04671728533477195,0.02816679706314234,0.026974555955517912,0.8981413616465677
target,0.06968720743568214,0.037976625138325636,0.032176753562533245,0.8601594138634591
change,0.022969922100910194,0.009809828075183297,0.0052021976070153325,-0.037981947783108594
