,BTC-USD,ETH-USD+,XRP-USD+,cash
current,0.12511374948976992,0.036034816083353696,0.033810765820161286,0.8050406686067151
target,0.13320119569413738,0.031012960513206338,0.03378774583716605,0.8019980979554903
change,0.008087446204367466,-0.0050218555701473586,-2.3019982995232946e-05,-0.0030425706512248185
