,BTC-USD,ETH-USD+,XRP-USD+,cash
current,0.3422696569013485,0.06068031901830945,0.03786685950415045,0.5591831645761917
target,0.3258333333333334,0.027959417896890187,0.0235071518334279,0.6227000969363484
change,-0.016436323568015054,-0.03272090112141926,-0.014359707670722553,0.06351693236015676
