,BTC-USD,ETH-USD+,XRP-USD+,cash
current,0.19359465632242906,0.009746581434500466,0.026224708772149212,0.7704340534709213
target,0.060277777777777874,0.0,0.002952487519522161,0.9367697347027
change,-0.13331687854465119,-0.009746581434500466,-0.02327222125262705,0.16633568123177866
