,BTC-USD,ETH-USD+,XRP-USD+,cash
current,0.2997653064494095,0.1666152519587379,0.22275797224708344,0.31086146934476905
target,0.11961069291943235,0.037584129904773694,0.035591336253233734,0.8072138409225601
change,-0.18015461352997716,-0.1290311220539642,-0.1871666359938497,0.49635237157779105
