,BTC-USD,ETH-USD+,XRP-USD+,cash
current,0.1280576991512049,0.08305527373128715,0.07190236986811996,0.7169846572493881
target,0.23593033415333545,0.1143569652387938,0.1025283431321412,0.5471843574757295
change,0.10787263500213054,0.03130169150750664,0.030625973264021236,-0.16980029977365863
