,BTC-USD,ETH-USD+,XRP-USD+,cash
current,0.3766745155476731,0.0937814487093497,0.058436544182159995,0.47110749156081716
target,0.29615318851280764,0.06494300489629967,0.0344907626459526,0.60441304394494
change,-0.08052132703486548,-0.02883844381305002,-0.023945781536207397,0.13330555238412284
