,BTC-USD,ETH-USD+,XRP-USD+,cash
current,0.2950195100237785,0.06470613314114156,0.034659472877721496,0.6056148839573583
target,0.3466666666666662,0.062499999999999875,0.0380815386203984,0.5527517947129353
change,0.05164715664288766,-0.0022061331411416807,0.003422065742676901,-0.052863089244422956
