,BTC-USD,ETH-USD+,XRP-USD+,cash
current,0.3273912198426911,0.12353703703703728,0.12194444444444445,0.4271272986758272
target,0.2936111111111112,0.10839319272976676,0.12416666666666648,0.4738290294924557
change,-0.03378010873157988,-0.015143844307270518,0.0022222222222220284,0.046701730816628484
