,BTC-USD,ETH-USD+,XRP-USD+,cash
current,0.32179725685848176,0.027663733940903875,0.024474992973098433,0.6260640162275158
target,0.2266666666666665,0.0138228823974056,0.04222222222222216,0.7172882287137059
change,-0.09513059019181527,-0.013840851543498275,0.01774722924912373,0.09122421248619006
