,BTC-USD,ETH-USD+,XRP-USD+,cash
current,0.23678017506025414,0.11369375960939665,0.10247946986983794,0.5470465954605112
target,0.2241666666666668,0.08847860664876514,0.07722222222222225,0.6101325044623459
change,-0.012613508393587353,-0.02521515296063151,-0.025257247647615694,0.06308590900183475
