,BTC-USD,ETH-USD+,XRP-USD+,cash
current,0.2808632359310536,0.07245204647086527,0.039335078830929286,0.6073496387671518
target,0.3749999999999998,0.08507227525080807,0.055450589678772436,0.4844771350704198
change,0.09413676406894617,0.012620228779942802,0.01611551084784315,-0.12287250369673197
