,BTC-USD,ETH-USD+,XRP-USD+,cash
current,0.22518851873448356,0.0760530889220039,0.08214893736722886,0.6166094549762837
target,0.2569140384139229,0.06976274032702115,0.050565537533131616,0.6227576837259243
change,0.031725519679439346,-0.006290348594982745,-0.03158339983409725,0.006148228749640605
