,BTC-USD,ETH-USD+,XRP-USD+,cash
current,0.22582174728514529,0.013672441812196333,0.0413803102393741,0.7191255006632844
target,0.2148655394912327,0.012777777777777777,0.02,0.7523566827309895
change,-0.010956207793912598,-0.0008946640344185564,-0.0213803102393741,0.033231182067705145
