,BTC-USD,ETH-USD+,XRP-USD+,cash
current,0.12582067939048058,0.08769988531447129,0.11491119403304634,0.6715682412620018
target,0.15516676715951294,0.1165295086371943,0.2003938556466188,0.5279098685566739
change,0.02934608776903236,0.028829623322723014,0.08548266161357246,-0.14365837270532789
