,BTC-USD,ETH-USD+,XRP-USD+,cash
current,0.2638908533361475,0.06302117103345473,0.043543989067672866,0.629543986562725
target,0.26861111111111124,0.07004508077419819,0.03916666666666668,0.6221771414480238
change,0.004720257774963765,0.007023909740743461,-0.004377322401006183,-0.007366845114701204
