,BTC-USD,ETH-USD+,XRP-USD+,cash
current,0.07228175397025022,0.04067706205829651,0.03222196438070476,0.8548192195907485
target,0.1045991055044463,0.07780932107427584,0.029602441571937883,0.7879891318493399
change,0.032317351534196084,0.03713225901597932,-0.0026195228087668755,-0.06683008774140853
