,BTC-USD,ETH-USD+,XRP-USD+,cash
current,0.06158139187466213,0.0,0.002929932280527299,0.9354886758448104
target,0.3555981623484559,0.14333333333333328,0.1161300001863946,0.3849385041318163
change,0.2940167704737938,0.14333333333333328,0.11320006790586731,-0.5505501717129941
