,BTC-USD,ETH-USD+,XRP-USD+,cash
current,0.36991609533676384,0.08395219538677758,0.05588749969198121,0.49024420958447734
target,0.3580555555555551,0.07437663022772309,0.062248443009726616,0.5053193712069952
change,-0.011860539781208712,-0.009575565159054486,0.006360943317745407,0.015075161622517874
