,BTC-USD,ETH-USD+,XRP-USD+,cash
current,0.3593365413168806,0.07571618139274086,0.06272786846027026,0.5022194088301083
target,0.3765883867772865,0.09382816048981632,0.058435102210403586,0.4711483505224935
change,0.017251845460405923,0.01811197909707546,-0.0042927662498666724,-0.031071058307614807
