,BTC-USD,ETH-USD+,XRP-USD+,cash
current,0.3555981623484559,0.14333333333333328,0.1161300001863946,0.3849385041318163
target,0.3273912198426911,0.12353703703703728,0.12194444444444445,0.4271272986758272
change,-0.02820694250576483,-0.019796296296296007,0.005814444258049847,0.04218879454401092
