,BTC-USD,ETH-USD+,XRP-USD+,cash
0,0.276131634161,0.368136141776,0.300102065053,0.0556301590101
1,0.288389451317,0.414136128114,0.297474420569,0.0
2,0.0122578171564,0.0459999863378,-0.00262764448416,-0.0556301590101
