,BTC-USD,ETH-USD+,XRP-USD+,cash
current,0.04247171223772401,0.03428374484597189,0.014565592548812551,0.9086789503674916
target,0.07378332909388986,0.07687927292247805,0.03349526872464075,0.8158421292589914
change,0.031311616856165854,0.04259552807650616,0.0189296761758282,-0.09283682110850022
