,net perf/dd,Sharpe,perf,net perf,dd,vol,occ,VaR robust 0.02,VaR sample 0.02
folio_btc_eth_xlm,11.716247029463954,7.193750435154709,6.801354269415455,6.801354269415455,0.5805062194669885,0.9454531861681389,0.6387177985833021,-0.06170234428617147,-0.05838451469337813
folio_btc_eth_xrp,11.208820326449299,6.955692822686694,6.506789912391078,6.506789912391078,0.5805062194669224,0.93546251656895,0.6492538730315524,-0.06321054735699541,-0.06001953695569662
folio_equal-weight_btc_eth_xrp,6.103837271256879,3.277669884693421,5.681105298078615,5.681105298078615,0.9307432432432432,1.7332756189417167,1.0,-0.15622754111612344,-0.14985962389476973
