,net perf/dd,Sharpe,perf,net perf,dd,vol,occ,VaR robust 0.02,VaR sample 0.02
folio_btc_eth_xlm,11.189307415214305,6.901086971816848,6.4954625460599935,6.4954625460599935,0.5805062194669882,0.941223110589191,0.635294270372677,-0.032709015474353134,-0.03138334823630448
folio_btc_eth_xlm_rep,9.315306920254548,6.037185089510732,5.986570215968338,5.986570215968338,0.6426594708276934,0.9916161467982264,0.6622303692693626,-0.05635110698310687,-0.05196008165094483
folio_btc_eth_xrp,10.708047804565677,6.673662917073836,6.216088348899504,6.216088348899504,0.5805062194669228,0.9314357686535715,0.6459893605527328,-0.028603404221880322,-0.027512335582288182
folio_equal-weight_btc_eth_xrp,5.770191340229267,3.1118442014151984,5.370566602139064,5.370566602139064,0.9307432432432433,1.7258468787404744,1.0,-0.15568256702938604,-0.14908832763487317
