,net perf/dd,Sharpe,perf,net perf,dd,vol,occ,VaR robust 0.02,VaR sample 0.02
CRC3,10.56680340701251,6.605052700699088,6.134095097655031,6.134095097655031,0.5805062194669228,0.9286973739067653,0.6433721683092379,-0.056549473037077164,-0.05458733642874293
CRC3b,11.14886387360347,6.8948853421149225,6.471984818617633,6.471984818617633,0.5805062194669882,0.9386646039036859,0.6331548689587113,-0.10759252364278184,-0.10284826939052816
CRC4,9.248526914844529,6.0104254873962,5.943653413029665,5.943653413029665,0.6426594708276934,0.9888906243814924,0.6603475101820245,-0.104641877398997,-0.10088614105569567
folio_equal-weight_btc_eth_xrp,5.755950189333892,3.11272559778299,5.357311747167187,5.357311747167187,0.9307432432432433,1.7210999103110414,1.0,-0.1550976242937178,-0.14822854033864707
