,net perf/dd,Sharpe,perf,net perf,dd,vol,occ,VaR robust 0.02,VaR sample 0.02
CRC3,10.57333879346057,6.604778639950759,6.1378889301347455,6.1378889301347455,0.5805062194669224,0.9293103167770216,0.6439681496355462,-0.03253326420041046,-0.031215442051788757
CRC3b,11.053228940132454,6.8326009684027955,6.416468144939396,6.416468144939396,0.5805062194669882,0.9390959862301639,0.6334224773709985,-0.050898423462930324,-0.04843963352593658
CRC4,9.183414909640312,5.964840319767959,5.901808566220592,5.901808566220592,0.6426594708276934,0.9894327844219944,0.6606777629132747,-0.051382121482905205,-0.04897460890832124
folio_equal-weight_btc_eth_xrp,5.723633063643242,3.09343878757234,5.327232800789572,5.327232800789572,0.9307432432432433,1.7221070680924195,1.0,-0.15570332524450783,-0.14908562012786714
