,BTC-USD,ETH-USD+,XRP-USD+,cash
current,0.14415501248469936,0.19626020738943237,0.185448573252943,0.4741362068729253
target,0.13045390206888255,0.18027777777777787,0.17057803153346798,0.5186902886198715
change,-0.013701110415816814,-0.015982429611654497,-0.014870541719475022,0.04455408174694625
