,BTC-USD,ETH-USD+,XRP-USD+,cash
current,0.15926833337013535,0.2070747695457316,0.13805261094840568,0.49560428613572743
target,0.11817474993459733,0.1574604019751114,0.13411350425904878,0.5902513438312427
change,-0.041093583435538025,-0.04961436757062018,-0.003939106689356903,0.09464705769551524
