year,Jan,Feb,Mar,Apr,May,Jun,Jul,Aug,Sep,Oct,Nov,Dec,Year
2010,,,,,,,,-0.09026363392347203,-0.05883493458991029,2.042972820410014,0.025394827075380988,0.015808037258806307,1.7138272209813556
2011,0.44092085943767256,0.6866545782550197,-0.04574366665506391,2.5213155489724355,1.015672218223818,0.5231973816294846,-0.003566088607609208,-0.12813010137698644,-0.21055816873437427,0.0026915385175962925,-0.19050125073290247,0.36184255713370117,18.00829310498808
2012,0.28317454495897176,-0.07107973938701595,-0.022719117612444495,-0.01010905913997362,0.03227788139306931,0.26944971536972506,0.4275037369202992,0.11865525494320184,0.04878707153678574,-0.06286062712769425,0.12863299408045026,0.07478122513914509,1.8768743394517804
2013,0.5107327905249268,0.6354728564421457,1.7112042327354717,1.063110876706193,0.002551306504745998,-0.0606939165676198,0.1327923789376082,0.34685919680400623,-0.013187317418027256,0.4671632035387858,3.1656582747179467,-0.15284394336836782,100.45238590329282
2014,-0.0008897776210753383,0.5329522490115193,-0.15431584752165584,-0.043010930875893916,0.3263305233652112,0.02433474487909093,-0.07073998609539744,-0.1629367436633561,-0.13020794359616594,-0.06973651132144787,-0.014391222178861796,-0.0943284051033193,-0.05388676398166481
2015,0.0016092780696599362,0.05179460994365681,-0.03168789180514786,-0.05767355835303978,-0.015083559748481745,0.07079233620884895,0.08869655478402394,-0.17460470851135657,0.0018037386006557465,0.35713770676142276,0.058280876984715624,0.11130103846401362,0.4566617969428397
2016,0.6389800699644874,0.6241645649849303,0.2398106979256185,-0.15869001708875208,0.2003416414747603,0.049151158556788754,-0.047438716402119496,-0.07766494401058588,0.013076606410422409,-0.013957260470678245,-0.05598577124426907,0.1624406414985622,2.367650831639454
2017,0.047593649663407955,0.3314597272547348,1.9624804479168385,0.7401098160865551,2.191185611241313,0.05780428083245037,-0.05073385472833225,0.509832403460533,-0.25867418339242265,0.2210404207561396,0.41376801662637375,2.088174468029492,136.48214748740975
2018,0.051258334425311025,-0.04885735620887621,-0.11903510863465849,0.18561252572678932,-0.1671051788252247,,,,,,,,-0.1301454350715915
