,net perf/dd,Sharpe,perf,net perf,dd,vol,occ,VaR robust 0.02,VaR sample 0.02
CRC3,10.172121071255027,6.383459061933841,5.904979547034077,5.904979547034077,0.5805062194669224,0.9250438500102465,0.6407304821595095,-0.07308887705429334,-0.0695353216136479
CRC3b,10.637636773658041,6.600924606685594,6.175214307539239,6.175214307539239,0.5805062194669882,0.9355074744051486,0.6323544267529091,-0.06696729233587566,-0.06406027031320394
CRC4,8.792158008308286,5.731645146437945,5.650363613052869,5.650363613052869,0.6426594708276934,0.9858188126954109,0.6595877001318677,-0.08474951462304975,-0.08024015323157467
folio_equal-weight_btc_eth_xrp,5.3753299872831874,2.9179976124473037,5.0030520658666155,5.0030520658666155,0.9307432432432433,1.7145497462112698,0.9999999999999998,-0.15420407772871497,-0.1467130695275005
