year,Jan,Feb,Mar,Apr,May,Jun,Jul,Aug,Sep,Oct,Nov,Dec
2010,,,,,,,,-0.09026363392347203,-0.05883493458991018,2.042972820410013,0.025394827075380766,0.015808037258806307
2011,0.44092085943767256,0.6866545782550197,-0.04574366665506391,2.521315548972436,1.015672218223818,0.5231973816294844,-0.003566088607609208,-0.12813010137698644,-0.21055816873437427,0.0026915385175965145,-0.19050125073290258,0.36184255713370117
2012,0.283174544958972,-0.07107973938701595,-0.022719117612444495,-0.01010905913997362,0.03227788139306931,0.26944971536972506,0.4275037369202992,0.11865525494320184,0.04878707153678574,-0.06286062712769425,0.12863299408045026,0.07478122513914509
2013,0.510732790524927,0.6354728564421452,1.711204232735473,1.063110876706193,0.002551306504745998,-0.06069391656762002,0.13279237893760798,0.34685919680400623,-0.013187317418027478,0.46716320353878515,3.1656582747179467,-0.1528439433683677
2014,-0.0008897776210751163,0.5329522490115193,-0.1543158475216556,-0.043010930875893916,0.3263305233652112,0.02433474487909093,-0.07073998609539756,-0.1629367436633561,-0.1302079435961656,-0.06973651132144765,-0.014391222178861685,-0.09432840510331952
2015,0.0016092780696606024,0.05179460994365659,-0.031687891805148416,-0.05767355835303922,-0.015083559748482411,0.0707923362088485,0.0886965547840235,-0.17460470851135623,0.0018037386006557465,0.3571377067614232,0.058280876984715624,0.11130103846401362
2016,0.6431760149515777,0.6241645649849306,0.23981069792561738,-0.15869001708875174,0.20034164147476052,0.049151158556788754,-0.04743871640211961,-0.07766494401058599,0.013076606410422187,-0.013957260470678245,-0.05598577124426907,0.16244064149856285
2017,0.04759364966340862,0.3314597272547348,1.9624804479168385,0.7401098160865547,2.1911856112413144,0.05780428083245015,-0.05073385472833225,0.5098324034605333,-0.25867418339242254,0.22104042075613917,0.4137680166263731,2.08817446802949
2018,0.05125833442531169,-0.04885735620887677,-0.1190351086346586,0.18561252572679043,,,,,,,,
