,,net perf/dd,Sharpe,perf,net perf,dd,vol,occ,VaR robust 0.02,VaR sample 0.02
folio_btc_eth_xrp,return,11.845548585340469,7.3315565021446,6.880684049925958,6.876414626787746,0.5805062194669224,0.9379201571693927,0.999999999999779,-0.14877931075128695,-0.14228328804500198
folio_equal-weight_btc_eth_xrp,return,6.492600987299956,3.4726750700313094,6.0472139231420545,6.042944500003843,0.9307432432432431,1.740141066509099,0.9999999999999998,-0.1576559711245026,-0.15077755647234017
