year,Jan,Feb,Mar,Apr,May,Jun,Jul,Aug,Sep,Oct,Nov,Dec,Year
2010,,,,,,,,-0.09026363392347192,-0.05883493458991018,2.042972820410014,0.025394827075380988,0.015808037258806307,1.713827220981356
2011,0.44092085943767234,0.6866545782550195,-0.04574366665506391,2.5213155489724346,1.0156722182238171,0.5231973816294844,-0.003566088607609208,-0.12813010137698644,-0.21055816873437438,0.0026915385175962925,-0.19050125073290258,0.36184255713370184,18.00829310498806
2012,0.283174544958972,-0.07107973938701584,-0.022719117612444495,-0.01010905913997362,0.03227788139306931,0.26944971536972484,0.4275037369202994,0.11865525494320184,0.04878707153678574,-0.06286062712769425,0.12863299408045048,0.07478122513914465,1.8768743394517804
2013,0.5107327905249262,0.6354728564421459,1.7112042327354704,1.063110876706193,0.002551306504745998,-0.0606939165676198,0.13279237893760776,0.34685919680400623,-0.013187317418027367,0.46716320353878604,3.1656582747179467,-0.1528439433683677,100.45238590329275
2014,-0.0008897776210751163,0.5329522490115195,-0.1543158475216556,-0.04301093087589403,0.3263305233652105,0.024334744879090486,-0.07073998609539733,-0.16293674366335598,-0.13020794359616583,-0.06973651132144754,-0.014391222178861796,-0.09432840510331952,-0.05388676398166459
2015,0.0016092780696601583,0.05179460994365681,-0.03168789180514742,-0.05767355835303967,-0.015083559748481967,0.07079233620884895,0.08869655478402394,-0.1746047085113568,0.0018037386006557465,0.35713770676142276,0.0582808769847154,0.1113010384640134,0.45666179694283926
2016,0.6389800699644883,0.6241645649849306,0.23981069792561827,-0.1586900170887522,0.20034164147476008,0.04915115855678853,-0.04743871640211961,-0.07766494401058599,0.013076606410422187,-0.013957260470678357,-0.055985771244268956,0.16244064149856263,2.3676508316394536
2017,0.047593649663407955,0.33145972725473505,1.9624804479168394,0.7401098160865556,2.191185611241312,0.05780428083245037,-0.05073385472833225,0.5098324034605333,-0.25867418339242254,0.2210404207561396,0.41376801662637397,2.0881744680294894,136.48214748740978
2018,0.05125833442531147,-0.048857356208876324,-0.11903510863465849,0.18561252572679,-0.16710517882522447,,,,,,,,-0.1301454350715905
