year,Jan,Feb,Mar,Apr,May,Jun,Jul,Aug,Sep,Oct,Nov,Dec,Year
2010,,,,,,,,-0.0902636339234717,-0.05883493458990974,2.042972820410015,0.025394827075380988,0.015808037258806085,1.7138272209813583
2011,0.4409208594376719,0.6866545782550191,-0.04574366665506413,2.5213155489724355,1.015672218223818,0.5231973816294844,-0.003566088607609208,-0.12813010137698644,-0.21055816873437427,0.0026915385175965145,-0.19050125073290258,0.36184255713370117,18.008293104988063
2012,0.283174544958972,-0.07107973938701595,-0.022719117612444495,-0.01010905913997362,0.03227788139306931,0.26944971536972506,0.4275037369202992,0.11865525494320184,0.04878707153678574,-0.06286062712769425,0.12863299408045026,0.07478122513914509,1.8768743394517813
2013,0.510732790524927,0.6354728564421452,1.711204232735473,1.063110876706193,0.002551306504745998,-0.06069391656762002,0.13279237893760798,0.34685919680400623,-0.013187317418027478,0.46716320353878515,3.1656582747179467,-0.1528439433683677,100.45238590329278
2014,-0.0008897776210751163,0.5329522490115193,-0.1543158475216556,-0.043010930875893916,0.3263305233652112,0.02433474487909093,-0.07073998609539756,-0.1629367436633561,-0.1302079435961656,-0.06973651132144765,-0.014391222178861685,-0.09432840510331952,-0.053886763981664254
2015,0.0016092780696606024,0.05179460994365659,-0.031687891805148416,-0.05767355835303922,-0.015083559748482411,0.0707923362088485,0.0886965547840235,-0.17460470851135623,0.0018037386006557465,0.3571377067614232,0.058280876984715624,0.11130103846401362,0.4566617969428397
2016,0.6389800699644879,0.6241645649849301,0.23981069792561782,-0.15869001708875197,0.20034164147475964,0.049151158556788754,-0.04743871640211972,-0.07766494401058577,0.013076606410421965,-0.013957260470678357,-0.05598577124426907,0.16244064149856308,2.367650831639451
2017,0.04759364966340818,0.33145972725473527,1.962480447916839,0.7401098160865556,2.191185611241314,0.05780428083245015,-0.05073385472833203,0.509832403460533,-0.25867418339242265,0.2210404207561394,0.41376801662637397,2.0881744680294916,136.4821474874099
2018,0.051258334425311025,-0.04885735620887621,-0.11903510863465838,0.18561252572678932,-0.16710517882522458,,,,,,,,-0.13014543507159138
