,BTC-USD,ETH-USD+,XRP-USD+,cash
current,0.12092187361953603,0.14643383901192095,0.0776352723647011,0.655009015003842
target,0.04952615330026714,0.12985905598426756,0.06900056881585742,0.7516142218996078
change,-0.07139572031926888,-0.01657478302765339,-0.008634703548843672,0.0966052068957658
