,net perf/dd,Sharpe,perf,net perf,dd,vol,occ,VaR robust 0.02,VaR sample 0.02
CRC3,10.576487307701413,6.61541947315039,6.139716662233635,6.139716662233635,0.5805062194669224,0.9280918144575017,0.6431117722776976,-0.0768561065130753,-0.07454790772703812
CRC3b,11.17556355393715,6.916505742740758,6.487484149109115,6.487484149109115,0.5805062194669882,0.93797133847797,0.6332022462384505,-0.13644662425028373,-0.13075733269404138
CRC4,9.265232668543298,6.025727240585118,5.954389523861493,5.954389523861493,0.6426594708276934,0.9881611440618913,0.6603875574107411,-0.13631371966347294,-0.13199744726842996
folio_equal-weight_btc_eth_xrp,5.774684215134015,3.1247466782728166,5.374748315099397,5.374748315099397,0.9307432432432433,1.720058893884561,0.9999999999999998,-0.15469145399158046,-0.1476420285581781
