,net perf/dd,Sharpe,perf,net perf,dd,vol,occ,VaR robust 0.02,VaR sample 0.02
folio_btc_eth_xlm,9.532048500323128,6.134864857982643,4.11164215235577,4.11164215235577,0.4313492689652585,0.6702090832540069,0.700471374011391,-0.07639644538042326,-0.061637170501724556
folio_btc_eth_xrp,7.617992236298504,5.158258825270504,3.286015382109885,3.286015382109885,0.4313492689651942,0.6370396471793102,0.720602599365156,-0.07743168580031674,-0.065172061095149
folio_equal-weight_btc_eth_xrp,2.62814197642511,2.2876582804849326,1.9246164905935896,1.9246164905935896,0.7323107000526357,0.841304187348127,0.9999999999999998,-0.11976783442060424,-0.10087775567473165
