,BTC-USD,ETH-USD+,XRP-USD+,cash
current,0.13045390206888258,0.1802777777777779,0.170578031533468,0.5186902886198717
target,0.17426361248713626,0.2269444444444444,0.22249999999999973,0.3762919430684196
change,0.04380971041825368,0.046666666666666495,0.051921968466531715,-0.14239834555145203
