,net perf/dd,Sharpe,perf,net perf,dd,vol,occ,VaR robust 0.02,VaR sample 0.02
folio_btc_eth_xlm,9.388103415031884,6.048564288871499,4.04955154504425,4.04955154504425,0.4313492689652585,0.6695062417530803,0.7002819479459741,-0.06352266406700141,-0.052008825677109696
folio_btc_eth_xrp,7.577233036711106,5.137295460257489,3.268433931164254,3.268433931164254,0.4313492689651942,0.636216849205795,0.7204616012958699,-0.07882909295861168,-0.0664144864774186
folio_equal-weight_btc_eth_xrp,2.6153889679793023,2.2795367676989975,1.9152773260508633,1.9152773260508633,0.7323107000526357,0.840204621039816,0.9999999999999998,-0.11970505123759538,-0.10061782472164846
