,net perf/dd,Sharpe,perf,net perf,dd,vol,occ,VaR robust 0.02,VaR sample 0.02
CRC3,10.549989327665639,6.597831057641047,6.124334420019562,6.124334420019562,0.5805062194669228,0.9282345010830307,0.6432387047723033,-0.056457699568086835,-0.054660791093006075
CRC3b,11.12304471439797,6.883403243005844,6.456996636117432,6.456996636117432,0.5805062194669882,0.9380529380838353,0.6331705757278454,-0.11163080257670588,-0.10716832501412178
CRC4,9.233766243802025,6.004482107872037,5.934167327988427,5.934167327988427,0.6426594708276934,0.9882896178853751,0.6603444170508773,-0.12038740062376847,-0.11576524285999443
folio_equal-weight_btc_eth_xrp,5.744262265142434,3.1078892768924202,5.346433290698449,5.346433290698449,0.9307432432432433,1.7202779167359366,0.9999999999999998,-0.1549094946454951,-0.147960394919603
