,BTC-USD,ETH-USD+,XRP-USD+,cash
current,0.19388888888888905,0.2230555555555558,0.22944444444444426,0.35361111111111077
target,0.19638888888888908,0.2255555555555559,0.23194444444444434,0.3461111111111108
change,0.00250000000000003,0.0025000000000000855,0.0025000000000000855,-0.007499999999999951
