,BTC-USD,ETH-USD+,XRP-USD+,cash
current,0.0998762695720234,0.1430927757074289,0.12281187268071946,0.6342190820398282
target,0.08984827843532285,0.14111111111111135,0.12187422215629128,0.6471663882972746
change,-0.010027991136700554,-0.001981664596317545,-0.0009376505244281796,0.012947306257446334
