,net perf/dd,Sharpe,perf,net perf,dd,vol,occ,VaR robust 0.02,VaR sample 0.02
folio_btc_eth_xlm,11.725669089116996,7.204863874993661,6.806823833644235,6.806823833644235,0.5805062194669885,0.9447539817190819,0.638470086582156,-0.07918410256943043,-0.0751470471068378
folio_btc_eth_xrp,11.215246779677436,6.9646429378939,6.510520508459124,6.510520508459124,0.5805062194669224,0.9347960213489277,0.6490125104537916,-0.08289860863556804,-0.07904419171466852
folio_equal-weight_btc_eth_xrp,6.14584350896479,3.302571886037623,5.720202319999322,5.720202319999322,0.9307432432432431,1.7320447570521578,1.0000000000000002,-0.1561550139435432,-0.14968064659998692
