,BTC-USD,ETH-USD+,XRP-USD+,cash
current,0.08708167156579964,0.15244242419841317,0.13323705385874798,0.6272388503770392
target,0.08961319846548745,0.16388888888888867,0.14833333333333346,0.5981645793122904
change,0.0025315268996878026,0.0114464646904755,0.015096279474585472,-0.029074271064748802
