,net perf/dd,Sharpe,perf,net perf,dd,vol,occ,VaR robust 0.02,VaR sample 0.02
folio_btc_eth_xlm,11.715020424925823,7.189871927673605,6.800642217852244,6.800642217852244,0.5805062194669885,0.9458641664640468,0.6389868382639038,-0.05636398589465428,-0.0533973388515696
folio_btc_eth_xrp,11.198526546720059,6.946104348777566,6.500814309236431,6.500814309236431,0.5805062194669224,0.935893557426977,0.6495190308636697,-0.05559450192328225,-0.05301101192944773
folio_equal-weight_btc_eth_xrp,6.080775928232997,3.2635909734379145,5.659641108879023,5.659641108879023,0.9307432432432432,1.7341759904786946,1.0,-0.15606636997483025,-0.15003860118955248
