,net perf/dd,Sharpe,perf,net perf,dd,vol,occ,VaR robust 0.02,VaR sample 0.02
folio_btc_eth_xlm,9.534445459371812,6.134433242255686,4.112676078889159,4.112676078889159,0.4313492689652585,0.6704247835904219,0.7005811211683974,-0.07241331583945901,-0.05854654154345185
folio_btc_eth_xrp,7.6287884653814455,5.163931580079881,3.290672327632393,3.290672327632393,0.4313492689651943,0.6372416591122785,0.720692316534076,-0.07550250367071801,-0.06353362962411525
folio_equal-weight_btc_eth_xrp,2.630234129405028,2.28873019155142,1.926148596606931,1.926148596606931,0.7323107000526357,0.8415795814277642,0.9999999999999998,-0.11981980443865127,-0.1010163148457994
