,BTC-USD,ETH-USD+,XRP-USD+,cash
current,0.13282922517654236,0.1061685605690899,0.07001720234023201,0.6909850119141357
target,0.12820056357245005,0.08731209301994218,0.051944444444444376,0.7325428989631634
change,-0.00462866160409231,-0.018856467549147715,-0.018072757895787633,0.04155788704902763
