,net perf/dd,Sharpe,perf,net perf,dd,vol,occ,VaR robust 0.02,VaR sample 0.02
CRC3,10.58164098197386,6.613232795665259,6.142708402201898,6.142708402201898,0.5805062194669224,0.9288510766214411,0.6434960250704226,-0.06647767974375905,-0.06398829627937108
CRC3b,11.14057203545924,6.889297107529121,6.467171355004093,6.467171355004093,0.5805062194669882,0.9387273119541182,0.6331574809225927,-0.12026941709044456,-0.11458153916876265
CRC4,9.250115435043137,6.010714059309527,5.944674290579901,5.944674290579901,0.6426594708276934,0.9890129911225202,0.6603800889181289,-0.12432413721110902,-0.11832977855576826
folio_equal-weight_btc_eth_xrp,5.801106972615635,3.1364245894916185,5.399341118093269,5.399341118093269,0.9307432432432433,1.7214955960310354,1.0,-0.15546485823941317,-0.1487108194177631
