,BTC-USD,ETH-USD+,XRP-USD+,cash
current,0.07119940072624557,0.07171498180598801,0.02687324099596665,0.8302123764717998
target,0.058268830317884185,0.0598966704697058,0.032764210414829,0.8490702887975811
change,-0.012930570408361389,-0.011818311336282208,0.00589096941886235,0.018857912325781268
