year,Jan,Feb,Mar,Apr,May,Jun,Jul,Aug,Sep,Oct,Nov,Dec
2010,,,,,,,,-0.0902636339234717,-0.05883493458990996,2.0429728204100153,0.025394827075380766,0.015808037258806085
2011,0.4409208594376721,0.6866545782550195,-0.04574366665506402,2.5213155489724346,1.0156722182238176,0.5231973816294844,-0.003566088607609208,-0.12813010137698644,-0.21055816873437438,0.0026915385175965145,-0.19050125073290258,0.3618425571337016
2012,0.2831745449589722,-0.07107973938701573,-0.022719117612444606,-0.01010905913997373,0.03227788139306975,0.26944971536972484,0.4275037369202994,0.11865525494320184,0.04878707153678574,-0.06286062712769425,0.12863299408045026,0.07478122513914576
2013,0.5107327905249268,0.6354728564421457,1.7112042327354722,1.0631108767061943,0.002551306504745998,-0.06069391656761969,0.1327923789376082,0.34685919680400645,-0.013187317418027478,0.4671632035387856,3.1656582747179494,-0.15284394336836782
2014,-0.0008897776210752273,0.5329522490115188,-0.1543158475216555,-0.04301093087589403,0.3263305233652114,0.024334744879091152,-0.07073998609539722,-0.16293674366335575,-0.13020794359616572,-0.06973651132144731,-0.014391222178862462,-0.09432840510331952
2015,0.0016092780696606024,0.05179460994365681,-0.03168789180514797,-0.057673558353039556,-0.015083559748481745,0.07079233620884873,0.08869655478402305,-0.1746047085113568,0.0018037386006559686,0.3571377067614234,0.05828087698471518,0.11130103846401318
2016,0.6431760149515773,0.6241645649849303,0.23981069792561782,-0.1586900170887522,0.20034164147476052,0.049151158556788976,-0.047438716402119274,-0.07766494401058577,0.013076606410422409,-0.013957260470678579,-0.05598577124426907,0.1624406414985622
2017,0.04759364966340818,0.33145972725473505,1.9624804479168385,0.7401098160865547,2.191185611241313,0.05780428083245015,-0.05073385472833225,0.5098324034605326,-0.2586741833924222,0.22104042075613894,0.4137680166263735,2.088174468029491
2018,0.05125833442531125,-0.04885735620887688,-0.11903510863465849,0.1856125257267902,,,,,,,,
