year,Jan,Feb,Mar,Apr,May,Jun,Jul,Aug,Sep,Oct,Nov,Dec,Year
2010,,,,,,,,-0.09026363392347159,-0.05883493458990974,2.042972820410014,0.025394827075380766,0.015808037258806085,1.713827220981357
2011,0.4409208594376721,0.6866545782550193,-0.04574366665506413,2.5213155489724346,1.0156722182238176,0.5231973816294846,-0.003566088607609208,-0.12813010137698644,-0.2105581687343745,0.0026915385175965145,-0.19050125073290247,0.3618425571337016,18.008293104988063
2012,0.28317454495897265,-0.07107973938701573,-0.022719117612444606,-0.01010905913997373,0.03227788139306953,0.2694497153697255,0.4275037369203001,0.11865525494320206,0.04878707153678552,-0.06286062712769402,0.12863299408045026,0.07478122513914531,1.8768743394517866
2013,0.5107327905249268,0.6354728564421457,1.7112042327354708,1.0631108767061934,0.002551306504745998,-0.06069391656761969,0.1327923789376082,0.3468591968040067,-0.013187317418027256,0.4671632035387854,3.1656582747179485,-0.15284394336836782,100.45238590329286
2014,-0.0008897776210752273,0.5329522490115188,-0.1543158475216554,-0.04301093087589425,0.3263305233652112,0.024334744879091152,-0.07073998609539733,-0.16293674366335575,-0.1302079435961656,-0.06973651132144754,-0.014391222178862462,-0.09432840510331963,-0.05388676398166414
2015,0.0016092780696603803,0.05179460994365703,-0.03168789180514808,-0.057673558353039556,-0.015083559748481745,0.07079233620884873,0.08869655478402327,-0.17460470851135657,0.0018037386006559686,0.3571377067614234,0.05828087698471496,0.11130103846401318,0.45666179694283926
2016,0.6431760149515775,0.6241645649849303,0.23981069792561782,-0.1586900170887522,0.20034164147476052,0.049151158556788976,-0.047438716402119274,-0.07766494401058577,0.013076606410422409,-0.013957260470678579,-0.05598577124426907,0.1624406414985622,2.3762723383217117
2017,0.04759364966340818,0.33145972725473505,1.9624804479168385,0.7401098160865545,2.1911856112413126,0.05780428083244993,-0.05073385472833236,0.5098324034605328,-0.25867418339242243,0.2210404207561396,0.41376801662637375,2.0881744680294902,136.48214748740958
2018,0.05125833442531147,-0.04885735620887688,-0.11903510863465849,0.1856125257267902,,,,,,,,,0.04437504329958841
