,BTC-USD,ETH-USD+,XRP-USD+,cash
current,0.07676150501336189,0.03581553984287525,0.021732460928186644,0.8656904942155762
target,0.04674028489114506,0.027775434964855773,0.026756805162596608,0.8987274749814024
change,-0.030021220122216828,-0.008040104878019476,0.005024344234409964,0.033036980765826174
