year,Jan,Feb,Mar,Apr,May,Jun,Jul,Aug,Sep,Oct,Nov,Dec,Year
2010,,,,,,,,-0.09026363392347159,-0.05883493458990963,2.0429728204100135,0.025394827075380988,0.015808037258806085,1.7138272209813579
2011,0.4409208594376719,0.6866545782550191,-0.04574366665506413,2.521315548972435,1.0156722182238171,0.5231973816294844,-0.003566088607609208,-0.12813010137698644,-0.21055816873437438,0.0026915385175962925,-0.19050125073290258,0.36184255713370184,18.008293104988045
2012,0.283174544958972,-0.07107973938701584,-0.022719117612444495,-0.01010905913997362,0.03227788139306931,0.26944971536972484,0.4275037369202994,0.11865525494320184,0.04878707153678574,-0.06286062712769425,0.12863299408045048,0.07478122513914465,1.8768743394517804
2013,0.5107327905249262,0.6354728564421457,1.7112042327354708,1.063110876706193,0.002551306504745998,-0.06069391656762002,0.13279237893760776,0.3468591968040067,-0.013187317418027145,0.4671632035387856,3.165658274717946,-0.15284394336836782,100.45238590329271
2014,-0.0008897776210752273,0.5329522490115186,-0.1543158475216556,-0.043010930875893805,0.32633052336521096,0.02433474487909071,-0.07073998609539744,-0.1629367436633561,-0.13020794359616572,-0.06973651132144776,-0.014391222178861685,-0.09432840510331952,-0.05388676398166525
2015,0.0016092780696608244,0.05179460994365681,-0.03168789180514797,-0.057673558353039334,-0.0150835597484823,0.07079233620884828,0.08869655478402305,-0.17460470851135612,0.0018037386006557465,0.3571377067614232,0.05828087698471518,0.1113010384640134,0.45666179694283904
2016,0.6389800699644879,0.6241645649849299,0.23981069792561782,-0.1586900170887524,0.20034164147476008,0.049151158556788754,-0.04743871640211961,-0.07766494401058588,0.013076606410422187,-0.013957260470678468,-0.055985771244268956,0.16244064149856308,2.3676508316394513
2017,0.0475936496634084,0.33145972725473505,1.962480447916838,0.7401098160865553,2.191185611241313,0.057804280832449706,-0.05073385472833225,0.5098324034605333,-0.25867418339242254,0.2210404207561396,0.41376801662637464,2.0881744680294907,136.48214748740978
2018,0.05125833442531191,-0.048857356208876546,-0.11903510863465827,0.18561252572679,-0.16710517882522424,,,,,,,,-0.13014543507158993
