,net perf/dd,Sharpe,perf,net perf,dd,vol,occ,VaR robust 0.02,VaR sample 0.02
CRC3,10.58788286748022,6.610456946041672,6.146331855559544,6.146331855559544,0.5805062194669228,0.9297892574945148,0.644210053456803,-0.021406401777961354,-0.020604646812452596
CRC3b,11.056797701278231,6.831285887267196,6.418539832980312,6.418539832980312,0.5805062194669882,0.9395800349892838,0.6336581083326819,-0.022199439078642934,-0.02149760402473788
CRC4,9.188113421275064,5.964805726791339,5.90482810922146,5.90482810922146,0.6426594708276934,0.9899447491977004,0.6609156409169217,-0.02605037693146438,-0.02490506143510264
folio_equal-weight_btc_eth_xrp,5.699656899753925,3.078923569623658,5.304917148250698,5.304917148250698,0.9307432432432433,1.722977861674925,0.9999999999999998,-0.15572101841163583,-0.14904467038786437
