,net perf/dd,Sharpe,perf,net perf,dd,vol,occ,VaR robust 0.02,VaR sample 0.02
folio_btc_eth_xlm,11.097083742111739,6.853010589733182,6.441926130241864,6.441926130241864,0.5805062194669882,0.9400140341082819,0.6343581611859235,-0.03294877226810293,-0.03168180896856321
folio_btc_eth_xlm_rep,9.228144552215914,5.988168589073185,5.930554494648541,5.930554494648541,0.6426594708276934,0.990378678628091,0.6615688660375986,-0.044511052506401784,-0.041600002214537066
folio_btc_eth_xrp,10.62407887606223,6.629933828190091,6.167343863661275,6.167343863661275,0.5805062194669224,0.9302270616092863,0.6449481343084693,-0.02405701794701748,-0.023215303899161488
folio_equal-weight_btc_eth_xrp,5.732151601379643,3.0951602325024856,5.33516137223004,5.33516137223004,0.9307432432432433,1.7237108813318134,1.0,-0.15583344698974244,-0.14915356112831593
