,,net perf/dd,Sharpe,perf,net perf,dd,vol,occ,VaR robust 0.02,VaR sample 0.02
folio_btc_eth_xrp,return,11.52742142668149,7.140486316647763,6.696087064181308,6.691739832604874,0.5805062194669228,0.9371546328719019,0.9999999999997802,-0.11312004593330083,-0.1081703530125041
folio_equal-weight_btc_eth_xrp,return,6.3243872233420095,3.3887109907817106,5.890727907355903,5.8863806757794706,0.9307432432432431,1.7370559754998744,1.0,-0.15671445211546567,-0.15040807883094637
