,net perf/dd,Sharpe,perf,net perf,dd,vol,occ,VaR robust 0.02,VaR sample 0.02
CRC3,10.44869266084547,6.543306367084831,6.065531074919186,6.065531074919186,0.5805062194669228,0.9269825887155422,0.6425874611541591,-0.04167176537031981,-0.04085315642983155
CRC3b,10.965615508892578,6.7919020610223395,6.365608003195804,6.365608003195804,0.5805062194669882,0.9372349521538348,0.6337480405096244,-0.0775225362054202,-0.07439475298480178
CRC4,9.095632016215275,5.920786909187356,5.8453940583843345,5.8453940583843345,0.6426594708276934,0.9872664137454376,0.6608214489902595,-0.07156298692971509,-0.06943621777013417
folio_equal-weight_btc_eth_xrp,5.677924370424998,3.076226832934714,5.2846897434192135,5.2846897434192135,0.9307432432432433,1.717912894732028,1.0,-0.15452833890153062,-0.14721804204237385
