,net perf/dd,Sharpe,perf,net perf,dd,vol,occ,VaR robust 0.02,VaR sample 0.02
CRC3,10.483422845004188,6.56433139804376,6.0856921628265495,6.0856921628265495,0.5805062194669224,0.9270848459357415,0.6427140296456144,-0.05531190544379148,-0.054522336915774
CRC3b,11.015922875804712,6.822867856300229,6.394811742573306,6.394811742573306,0.5805062194669882,0.9372615558820098,0.633738660757878,-0.10277645665598831,-0.09952723483172786
CRC4,9.136936143887118,5.947361204551736,5.87193854721692,5.87193854721692,0.6426594708276934,0.9873182988655385,0.6608395461515344,-0.097931843224587,-0.09558439208514091
folio_equal-weight_btc_eth_xrp,5.699078662016525,3.0872833737528302,5.304378957383625,5.304378957383625,0.9307432432432433,1.718138024672398,1.0,-0.1544020305636288,-0.14707077978470154
