,BTC-USD,ETH-USD+,XRP-USD+,cash
current,0.08849389129860238,0.1763672171751709,0.14802017441132,0.5871187171149068
target,0.14476658420331984,0.19722222222222194,0.1855555555555552,0.472455638018903
change,0.05627269290471745,0.02085500504705104,0.037535381144235186,-0.11466307909600382
