,net perf/dd,Sharpe,perf,net perf,dd,vol,occ,VaR robust 0.02,VaR sample 0.02
folio_btc_eth_xlm,11.704007631218795,7.192686113352971,6.794249222611607,6.794249222611607,0.5805062194669885,0.944605272013514,0.638399860555959,-0.07383720202635496,-0.06985125916711378
folio_btc_eth_xrp,11.19071090307033,6.950497150513562,6.496277279488627,6.496277279488627,0.5805062194669224,0.9346492975698331,0.6489534306150403,-0.07564890882460554,-0.07208016363508951
folio_equal-weight_btc_eth_xrp,6.122699317163112,3.2906790211847103,5.698661019859585,5.698661019859585,0.9307432432432431,1.7317583949005007,1.0000000000000002,-0.15615118830238672,-0.14959115795259548
