,net perf/dd,Sharpe,perf,net perf,dd,vol,occ,VaR robust 0.02,VaR sample 0.02
folio_btc_eth_xlm,11.791001159223395,7.2327536901131335,6.844749506671652,6.844749506671652,0.5805062194669885,0.9463545697716947,0.6392475966302326,-0.06633292859716172,-0.06290580523704353
folio_btc_eth_xrp,11.261593467820818,6.981653045284332,6.537425049178052,6.537425049178052,0.5805062194669224,0.9363720893569283,0.6497752047797078,-0.06547262820793696,-0.06270722695454559
folio_equal-weight_btc_eth_xrp,6.1366778812410985,3.2920199642597394,5.711671473925414,5.711671473925414,0.9307432432432432,1.7350051141654514,1.0,-0.1561859686413405,-0.15012070733208446
