,BTC-USD,ETH-USD+,XRP-USD+,cash
current,0.10379884721666378,0.1402776581632338,0.07180887651538981,0.6841146181047126
target,0.12083917450430184,0.14638888888888907,0.07764520280987597,0.6551267337969331
change,0.01704032728763806,0.006111230725655281,0.0058363262944861605,-0.028987884307779543
