,net perf/dd,Sharpe,perf,net perf,dd,vol,occ,VaR robust 0.02,VaR sample 0.02
CRC3,10.557114528502137,6.60412153741951,6.128470643420101,6.128470643420101,0.5805062194669228,0.927976659529306,0.6430507833162502,-0.07373566152447378,-0.07152322123180946
CRC3b,11.16234862916814,6.9091569224598,6.479812803090915,6.479812803090915,0.5805062194669882,0.9378586817194433,0.6333097917844738,-0.1370616287825696,-0.13157101566012086
CRC4,9.253254148940975,6.018726314824334,5.946691414792565,5.946691414792565,0.6426594708276934,0.9880315375274094,0.6604815735537485,-0.13450364449377739,-0.13009810637316319
folio_equal-weight_btc_eth_xrp,5.761811125481534,3.118197027887111,5.362766773885685,5.362766773885685,0.9307432432432433,1.7198293520020103,0.9999999999999998,-0.15465240705195687,-0.14756088784443006
