,BTC-USD,ETH-USD+,XRP-USD+,cash
current,0.19622439865062272,0.22699579889627125,0.22912625637975684,0.3476535460733492
target,0.03757509255861745,0.1258333333333336,0.12010593587588425,0.7164856382321647
change,-0.15864930609200528,-0.10116246556293765,-0.10902032050387259,0.3688320921588155
