year,Jan,Feb,Mar,Apr,May,Jun,Jul,Aug,Sep,Oct,Nov,Dec,Year
2010,,,,,,,,-0.09026363392347203,-0.05883493458991029,2.042972820410014,0.025394827075380988,0.015808037258806307,1.7138272209813556
2011,0.44092085943767256,0.6866545782550197,-0.04574366665506391,2.5213155489724355,1.015672218223818,0.5231973816294846,-0.003566088607609208,-0.12813010137698644,-0.21055816873437427,0.0026915385175962925,-0.19050125073290247,0.36184255713370117,18.00829310498808
2012,0.28317454495897176,-0.07107973938701595,-0.022719117612444495,-0.01010905913997362,0.03227788139306931,0.26944971536972506,0.4275037369202992,0.11865525494320184,0.04878707153678574,-0.06286062712769425,0.12863299408045026,0.07478122513914509,1.8768743394517804
2013,0.5107327905249268,0.6354728564421457,1.7112042327354717,1.063110876706193,0.002551306504745998,-0.0606939165676198,0.1327923789376082,0.34685919680400623,-0.013187317418027256,0.4671632035387858,3.1656582747179467,-0.15284394336836782,100.45238590329282
2014,-0.0008897776210752273,0.532952249011519,-0.1543158475216556,-0.04301093087589414,0.3263305233652112,0.02433474487909093,-0.07073998609539744,-0.1629367436633561,-0.13020794359616594,-0.06973651132144776,-0.014391222178861907,-0.09432840510331941,-0.05388676398166514
2015,0.0016092780696599362,0.05179460994365703,-0.03168789180514786,-0.05767355835303978,-0.015083559748481967,0.07079233620884895,0.08869655478402372,-0.1746047085113569,0.0018037386006557465,0.35713770676142276,0.058280876984715624,0.1113010384640134,0.45666179694283837
2016,0.6389800699644876,0.6241645649849301,0.23981069792561804,-0.1586900170887524,0.20034164147476052,0.04915115855678853,-0.047438716402119496,-0.07766494401058588,0.013076606410422187,-0.013957260470678245,-0.055985771244268956,0.16244064149856263,2.367650831639452
2017,0.04759364966340818,0.33145972725473505,1.9624804479168407,0.7401098160865556,2.191185611241313,0.05780428083245015,-0.05073385472833236,0.5098324034605333,-0.25867418339242265,0.2210404207561396,0.41376801662637375,2.0881744680294902,136.4821474874098
2018,0.05125833442531147,-0.04885735620887621,-0.11903510863465849,0.18561252572678955,-0.1671051788252248,,,,,,,,-0.13014543507159104
