,net perf/dd,Sharpe,perf,net perf,dd,vol,occ,VaR robust 0.02,VaR sample 0.02
folio_btc_eth_xlm,11.183731324187761,6.898794807908722,6.492225590538771,6.492225590538771,0.5805062194669882,0.9410666313913464,0.635087107001141,-0.050181292348120125,-0.048274660385507616
folio_btc_eth_xlm_rep,9.315125021429916,6.038014612400883,5.986453316965956,5.986453316965956,0.6426594708276934,0.9914605547113068,0.6620797242565148,-0.07297088886892143,-0.06737437613111383
folio_btc_eth_xrp,10.704384916936547,6.672509288632872,6.2139620198495855,6.2139620198495855,0.5805062194669228,0.9312781370624007,0.6457668983707425,-0.04584410618314309,-0.04400074498692637
folio_equal-weight_btc_eth_xrp,5.809296398508622,3.1334222994765963,5.406963370909208,5.406963370909208,0.9307432432432433,1.7255776126353546,0.9999999999999998,-0.15571482255612457,-0.14908758257240476
