,BTC-USD,ETH-USD+,XRP-USD+,cash
current,0.07078672855685919,0.11478986950637546,0.0927635528749136,0.7216598490618518
target,0.045695947910685056,0.0952250791485814,0.049790070513591314,0.8092889024271422
change,-0.025090780646174135,-0.019564790357794057,-0.042973482361322285,0.08762905336529048
