,,net perf/dd,Sharpe,perf,net perf,dd,vol,occ,VaR robust 0.02,VaR sample 0.02
folio_btc_eth_xrp,return,11.847437238533002,7.332721472161813,6.8817804248506445,6.877511001712433,0.5805062194669228,0.9379206653112959,0.999999999999779,-0.14886048120948558,-0.1423663274328771
folio_equal-weight_btc_eth_xrp,return,6.493837569364533,3.4733356732658596,6.048364863543377,6.044095440405165,0.9307432432432432,1.740141468884321,0.9999999999999998,-0.15765476490731312,-0.15077755647234015
