,net perf/dd,Sharpe,perf,net perf,dd,vol,occ,VaR robust 0.02,VaR sample 0.02
folio_btc_eth_xlm,11.398237313630641,7.017922295723759,6.616747651523287,6.616747651523287,0.5805062194669885,0.9428356959088988,0.6368617308331602,-0.051668389867898866,-0.049668892679020846
folio_btc_eth_xrp,10.868081798157307,6.762057627425503,6.308989077505575,6.308989077505575,0.5805062194669228,0.9329984192855181,0.6475474585692158,-0.05390984241154362,-0.05175397397002514
folio_equal-weight_btc_eth_xrp,5.933874800569233,3.195516310741633,5.5229138768811605,5.5229138768811605,0.9307432432432431,1.728332244249873,1.0,-0.1563205806031489,-0.1496404196283596
