,BTC-USD,ETH-USD+,XRP-USD+,cash
current,0.20514309647873244,0.30166666666666675,0.20583333333333328,0.2873569035212676
target,0.18631586066335526,0.2538888888888888,0.18722222222222207,0.3725730282255338
change,-0.01882723581537718,-0.047777777777777974,-0.018611111111111217,0.0852161247042662
