,BTC-USD,ETH-USD+,XRP-USD+,cash
current,0.06353772191838632,0.09058267822894318,0.09110174089240668,0.7547778589602638
target,0.06533935356046308,0.10964258184824706,0.0926700709087974,0.7323479936824924
change,0.0018016316420767647,0.019059903619303875,0.0015683300163907288,-0.022429865277771466
