,net perf/dd,Sharpe,perf,net perf,dd,vol,occ,VaR robust 0.02,VaR sample 0.02
CRC3,10.519416899627066,6.58252907410609,6.106586935398962,6.106586935398962,0.5805062194669224,0.9276961585206881,0.6429253920610629,-0.0588148984744952,-0.0571848984116459
CRC3b,11.123069184048578,6.885775766468903,6.457010840901797,6.457010840901797,0.5805062194669882,0.9377317908528147,0.6335778631123052,-0.12634739247553345,-0.12096312150771246
CRC4,9.220626952476815,5.99863813611716,5.925723237978317,5.925723237978317,0.6426594708276934,0.9878447580126845,0.6607165206186404,-0.1270261723906832,-0.1221019353344919
folio_equal-weight_btc_eth_xrp,5.734399655755758,3.104362720825292,5.337253733651052,5.337253733651052,0.9307432432432433,1.719275166476728,0.9999999999999998,-0.154656619125687,-0.14755069015903013
