,BTC-USD,ETH-USD+,XRP-USD+,cash
current,0.2538888888888886,0.34916666666666624,0.2452777777777776,0.1516666666666677
target,0.2123369276813514,0.3005555555555555,0.2058333333333332,0.2812741834297599
change,-0.04155196120753721,-0.048611111111110716,-0.03944444444444439,0.1296075167630922
