,BTC-USD,ETH-USD+,XRP-USD+,cash
current,0.05782284311165073,0.05974129379349854,0.03269080104805889,0.8497450620467919
target,0.03717375797643919,0.06139277264384694,0.03805555555555551,0.8633779138241583
change,-0.02064908513521154,0.0016514788503484007,0.0053647545074966205,0.013632851777366395
