,BTC-USD,ETH-USD+,XRP-USD+,cash
current,0.15185859665706972,0.10667155468603617,0.0745949399963537,0.6668749086605404
target,0.1323830286306812,0.10727552984133347,0.07080172836426576,0.6895397131637195
change,-0.01947556802638853,0.0006039751552972955,-0.003793211632087942,0.022664804503179092
