,,net perf/dd,Sharpe,perf,net perf,dd,vol,occ,VaR robust 0.02,VaR sample 0.02
folio_btc_eth_xrp,return,11.465284020239649,7.106480927423265,6.660089158328335,6.65566868170384,0.5805062194669228,0.936563223018051,0.9999999999997805,-0.11237877035998539,-0.10756404882319051
folio_equal-weight_btc_eth_xrp,return,6.30177795801051,3.3791655673643795,5.869757731461979,5.865337254837485,0.9307432432432432,1.7357353873051637,1.0,-0.15653153310599263,-0.15028491961714838
