,BTC-USD,ETH-USD+,XRP-USD+,cash
current,0.21085568183904524,0.29388888888888953,0.2244444444444448,0.27081098482762045
target,0.2538888888888886,0.34916666666666624,0.2452777777777776,0.1516666666666677
change,0.04303320704984337,0.055277777777776704,0.020833333333332787,-0.11914431816095275
