,net perf/dd,Sharpe,perf,net perf,dd,vol,occ,VaR robust 0.02,VaR sample 0.02
folio_btc_eth_xlm,11.404376622980624,7.01814098467566,6.620311558784184,6.620311558784184,0.5805062194669885,0.9433141302290522,0.6373801213054949,-0.0330851118573801,-0.031265062805011415
folio_btc_eth_xrp,10.86865451889158,6.75897078598647,6.309321545453837,6.309321545453837,0.5805062194669228,0.9334737114909712,0.6480802232964566,-0.0301965708566858,-0.028944042223080453
folio_equal-weight_btc_eth_xrp,5.893917415738806,3.172440816451042,5.48572381093257,5.48572381093257,0.9307432432432431,1.7291808195398772,0.9999999999999998,-0.15631171155315265,-0.1496426736834381
