,net perf/dd,Sharpe,perf,net perf,dd,vol,occ,VaR robust 0.02,VaR sample 0.02
folio_btc_eth_xlm,11.440954510657155,7.0371075399312755,6.641545250075375,6.641545250075375,0.5805062194669885,0.9437890798724723,0.6375614551228127,-0.04087791855454363,-0.03869685703328216
folio_btc_eth_xrp,10.905224783520119,6.7783327686407056,6.330550811518256,6.330550811518256,0.5805062194669228,0.9339392189191317,0.6482585301286393,-0.042287480703711314,-0.04058803350520639
folio_equal-weight_btc_eth_xrp,5.937524867497954,3.194450830307394,5.526311152012453,5.526311152012453,0.9307432432432431,1.729972206672115,1.0,-0.15639493307468055,-0.1496803460482024
