,net perf/dd,Sharpe,perf,net perf,dd,vol,occ,VaR robust 0.02,VaR sample 0.02
CRC3,10.193081915122427,6.3925122183689975,5.917147447264382,5.917147447264382,0.5805062194669228,0.9256372526377585,0.6415233563534417,-0.029592203014449675,-0.028563607219080002
CRC3b,10.676483193161518,6.620803990453562,6.197764895665031,6.197764895665031,0.5805062194669882,0.9361045734931128,0.633044574505374,-0.04941518700668733,-0.047502914944581934
CRC4,8.828935072000945,5.752081777614276,5.673998741344191,5.673998741344191,0.6426594708276934,0.9864252562308893,0.6602213363329286,-0.05530454796880727,-0.053413098735152556
folio_equal-weight_btc_eth_xrp,5.400151791798636,2.9301270368923,5.026154792704474,5.026154792704474,0.9307432432432433,1.7153368196742849,0.9999999999999998,-0.15441912670304736,-0.14716906780282488
