year,Jan,Feb,Mar,Apr,May,Jun,Jul,Aug,Sep,Oct,Nov,Dec,Year
2010,,,,,,,,-0.09026363392347192,-0.05883493458991018,2.042972820410014,0.025394827075380766,0.015808037258806307,1.7138272209813552
2011,0.44092085943767256,0.6866545782550195,-0.04574366665506391,2.5213155489724346,1.0156722182238171,0.5231973816294844,-0.003566088607609208,-0.12813010137698644,-0.21055816873437438,0.0026915385175962925,-0.19050125073290258,0.36184255713370184,18.008293104988066
2012,0.283174544958972,-0.07107973938701584,-0.022719117612444495,-0.01010905913997362,0.03227788139306931,0.26944971536972484,0.4275037369202994,0.11865525494320184,0.04878707153678574,-0.06286062712769425,0.12863299408045048,0.07478122513914465,1.8768743394517804
2013,0.5107327905249259,0.6354728564421452,1.7112042327354708,1.063110876706193,0.002551306504745998,-0.0606939165676198,0.13279237893760776,0.3468591968040067,-0.013187317418027367,0.4671632035387854,3.165658274717946,-0.15284394336836782,100.45238590329267
2014,-0.0008897776210752273,0.5329522490115184,-0.1543158475216555,-0.04301093087589447,0.3263305233652105,0.02433474487909071,-0.07073998609539733,-0.1629367436633561,-0.13020794359616583,-0.06973651132144765,-0.014391222178861685,-0.09432840510331941,-0.05388676398166592
2015,0.0016092780696610465,0.05179460994365659,-0.03168789180514786,-0.05767355835303967,-0.015083559748482078,0.0707923362088485,0.08869655478402261,-0.174604708511356,0.0018037386006564127,0.3571377067614234,0.05828087698471518,0.11130103846401407,0.4566617969428415
2016,0.643176014951578,0.6241645649849301,0.2398106979256176,-0.1586900170887523,0.20034164147476052,0.04915115855678831,-0.04743871640211961,-0.07766494401058588,0.013076606410422187,-0.013957260470678357,-0.05598577124426918,0.16244064149856308,2.3762723383217095
2017,0.0475936496634084,0.3314597272547346,1.9624804479168372,0.7401098160865545,2.191185611241314,0.05780428083244993,-0.05073385472833203,0.5098324034605337,-0.25867418339242265,0.22104042075613917,0.41376801662637375,2.0881744680294902,136.4821474874096
2018,0.05125833442531147,-0.048857356208876435,-0.1190351086346586,0.18561252572679,-0.16710517882522447,,,,,,,,-0.1301454350715907
