,net perf/dd,Sharpe,perf,net perf,dd,vol,occ,VaR robust 0.02,VaR sample 0.02
CRC3,10.377000909570125,6.5035498634488835,6.023913567419368,6.023913567419368,0.5805062194669224,0.9262500778651429,0.6420318250620985,-0.009161898570707592,-0.009135401733300411
CRC3b,10.84582545361779,6.722347256781017,6.296069131078496,6.296069131078496,0.5805062194669882,0.9365879045786392,0.6334742148126494,-0.010378439947377993,-0.010095939673296339
CRC4,9.004724028873452,5.865919451826219,5.786971179345228,5.786971179345228,0.6426594708276934,0.9865411939032998,0.6604791698718397,-0.01722914254944458,-0.016720465847018928
folio_equal-weight_btc_eth_xrp,5.605177250129795,3.0392052101960036,5.2169808527390495,5.2169808527390495,0.9307432432432433,1.7165609071861907,1.0,-0.15524560527793818,-0.1486305512090434
