,net perf/dd,Sharpe,perf,net perf,dd,vol,occ,VaR robust 0.02,VaR sample 0.02
CRC3,10.557728402601716,6.605625339435094,6.128827001152876,6.128827001152876,0.5805062194669228,0.9278193488456321,0.6429798945658807,-0.07895550694775166,-0.07644393992919216
CRC3b,11.211818206918423,6.940889499375623,6.508530200649361,6.508530200649361,0.5805062194669882,0.9377083731465318,0.6334174391927645,-0.15527362069957162,-0.14867747191743666
CRC4,9.290517937116338,6.044020577547344,5.970639341182379,5.970639341182379,0.6426594708276934,0.9878588705277467,0.6605697442851275,-0.15518725978122505,-0.14919974339681763
folio_equal-weight_btc_eth_xrp,5.772905805356914,3.124744906112445,5.373093072215642,5.373093072215642,0.9307432432432433,1.7195301484307117,1.0,-0.15469791637201652,-0.1476337082868167
