,net perf/dd,Sharpe,perf,net perf,dd,vol,occ,VaR robust 0.02,VaR sample 0.02
folio_btc_eth_xlm,11.061355726698228,6.8329453848919535,6.421185795085108,6.421185795085108,0.5805062194669882,0.9397390778627809,0.6339178370910814,-0.01438480163016254,-0.01394452434741051
folio_btc_eth_xlm_rep,9.194456707523615,5.967941903635114,5.908904682205263,5.908904682205263,0.6426594708276934,0.9901076078850748,0.6611660425766509,-0.022135272730188733,-0.020541774731191717
folio_btc_eth_xrp,10.59401206044355,6.613171063706581,6.149889890195066,6.149889890195066,0.5805062194669224,0.9299456842944793,0.6444707051747282,-0.015562228194837338,-0.014931976382478052
folio_equal-weight_btc_eth_xrp,5.69399396921723,3.0753176083210514,5.2996464139167125,5.2996464139167125,0.9307432432432433,1.7232842551212193,0.9999999999999998,-0.15575761492156567,-0.14907662972445554
