,BTC-USD,ETH-USD+,XRP-USD+,cash
current,0.21888888888888908,0.3050000000000002,0.19138888888888866,0.28472222222222215
target,0.2061515245489824,0.2708490367637973,0.18777777777777765,0.3352216609094425
change,-0.012737364339906687,-0.034150963236202925,-0.0036111111111110095,0.050499438687220344
