,net perf/dd,Sharpe,perf,net perf,dd,vol,occ,VaR robust 0.02,VaR sample 0.02
CRC3,10.340922434632523,6.484055827368785,6.002969788329214,6.002969788329214,0.5805062194669228,0.925804766052609,0.6417108878235364,-0.07965722629524596,-0.07664103447894975
CRC3b,10.765428982270523,6.675301423182088,6.249398479438208,6.249398479438208,0.5805062194669882,0.9361971966891566,0.6332771167512947,-0.07319537175029718,-0.07020576403663957
CRC4,8.93837815604686,5.825202432586081,5.744333375822885,5.744333375822885,0.642659470827693,0.9861173825804206,0.6603868646132484,-0.09971768361307683,-0.09611447620686342
folio_equal-weight_btc_eth_xrp,5.529537252484156,2.9993451440551824,5.146579436011435,5.146579436011435,0.9307432432432432,1.7159010346682353,0.9999999999999998,-0.15501505171783028,-0.14820570864622087
