,,net perf/dd,Sharpe,perf,net perf,dd,vol,occ,VaR robust 0.02,VaR sample 0.02
folio_btc_eth_xrp,return,11.33563121696649,7.027258841089759,6.584817960541582,6.5804044230324505,0.5805062194669228,0.9364112766923479,0.9999999999997805,-0.0795383354036503,-0.07626748293422178
folio_equal-weight_btc_eth_xrp,return,6.193717214935622,3.3220414515664953,5.769173985869819,5.764760448360687,0.9307432432432431,1.735306597586956,1.0000000000000002,-0.1562770040082775,-0.15020281347461642
