,net perf/dd,Sharpe,perf,net perf,dd,vol,occ,VaR robust 0.02,VaR sample 0.02
CRC3,10.259447555845098,6.432075114531244,5.955673114462795,5.955673114462795,0.5805062194669224,0.9259333898336838,0.6417366344890292,-0.0289944601276172,-0.027837674822730103
CRC3b,10.715551968746412,6.64214900342171,6.220444562879022,6.220444562879022,0.5805062194669882,0.9365108430531375,0.6332405382764172,-0.03460462986955768,-0.03316555635106584
CRC4,8.870219022715053,5.776756940351732,5.700530263263793,5.700530263263793,0.642659470827693,0.9868045898633052,0.6604051930116025,-0.0433219874585035,-0.0416090771679609
folio_equal-weight_btc_eth_xrp,5.458316560042435,2.960551789726432,5.080291257742198,5.080291257742198,0.9307432432432432,1.7159947261762443,1.0,-0.15491169776461172,-0.14809118349623063
