,BTC-USD,ETH-USD+,XRP-USD+,cash
current,0.0511227108345226,0.1303521832826711,0.06884771659863509,0.7496773892841712
target,0.07092463788373013,0.07306566843108106,0.026863406757300427,0.8291462869278885
change,0.01980192704920753,-0.05728651485159003,-0.041984309841334666,0.07946889764371734
