,BTC-USD,ETH-USD+,XRP-USD+,cash
current,0.11403144964722794,0.14037172840875856,0.07678374593258358,0.6688130760114299
target,0.10361111111111096,0.14027777777777786,0.07198314608147535,0.6841279650296359
change,-0.010420338536116985,-9.395063098069367e-05,-0.004800599851108228,0.01531488901820599
