,net perf/dd,Sharpe,perf,net perf,dd,vol,occ,VaR robust 0.02,VaR sample 0.02
folio_btc_eth_xlm,11.432842441276062,7.031039380283571,6.636836143346903,6.636836143346903,0.5805062194669885,0.9439338601854383,0.6377673536509793,-0.03434548006625846,-0.03259766750933068
folio_btc_eth_xrp,10.898676598629725,6.773194631307438,6.326749549463158,6.326749549463158,0.5805062194669224,0.9340864826501963,0.6484537037102345,-0.03873659219012292,-0.03710362116938093
folio_equal-weight_btc_eth_xrp,5.929365455048111,3.1897385165680805,5.518716834005927,5.518716834005927,0.9307432432432431,1.7301470968045534,1.0000000000000002,-0.1563963844039634,-0.14968122537832415
