,BTC-USD,ETH-USD+,XRP-USD+,cash
current,0.18934171637791855,0.2530370631671002,0.18666061904042644,0.3709606014145549
target,0.21888888888888905,0.30500000000000016,0.19138888888888864,0.2847222222222221
change,0.0295471725109705,0.051962936832899986,0.0047282698484621966,-0.08623837919233279
