,net perf/dd,Sharpe,perf,net perf,dd,vol,occ,VaR robust 0.02,VaR sample 0.02
folio_btc_eth_xlm,11.54064556690007,7.098443015675517,6.69941652824962,6.69941652824962,0.5805062194669885,0.9437867590759375,0.6381923796747847,-0.03896397133326847,-0.036379640452348774
folio_btc_eth_xrp,11.013410147766795,6.845954008024718,6.3933530883187455,6.3933530883187455,0.5805062194669228,0.9338878234975811,0.6488576731156803,-0.04516634261210979,-0.042347653047204496
folio_equal-weight_btc_eth_xrp,6.002412522514242,3.2291224112081753,5.586704898488762,5.586704898488762,0.9307432432432431,1.7301000665374273,1.0000000000000002,-0.15604591096893805,-0.14914371471563845
