,,net perf/dd,Sharpe,perf,net perf,dd,vol,occ,VaR robust 0.02,VaR sample 0.02
folio_btc_eth_xrp,return,11.461138942575912,7.100473106146493,6.657625898481086,6.653262438339864,0.5805062194669224,0.9370167788651289,0.9999999999997804,-0.09866367547660823,-0.09439617027892391
folio_equal-weight_btc_eth_xrp,return,6.2856667296097175,3.368869608899016,5.854705298004321,5.850341837863098,0.9307432432432432,1.736588979997672,0.9999999999999998,-0.15661954746509085,-0.1503259726884144
