,,net perf/dd,Sharpe,perf,net perf,dd,vol,occ,VaR robust 0.02,VaR sample 0.02
folio_btc_eth_xrp,return,11.551641506542214,7.153126860660577,6.710215639541673,6.7057997396000095,0.5805062194669228,0.9374641146768006,0.9999999999997798,-0.1148780711402703,-0.10980255150249493
folio_equal-weight_btc_eth_xrp,return,6.338741372932586,3.3952404637081472,5.904156603465067,5.8997407035234035,0.9307432432432432,1.7376503274468933,0.9999999999999998,-0.15677404959390367,-0.1504901849734783
