,,net perf/dd,Sharpe,perf,net perf,dd,vol,occ,VaR robust 0.02,VaR sample 0.02
folio_btc_eth_xrp,return,11.743975968569345,7.270020833940849,6.821769477696174,6.817451091024578,0.5805062194669224,0.9377484943642249,0.9999999999997795,-0.14350362492460422,-0.13737904310181953
folio_equal-weight_btc_eth_xrp,return,6.448357548469072,3.4516475786127683,6.006083604925748,6.001765218254152,0.9307432432432432,1.7388117070359446,1.0,-0.15745405662756035,-0.15061334418727626
