,net perf/dd,Sharpe,perf,net perf,dd,vol,occ,VaR robust 0.02,VaR sample 0.02
CRC3,10.436049862576015,6.536438058402489,6.058191851892297,6.058191851892297,0.5805062194669224,0.9268338195455836,0.6424159284135166,-0.036255894592586886,-0.03578104445953788
CRC3b,10.953147987673576,6.785413783438206,6.358370529586837,6.358370529586837,0.5805062194669882,0.9370645228897178,0.6336787221928397,-0.07583908017640686,-0.07262485077355052
CRC4,9.087414147056586,5.916514538723074,5.84011276693948,5.84011276693948,0.6426594708276934,0.9870866924633497,0.6607220873248286,-0.07159771329237147,-0.06950947050449577
folio_equal-weight_btc_eth_xrp,5.657541409422389,3.065656646960564,5.265718440188744,5.265718440188744,0.9307432432432433,1.7176478146727308,0.9999999999999998,-0.15440564559140682,-0.14699983329315378
