,BTC-USD,ETH-USD+,XRP-USD+,cash
current,0.12537885885112152,0.1466828233661395,0.13368582049011807,0.594252497292621
target,0.10138888888888893,0.1386111111111112,0.11694444444444438,0.6430555555555555
change,-0.023989969962232585,-0.008071712255028285,-0.01674137604567369,0.04880305826293452
