,BTC-USD,ETH-USD+,XRP-USD+,cash
current,0.12869379136435224,0.1013109020660451,0.07219990233067397,0.6977954042389287
target,0.15182779341642896,0.10583333333333342,0.07503215853587247,0.6673067147143653
change,0.02313400205207672,0.004522431267288324,0.0028322562051985023,-0.030488689524563406
