,net perf/dd,Sharpe,perf,net perf,dd,vol,occ,VaR robust 0.02,VaR sample 0.02
folio_btc_eth_xlm,11.721860166886833,7.1953097064357,6.804612730600159,6.804612730600159,0.5805062194669885,0.9457011592584972,0.6388463020318933,-0.06032258278599249,-0.05709877870770818
folio_btc_eth_xrp,11.217819148634167,6.958991913838228,6.51201378463727,6.51201378463727,0.5805062194669224,0.9357697013108861,0.649374447326067,-0.06350614267789753,-0.06033157140855236
folio_equal-weight_btc_eth_xrp,6.113051037776394,3.2811919848910054,5.689680949011475,5.689680949011475,0.9307432432432432,1.7340286625137769,1.0000000000000002,-0.1562610171153868,-0.1499491125421611
