,net perf/dd,Sharpe,perf,net perf,dd,vol,occ,VaR robust 0.02,VaR sample 0.02
folio_btc_eth_xlm,11.283981451041571,6.952492395374746,6.550421412679766,6.550421412679766,0.5805062194669885,0.9421687993556866,0.6362849208921189,-0.021372421461733907,-0.020666301014581195
folio_btc_eth_xlm_rep,9.372045198813009,6.067488777292315,6.02303360804239,6.02303360804239,0.642659470827693,0.9926732177212589,0.6631307738669843,-0.037502293775269084,-0.03469064189483308
folio_btc_eth_xrp,10.760256841707312,6.699688767114945,6.246396019672603,6.246396019672603,0.5805062194669228,0.9323412231225867,0.6469783954990411,-0.023483574352751696,-0.022575274457936095
folio_equal-weight_btc_eth_xrp,5.802853506468478,3.1266980625391736,5.400966692675897,5.400966692675897,0.9307432432432431,1.727370722931207,1.0,-0.15591134441609633,-0.14930030918773893
