,,net perf/dd,Sharpe,perf,net perf,dd,vol,occ,VaR robust 0.02,VaR sample 0.02
folio_btc_eth_xrp,return,11.602236704093858,7.185318342726608,6.739584917346798,6.735170566453891,0.5805062194669224,0.9373517282322804,0.9999999999997801,-0.13349989358199596,-0.12767539264525873
folio_equal-weight_btc_eth_xrp,return,6.379331517026911,3.4174518533378055,5.941934056774373,5.937519705881465,0.9307432432432431,1.737411369843389,1.0,-0.1567343756490385,-0.15044913190221232
