,net perf/dd,Sharpe,perf,net perf,dd,vol,occ,VaR robust 0.02,VaR sample 0.02
folio_btc_eth_xlm,11.173559541289606,6.894821481617267,6.486320807303325,6.486320807303325,0.5805062194669882,0.9407525379151479,0.6348018646534719,-0.053851619548250046,-0.051829334706301376
folio_btc_eth_xlm_rep,9.3067779502301,6.034568619146767,5.981088992605721,5.981088992605721,0.6426594708276934,0.9911377879818346,0.6618977955446689,-0.07459097808717681,-0.06930374256547772
folio_btc_eth_xrp,10.693720479578204,6.668094491305148,6.2077712476359475,6.2077712476359475,0.5805062194669224,0.9309662986525704,0.6454481412183956,-0.04799503667811681,-0.04605174217574973
folio_equal-weight_btc_eth_xrp,5.807902542647265,3.1337007641705505,5.405666048984195,5.405666048984195,0.9307432432432433,1.7250102852162412,0.9999999999999998,-0.15564479320272054,-0.14901234150477644
