,BTC-USD,ETH-USD+,XRP-USD+,cash
current,0.12728941680292835,0.08666455047588636,0.05117598206094197,0.7348700506602434
target,0.150567542855815,0.11143282905075937,0.05591228431909595,0.6820873437743297
change,0.02327812605288665,0.024768278574873,0.004736302258153982,-0.05278270688591369
