,BTC-USD,ETH-USD+,XRP-USD+,cash
current,0.1460788822847683,0.10742612040748314,0.05423560403869328,0.6922593932690553
target,0.08444444444444449,0.05944444444444445,0.01338763807452592,0.842723473036585
change,-0.061634437840323825,-0.04798167596303869,-0.04084796596416736,0.15046407976752973
