,BTC-USD,ETH-USD+,XRP-USD+,cash
current,0.08935495446303848,0.16341659994765775,0.15078763484827237,0.5964408107410314
target,0.08997756818861205,0.17122299347223152,0.1387938874756839,0.6000055508634725
change,0.0006226137255735675,0.007806393524573768,-0.011993747372588459,0.0035647401224411235
