,BTC-USD,ETH-USD+,XRP-USD+,cash
current,0.04568669326444883,0.09723185377583518,0.05021344370799384,0.8068680092517222
target,0.11505801009789195,0.14250873798097102,0.07833333333333325,0.6640999185878037
change,0.06937131683344311,0.04527688420513584,0.028119889625339414,-0.1427680906639185
