,BTC-USD,ETH-USD+,XRP-USD+,cash
current,0.03709697018174278,0.060987657016415814,0.037262142913880476,0.8646532298879609
target,0.04057511904446513,0.061725550783768623,0.05356080936468583,0.8441385208070804
change,0.0034781488627223522,0.0007378937673528096,0.016298666450805355,-0.02051470908088049
