,,net perf/dd,Sharpe,perf,net perf,dd,vol,occ,VaR robust 0.02,VaR sample 0.02
folio_btc_eth_xlm,return,11.79174358743827,7.23200426993488,6.845180490867892,6.845180490867892,0.5805062194669882,0.9465122302713366,0.6393664218153534,-0.06354912040599335,-0.060315956329157004
folio_btc_eth_xrp,return,11.257073864075213,6.977762318347652,6.534801391094201,6.534801391094201,0.5805062194669224,0.9365181978055188,0.6498924052428968,-0.06439625400131684,-0.06160597635685372
folio_equal-weight_btc_eth_xrp,return,6.138004299738425,3.292262791172696,5.712906028979513,5.712906028979513,0.9307432432432432,1.7352521324534333,1.0000000000000002,-0.1562399667327305,-0.15016176040335039
