year,Jan,Feb,Mar,Apr,May,Jun,Jul,Aug,Sep,Oct,Nov,Dec,Year
2010,,,,,,,,-0.004017341762004523,-0.011637176491355872,-0.0053362400225372975,-0.011319724296476208,-0.0033317116896154353,-0.03516959011882925
2011,-0.009184692281457019,-0.006814660193229072,-0.004128020475905547,-0.005333870192383183,-0.00906523267555237,-0.003448148529709094,-0.0006403557159440076,-0.004521053660834884,-0.014271214385982334,-0.012149199625657192,-0.011260129895517057,-0.0041053582926735555,-0.08177958877425384
2012,-0.005791898641115734,-0.004984130553502775,-0.003684399996888854,-0.004991332892670841,-0.0062600055861009585,0.0,0.0,-0.005452955064107257,-0.003155324740090726,-0.004779728557959606,-0.006805508019963713,0.0,-0.044984965257440335
2013,0.0,0.0,0.0,-0.005444242783928854,-0.0002797473012665641,-0.003204028896971578,-0.005850930040969149,-0.0010537516463399177,-0.0012162585474601029,-0.0030750970156823154,-0.00616964066648662,-0.004402601328745925,-0.03029987370281062
2014,-0.0024138137414744243,-0.009300268184336491,-0.005852324371977136,-0.023998660126665516,0.37246452026179533,0.022156100526295575,-0.08514046445483137,-0.10860437795556965,-0.08620259808996422,-0.03801150948706489,-0.005210946728279042,-0.09573574559736597,-0.13247257944026902
2015,-0.011407280272917375,0.08107771313428991,-0.04362881409164154,-0.013110883223326875,9.290734044720139e-05,0.10351528998237547,0.07914787157416336,-0.12175505029692735,0.011686146494858995,0.35380360284686274,0.07364666277880327,0.10997138059571543,0.7221029665562873
2016,-0.13625645770739092,0.11205449584046034,-0.1242516063880641,-0.05479075545270928,0.4031745057417151,0.3142418385232495,0.009195420828735479,-0.048292872038148915,0.06009396157199465,0.06350879572202994,-0.009224415326180346,0.3139258217652581,1.0668804209510396
2017,0.11218397959352244,0.4118774254613724,1.0135487277201296,0.32450249574677836,0.8836662562322082,0.33366381611880813,0.05744546604164591,0.6419083613447918,-0.14066945253958107,0.31230313685607713,0.4596859540608935,2.3664745726641905,100.22201056826835
2018,0.581169537307249,-0.049174665881338564,-0.12309568730893206,0.19480024964057985,-0.174125279943543,,,,,,,,0.3008908727653463
