,BTC-USD,ETH-USD+,XRP-USD+,cash
current,0.08486201671398363,0.060281201838684205,0.013451260119524874,0.8414055213278072
target,0.07909223997701315,0.036788216207395065,0.02225439988633093,0.8618651439292607
change,-0.005769776736970489,-0.02349298563128914,0.008803139766806056,0.02045962260145351
