,BTC-USD,ETH-USD+,XRP-USD+,cash
current,0.08898700792387794,0.16725395417448702,0.14977425585476012,0.5939847820468749
target,0.08997756818861205,0.17122299347223152,0.1387938874756839,0.6000055508634725
change,0.000990560264734111,0.003969039297744503,-0.010980368379076205,0.0060207688165976325
