,net perf/dd,Sharpe,perf,net perf,dd,vol,occ,VaR robust 0.02,VaR sample 0.02
folio_btc_eth_xlm,11.188545011262008,6.902901695571986,6.495019965823939,6.495019965823939,0.5805062194669882,0.9409115546278617,0.6349338278566972,-0.056975173744335306,-0.054791624669607464
folio_btc_eth_xlm_rep,9.320854866815884,6.042622391198093,5.990135656369626,5.990135656369626,0.6426594708276934,0.9913139144843931,0.6619795616642618,-0.07872518273227694,-0.0732110243295262
folio_btc_eth_xrp,10.706473592707678,6.674929528363069,6.215174509125177,6.215174509125177,0.5805062194669228,0.9311221163782623,0.64559872131273,-0.05126177586387438,-0.04921173319964811
folio_equal-weight_btc_eth_xrp,5.820665596970404,3.140016306408203,5.417545175558603,5.417545175558603,0.9307432432432433,1.7253238986378439,0.9999999999999998,-0.1556475813395683,-0.14901315023265904
