,net perf/dd,Sharpe,perf,net perf,dd,vol,occ,VaR robust 0.02,VaR sample 0.02
folio_btc_eth_xlm,11.075250645618704,6.840439640321585,6.429251881937434,6.429251881937434,0.5805062194669882,0.9398886942938042,0.634153671728635,-0.021977058196835528,-0.021232767790338718
folio_btc_eth_xlm_rep,9.206373484873028,5.974734532603406,5.916563112030607,5.916563112030607,0.6426594708276934,0.9902637648157647,0.6613845178621257,-0.03253285845012176,-0.030430467797298813
folio_btc_eth_xrp,10.607515878501967,6.620546446897713,6.157728940564532,6.157728940564532,0.5805062194669228,0.9300937603798475,0.6447139020282844,-0.02099805240522595,-0.02037726074296136
folio_equal-weight_btc_eth_xrp,5.717879452220015,3.0878095155614735,5.321877665833156,5.321877665833156,0.9307432432432433,1.723512295370801,1.0,-0.15575299816174012,-0.1490611095535562
