,net perf/dd,Sharpe,perf,net perf,dd,vol,occ,VaR robust 0.02,VaR sample 0.02
folio_btc_eth_xlm,11.252041763771404,6.934958122956401,6.531880225571603,6.531880225571603,0.5805062194669885,0.9418773855244329,0.6357977246243453,-0.021490722942903513,-0.0204756443339515
folio_btc_eth_xlm_rep,9.351964872223075,6.05648783189601,6.010128795982055,6.010128795982055,0.642659470827693,0.9923455578215136,0.6626955576029818,-0.030143077593666048,-0.02844915507084119
folio_btc_eth_xrp,10.726669876600242,6.680814442866264,6.22689857753493,6.22689857753493,0.5805062194669228,0.9320568069637044,0.6464929131094512,-0.024534797699217646,-0.02353585085143607
folio_equal-weight_btc_eth_xrp,5.766308618200859,3.1078490156543324,5.366952784845731,5.366952784845731,0.9307432432432431,1.7269026770001448,0.9999999999999998,-0.15579798263379918,-0.1491863227282292
