,,net perf/dd,Sharpe,perf,net perf,dd,vol,occ,VaR robust 0.02,VaR sample 0.02
folio_btc_eth_xrp,return,11.929763674273088,7.383625108823331,6.929666700187502,6.9253020096860975,0.5805062194669228,0.9379270896907342,0.9999999999997792,-0.1578447602772496,-0.15073650340107422
folio_equal-weight_btc_eth_xrp,return,6.549956173243838,3.5036922852248127,6.1006921422874765,6.096327451786072,0.9307432432432432,1.7399722793849473,1.0,-0.15771275119098546,-0.1507365034010742
