,net perf/dd,Sharpe,perf,net perf,dd,vol,occ,VaR robust 0.02,VaR sample 0.02
folio_btc_eth_xlm,11.41788242336462,7.027701533996864,6.628151759905974,6.628151759905974,0.5805062194669885,0.943146450918832,0.6371704263046167,-0.053927000905055866,-0.051589283431827705
folio_btc_eth_xrp,10.884962462637485,6.7703275776313685,6.318788408225048,6.318788408225048,0.5805062194669224,0.9333061562784392,0.6478588442423794,-0.05256776080081044,-0.05043442979598384
folio_equal-weight_btc_eth_xrp,5.9412538193611235,3.198448123226752,5.529781848763477,5.529781848763477,0.9307432432432431,1.7288952753702196,1.0,-0.1563735481030182,-0.1496729492688782
