year,Jan,Feb,Mar,Apr,May,Jun,Jul,Aug,Sep,Oct,Nov,Dec,Year
2010,,,,,,,,-0.09026363392347148,-0.05883493458990963,2.0429728204100135,0.025394827075380766,0.015808037258806085,1.713827220981357
2011,0.4409208594376721,0.6866545782550195,-0.04574366665506391,2.521315548972435,1.0156722182238194,0.5231973816294844,-0.003566088607609208,-0.12813010137698644,-0.21055816873437438,0.0026915385175965145,-0.1905012507329027,0.36184255713370117,18.008293104988077
2012,0.2831745449589722,-0.07107973938701573,-0.022719117612444606,-0.010109059139973398,0.03227788139306953,0.26944971536972506,0.4275037369203001,0.11865525494320184,0.04878707153678552,-0.06286062712769414,0.1286329940804507,0.07478122513914531,1.8768743394517857
2013,0.510732790524927,0.6354728564421455,1.7112042327354722,1.063110876706193,0.002551306504745998,-0.06069391656761991,0.13279237893760798,0.3468591968040069,-0.013187317418026923,0.4671632035387847,3.165658274717946,-0.1528439433683677,100.4523859032928
2014,-0.0008897776210752273,0.5329522490115186,-0.1543158475216556,-0.043010930875893694,0.32633052336521096,0.024334744879091597,-0.07073998609539722,-0.1629367436633562,-0.1302079435961656,-0.06973651132144776,-0.014391222178862129,-0.09432840510331941,-0.053886763981664254
2015,0.0016092780696606024,0.051794609943657255,-0.03168789180514808,-0.057673558353039445,-0.015083559748482078,0.07079233620884895,0.08869655478402305,-0.17460470851135645,0.0018037386006555245,0.357137706761423,0.0582808769847154,0.11130103846401362,0.4566617969428406
2016,0.6431760149515775,0.6241645649849299,0.23981069792561804,-0.15869001708875208,0.2003416414747603,0.049151158556788976,-0.04743871640211916,-0.07766494401058566,0.013076606410422409,-0.013957260470678134,-0.05598577124426907,0.1624406414985624,2.3762723383217135
2017,0.047593649663408844,0.33145972725473527,1.9624804479168394,0.7401098160865549,2.1911856112413117,0.057804280832449484,-0.050733854728331806,0.5098324034605322,-0.25867418339242254,0.2210404207561394,0.4137680166263733,2.0881744680294907,136.48214748740963
2018,0.0512583344253108,-0.04885735620887688,-0.11903510863465849,0.1856125257267902,-0.16710517882522435,,,,,,,,-0.13014543507159126
