,net perf/dd,Sharpe,perf,net perf,dd,vol,occ,VaR robust 0.02,VaR sample 0.02
folio_btc_eth_xlm,11.723379337152558,7.194325643532653,6.805494618387842,6.805494618387842,0.5805062194669885,0.9459530963135716,0.6391372157306303,-0.05294702973034459,-0.050376858900235987
folio_btc_eth_xrp,11.215821781393501,6.956317236634284,6.510854300531504,6.510854300531504,0.5805062194669224,0.9359628204192839,0.649661750174118,-0.05609170598227567,-0.053642895661350866
folio_equal-weight_btc_eth_xrp,6.095063101408067,3.2711797775409996,5.672938798776764,5.672938798776764,0.9307432432432431,1.7342179838985208,1.0,-0.15607415449438372,-0.15007965426081848
