,net perf/dd,Sharpe,perf,net perf,dd,vol,occ,VaR robust 0.02,VaR sample 0.02
folio_btc_eth_xlm,11.144940922417973,6.8782024236626205,6.469707521055786,6.469707521055786,0.5805062194669882,0.9406102237989512,0.6346603440682511,-0.04313778057344857,-0.041676464969787747
folio_btc_eth_xlm_rep,9.28516782295289,6.021519247005033,5.9672010396452295,5.9672010396452295,0.6426594708276934,0.9909793184856429,0.6618030470164663,-0.06650138541163135,-0.06135259421480511
folio_btc_eth_xrp,10.670893038797832,6.65488449042072,6.194519776288429,6.194519776288429,0.5805062194669224,0.9308230346003816,0.6452870118993084,-0.041109334462447786,-0.03951891267722169
folio_equal-weight_btc_eth_xrp,5.77756590117553,3.1178148491339623,5.377430424911684,5.377430424911684,0.9307432432432433,1.7247433491457573,1.0,-0.15553753082976116,-0.1489056174457194
