year,Jan,Feb,Mar,Apr,May,Jun,Jul,Aug,Sep,Oct,Nov,Dec
2010,,,,,,,,-0.0902636339235,-0.0588349345899,2.04297282041,0.0253948270754,0.0158080372588
2011,0.440920859438,0.686654578255,-0.0457436666551,2.52131554897,1.01567221822,0.523197381629,-0.00356608860761,-0.128130101377,-0.210558168734,0.0026915385176,-0.190501250733,0.361842557134
2012,0.283174544959,-0.071079739387,-0.0227191176124,-0.01010905914,0.0322778813931,0.26944971537,0.42750373692,0.118655254943,0.0487870715368,-0.0628606271277,0.12863299408,0.0747812251391
2013,0.510732790525,0.635472856442,1.71120423274,1.06311087671,0.00255130650475,-0.0606939165676,0.132792378938,0.346859196804,-0.013187317418,0.467163203539,3.16565827472,-0.152843943368
2014,-0.000889777621075,0.532952249012,-0.154315847522,-0.0430109308759,0.326330523365,0.0243347448791,-0.0707399860954,-0.162936743663,-0.130207943596,-0.0697365113214,-0.0143912221789,-0.0943284051033
2015,0.00160927806966,0.0517946099437,-0.0316878918051,-0.057673558353,-0.0150835597485,0.0707923362088,0.088696554784,-0.174604708511,0.00180373860066,0.357137706761,0.0582808769847,0.111301038464
2016,0.643176014952,0.624164564985,0.239810697926,-0.158690017089,0.200341641475,0.0491511585568,-0.0474387164021,-0.0776649440106,0.0130766064104,-0.0139572604707,-0.0559857712443,0.162440641499
2017,0.0475936496634,0.331459727255,1.96248044792,0.740109816087,2.19118561124,0.0578042808325,-0.0507338547283,0.509832403461,-0.258674183392,0.221040420756,0.413768016626,2.08817446803
2018,0.0512583344253,-0.0488573562089,-0.119035108635,0.185612525727,,,,,,,,
