,,net perf/dd,Sharpe,perf,net perf,dd,vol,occ,VaR robust 0.02,VaR sample 0.02
folio_btc_eth_xrp,return,11.770270297778959,7.286261828712698,6.837038882898829,6.832715112667476,0.5805062194669228,0.9377531679882889,0.9999999999997794,-0.14309411391731774,-0.1370405588215262
folio_equal-weight_btc_eth_xrp,return,6.461606825838314,3.4583112733055232,6.018420663874784,6.01409689364343,0.9307432432432431,1.7390270621577206,1.0,-0.15749244141568086,-0.15065439725854224
