,net perf/dd,Sharpe,perf,net perf,dd,vol,occ,VaR robust 0.02,VaR sample 0.02
CRC3,10.352528658909552,6.490290710077505,6.009707273706557,6.009707273706557,0.5805062194669228,0.9259534806931307,0.6417436367229176,-0.086647152728885,-0.0834515564665033
CRC3b,10.789037755802736,6.68893013814697,6.263103519307645,6.263103519307645,0.5805062194669882,0.9363386057194952,0.6332732323312164,-0.09992206376017645,-0.09628858949868548
CRC4,8.958176753212092,5.837201058604097,5.757057131800227,5.757057131800227,0.6426594708276934,0.9862701445437215,0.6603327207910904,-0.12152989541954473,-0.11619341952540153
folio_equal-weight_btc_eth_xrp,5.585196395499645,3.0293475122623255,5.198383807297812,5.198383807297812,0.9307432432432433,1.7160077496079822,0.9999999999999998,-0.1551950894986671,-0.14854106256165198
