,BTC-USD,ETH-USD+,XRP-USD+,cash
current,0.2401345919846611,0.29917884663929206,0.19134496968145004,0.2693415916945968
target,0.21085568183904524,0.29388888888888953,0.2244444444444448,0.27081098482762045
change,-0.029278910145615872,-0.00528995775040253,0.03309947476299477,0.0014693931330236332
