,net perf/dd,Sharpe,perf,net perf,dd,vol,occ,VaR robust 0.02,VaR sample 0.02
folio_btc_eth_xlm,11.260284453319844,6.938880835070553,6.536665158119609,6.536665158119609,0.5805062194669885,0.9420345028959047,0.6360436259238876,-0.020154028606357215,-0.019323890731935505
folio_btc_eth_xlm_rep,9.354688980326857,6.05720665676491,6.0118794698545095,6.0118794698545095,0.642659470827693,0.9925168168301179,0.6629232004866479,-0.030951455572045653,-0.028730650990578935
folio_btc_eth_xrp,10.735887506467911,6.685449199117015,6.232249469001856,6.232249469001856,0.5805062194669228,0.9322110277683339,0.6467389897633767,-0.021511541263450177,-0.020674351625553818
folio_equal-weight_btc_eth_xrp,5.772985947277305,3.1109500269152326,5.373167663766544,5.373167663766544,0.9307432432432431,1.7271790344682876,1.0,-0.15584910353576015,-0.14923886956381793
