,BTC-USD,ETH-USD+,XRP-USD+,cash
current,0.2123369276813514,0.3005555555555555,0.2058333333333332,0.2812741834297599
target,0.20514309647873244,0.30166666666666675,0.20583333333333328,0.2873569035212676
change,-0.007193831202618961,0.0011111111111112293,8.326672684688674e-17,0.006082720091507676
