,BTC-USD,ETH-USD+,XRP-USD+,cash
current,0.07333175098879292,0.07583439582741607,0.03382437931552862,0.8170094738682624
target,0.1260972114252585,0.0994620820270985,0.07090385542630387,0.7035368511213391
change,0.052765460436465586,0.023627686199682432,0.03707947611077525,-0.11347262274692327
