,net perf/dd,Sharpe,perf,net perf,dd,vol,occ,VaR robust 0.02,VaR sample 0.02
folio_btc_eth_xlm,11.142483864276375,6.8802847881120766,6.468281183522996,6.468281183522996,0.5805062194669882,0.9401182338700644,0.6344877635389099,-0.05754571524670768,-0.05537137241166641
folio_btc_eth_xlm_rep,9.267349054260832,6.012962165538357,5.955749639186791,5.955749639186791,0.6426594708276934,0.9904851344850523,0.6616839274253321,-0.0675531212595517,-0.06396663554364734
folio_btc_eth_xrp,10.660577767820913,6.651884346918291,6.188531697330845,6.188531697330845,0.5805062194669228,0.9303426479743127,0.6451053629037015,-0.048908391881527194,-0.046941222638969715
folio_equal-weight_btc_eth_xrp,5.787314941454961,3.1246690136156983,5.3865042782798715,5.3865042782798715,0.9307432432432433,1.7238639532085671,0.9999999999999998,-0.1558808552886694,-0.14920526548680224
