,net perf/dd,Sharpe,perf,net perf,dd,vol,occ,VaR robust 0.02,VaR sample 0.02
CRC3,10.589597602902721,6.617169501707994,6.147327270137047,6.147327270137047,0.5805062194669228,0.928996494430183,0.6435873908502722,-0.06909095951796593,-0.06655897581579384
CRC3b,11.114305892640976,6.872437599142684,6.451923695736682,6.451923695736682,0.5805062194669882,0.9388115355956874,0.6331474083726863,-0.10505350029229832,-0.09977623905863028
CRC4,9.231283072838455,5.997806484583665,5.932571494651005,5.932571494651005,0.6426594708276934,0.9891235253921019,0.6603725336398205,-0.10842760642452551,-0.10312223738845525
folio_equal-weight_btc_eth_xrp,5.808581847398937,3.1399289615153094,5.406298307291917,5.406298307291917,0.9307432432432433,1.7217900065748215,0.9999999999999998,-0.15550288877267698,-0.1487665130295081
