,net perf/dd,Sharpe,perf,net perf,dd,vol,occ,VaR robust 0.02,VaR sample 0.02
folio_btc_eth_xlm,11.397466148739282,7.016192040070934,6.616299985507618,6.616299985507618,0.5805062194669885,0.9430044029183566,0.637025202192146,-0.04756674301737305,-0.04576457549163449
folio_btc_eth_xrp,10.867662214618218,6.760591945175615,6.308745506651547,6.308745506651547,0.5805062194669228,0.9331646633625763,0.6477079207964045,-0.049513930352141494,-0.04752799998060174
folio_equal-weight_btc_eth_xrp,5.922285624422557,3.1886819461552274,5.512127329487885,5.512127329487885,0.9307432432432431,1.7286538521454504,1.0,-0.1563408988756106,-0.14965402379720588
