,BTC-USD,ETH-USD+,XRP-USD+,cash
current,0.03625647103831023,0.11528839612917949,0.11243674706842925,0.7360183857640811
target,0.028034323251327486,0.08444444444444411,0.06833333333333312,0.8191878989708952
change,-0.008222147786982742,-0.030843951684735374,-0.04410341373509613,0.0831695132068141
