,net perf/dd,Sharpe,perf,net perf,dd,vol,occ,VaR robust 0.02,VaR sample 0.02
CRC3,10.569647257226526,6.6035404966507505,6.135745970391496,6.135745970391496,0.5805062194669224,0.9291600427836378,0.6437610751957166,-0.04326732049217676,-0.041384089851804945
CRC3b,11.04348620430168,6.827614725163303,6.410812426195007,6.410812426195007,0.5805062194669882,0.9389534536223664,0.6332709268138381,-0.060076528369209924,-0.057310181331256746
CRC4,9.176501361469208,5.961280601627574,5.89736550901141,5.89736550901141,0.6426594708276934,0.9892782949021535,0.6605148274087093,-0.05831667650907301,-0.05548902408412118
folio_equal-weight_btc_eth_xrp,5.745102795199479,3.1052102585816805,5.347215608369786,5.347215608369786,0.9307432432432433,1.7220140225905836,1.0,-0.1556961065658406,-0.14904060445580936
