,net perf/dd,Sharpe,perf,net perf,dd,vol,occ,VaR robust 0.02,VaR sample 0.02
folio_btc_eth_xlm,11.299489449559143,6.960924945859146,6.5594239022707015,6.5594239022707015,0.5805062194669885,0.9423207337083435,0.6365094900315559,-0.026762161734521492,-0.025900652642670656
folio_btc_eth_xlm_rep,9.381301723237366,6.0724744174882765,6.0289824011306505,6.0289824011306505,0.642659470827693,0.9928378428022072,0.6633381891638134,-0.037248538176782045,-0.034780622899504024
folio_btc_eth_xrp,10.775666428994427,6.708202761151964,6.255341380932191,6.255341380932191,0.5805062194669228,0.9324913995083229,0.6472084074229187,-0.026532413534843736,-0.025543946802045595
folio_equal-weight_btc_eth_xrp,5.82034165336848,3.135601054793019,5.417243667239919,5.417243667239919,0.9307432432432431,1.72765717722898,1.0,-0.15603312081235057,-0.14941554217847963
