,BTC-USD,ETH-USD+,XRP-USD+,cash
current,0.11661171777533705,0.1553777601905224,0.13033971724657625,0.5976708047875642
target,0.1250093057465878,0.15773951312969828,0.13444444444444476,0.5828067366792692
change,0.008397587971250758,0.0023617529391758707,0.004104727197868502,-0.014864068108294992
