,,net perf/dd,Sharpe,perf,net perf,dd,vol,occ,VaR robust 0.02,VaR sample 0.02
folio_btc_eth_xrp,return,11.513709947950476,7.133136674578316,6.68811822816902,6.683780233923426,0.5805062194669224,0.937004369724704,0.9999999999997802,-0.11221578967992937,-0.10722699966846105
folio_equal-weight_btc_eth_xrp,return,6.315427662185481,3.384476809426127,5.882379619016202,5.878041624770608,0.9307432432432432,1.7367652242141647,1.0,-0.1566867902051152,-0.15036702575968033
