,net perf/dd,Sharpe,perf,net perf,dd,vol,occ,VaR robust 0.02,VaR sample 0.02
CRC3,10.509526196238602,6.579757850658762,6.1008453205670605,6.1008453205670605,0.5805062194669228,0.9272142621413108,0.6428073307550934,-0.06626890147638224,-0.06463401054022143
CRC3b,11.08854292459785,6.867659321855425,6.436968132555719,6.436968132555719,0.5805062194669882,0.9372870480151676,0.6336517420597513,-0.129716343239265,-0.12424578295356414
CRC4,9.191299154886087,5.982411492935771,5.906875451098118,5.906875451098118,0.6426594708276934,0.9873736465759922,0.6607793786036272,-0.12489750950027668,-0.12092562442518212
folio_equal-weight_btc_eth_xrp,5.730701090885229,3.103988882730409,5.3338113193881105,5.3338113193881105,0.9307432432432433,1.7183732032881023,1.0,-0.15452203639596418,-0.14731425013582233
