,net perf/dd,Sharpe,perf,net perf,dd,vol,occ,VaR robust 0.02,VaR sample 0.02
folio_btc_eth_xlm,11.36013040008005,6.995353100852232,6.5946263512024785,6.5946263512024785,0.5805062194669885,0.9427152934423091,0.6367107754917546,-0.03541353549655153,-0.03473445356956169
folio_btc_eth_xrp,10.836434158574082,6.7432882366505575,6.290617425896065,6.290617425896065,0.5805062194669228,0.9328709088402638,0.6474011684810737,-0.039466892231364396,-0.0376524782659633
folio_equal-weight_btc_eth_xrp,5.893373006523663,3.1741052819679982,5.485217105734017,5.485217105734017,0.9307432432432431,1.72811441917046,1.0,-0.1563651764072875,-0.14966341389942472
