,BTC-USD,ETH-USD+,XRP-USD+,cash
current,0.21206578814361296,0.2929003323484806,0.22496676957647777,0.27006710993142863
target,0.2538888888888886,0.34916666666666624,0.2452777777777776,0.1516666666666677
change,0.04182310074527565,0.05626633431818562,0.02031100820129983,-0.11840044326476093
