,,net perf/dd,Sharpe,perf,net perf,dd,vol,occ,VaR robust 0.02,VaR sample 0.02
folio_btc_eth_xrp,return,11.431266201124208,7.086663330021048,6.640332360168281,6.635921126134622,0.5805062194669224,0.9363957079805161,0.9999999999997805,-0.10435059599277441,-0.09995326166922652
folio_equal-weight_btc_eth_xrp,return,6.2732478874710536,3.3645017917283395,5.843194318487291,5.838783084453632,0.9307432432432431,1.735407928391757,1.0,-0.15648656915081777,-0.15024386654588243
