,net perf/dd,Sharpe,perf,net perf,dd,vol,occ,VaR robust 0.02,VaR sample 0.02
folio_btc_eth_xlm,11.479423167272273,7.058498711043927,6.663876544494991,6.663876544494991,0.5805062194669885,0.9440926204418655,0.6379990107022059,-0.026157461557148976,-0.02453012232125028
folio_btc_eth_xrp,10.953047635767534,6.805567773265491,6.358312274680529,6.358312274680529,0.5805062194669228,0.9342809426802083,0.6486804940122137,-0.028857277935468696,-0.027464475399775902
folio_equal-weight_btc_eth_xrp,5.910438131689844,3.1784893904713667,5.50110035567754,5.50110035567754,0.9307432432432431,1.7307279276026566,1.0,-0.156324168963386,-0.14966969838476463
