,BTC-USD,ETH-USD+,XRP-USD+,cash
current,0.028608099848031462,0.08584709605989423,0.07072044202898882,0.8148243620630855
target,0.06320487303319526,0.09235237251480796,0.09005818574979065,0.7543845687022062
change,0.0345967731851638,0.006505276454913736,0.019337743720801825,-0.060439793360879346
