,BTC-USD,ETH-USD+,XRP-USD+,cash
current,0.11563905346967134,0.14486877522029612,0.07715147688411801,0.6623406944259146
target,0.04952615330026714,0.12985905598426756,0.06900056881585742,0.7516142218996078
change,-0.06611290016940419,-0.015009719236028563,-0.00815090806826059,0.08927352747369321
